bytes	path
1725	Certified-Deep-Research-Agents-for-AI-Native-DealTech/agents/acquisition-strategy-agent/05_ER_BRB/ER_BRB_case_result.md
472	Certified-Deep-Research-Agents-for-AI-Native-DealTech/agents/acquisition-strategy-agent/06_PCE/PCE_case_result.md
4662	Certified-Deep-Research-Agents-for-AI-Native-DealTech/agents/acquisition-strategy-agent/07_case_studies/case_001_acquisition_strategy/buyer_side/ER_BRB_case_result.md
4662	Certified-Deep-Research-Agents-for-AI-Native-DealTech/agents/acquisition-strategy-agent/07_case_studies/case_001_acquisition_strategy/buyer_side/ER_BRB_result.md
5027	Certified-Deep-Research-Agents-for-AI-Native-DealTech/agents/acquisition-strategy-agent/07_case_studies/case_001_acquisition_strategy/buyer_side/PCE_case_result.md
5027	Certified-Deep-Research-Agents-for-AI-Native-DealTech/agents/acquisition-strategy-agent/07_case_studies/case_001_acquisition_strategy/buyer_side/PCE_result.md
2557	Certified-Deep-Research-Agents-for-AI-Native-DealTech/agents/acquisition-strategy-agent/07_case_studies/case_001_acquisition_strategy/buyer_side/buyer_side_final_delivery_certificate.md
449	Certified-Deep-Research-Agents-for-AI-Native-DealTech/agents/acquisition-strategy-agent/07_case_studies/case_001_acquisition_strategy/buyer_side/buyer_side_scoped_claim_audit_result.md
2297	Certified-Deep-Research-Agents-for-AI-Native-DealTech/agents/acquisition-strategy-agent/07_case_studies/case_001_acquisition_strategy/buyer_side/buyer_side_scoped_claim_audit_sample.csv
20782	Certified-Deep-Research-Agents-for-AI-Native-DealTech/agents/acquisition-strategy-agent/07_case_studies/case_001_acquisition_strategy/buyer_side/certification_result.json
2699	Certified-Deep-Research-Agents-for-AI-Native-DealTech/agents/acquisition-strategy-agent/07_case_studies/case_001_acquisition_strategy/buyer_side/claim_to_evidence_map.csv
5855	Certified-Deep-Research-Agents-for-AI-Native-DealTech/agents/acquisition-strategy-agent/07_case_studies/case_001_acquisition_strategy/buyer_side/evidence_table.md
1522	Certified-Deep-Research-Agents-for-AI-Native-DealTech/agents/acquisition-strategy-agent/07_case_studies/case_001_acquisition_strategy/buyer_side/final_output.md
358	Certified-Deep-Research-Agents-for-AI-Native-DealTech/agents/acquisition-strategy-agent/07_case_studies/case_001_acquisition_strategy/buyer_side/input_setting.md
728	Certified-Deep-Research-Agents-for-AI-Native-DealTech/agents/acquisition-strategy-agent/07_case_studies/case_001_acquisition_strategy/buyer_side/limitations.md
1389	Certified-Deep-Research-Agents-for-AI-Native-DealTech/agents/acquisition-strategy-agent/07_case_studies/case_001_acquisition_strategy/buyer_side/research_trace.md
4004	Certified-Deep-Research-Agents-for-AI-Native-DealTech/agents/acquisition-strategy-agent/07_case_studies/case_001_acquisition_strategy/buyer_side/source_registry.md
435	Certified-Deep-Research-Agents-for-AI-Native-DealTech/agents/acquisition-strategy-agent/07_case_studies/case_001_acquisition_strategy/buyer_side/supporting_files/buyer_profile.md
1433	Certified-Deep-Research-Agents-for-AI-Native-DealTech/agents/acquisition-strategy-agent/07_case_studies/case_001_acquisition_strategy/buyer_side/supporting_files/buyer_side_ER_BRB_scoring.csv
5150	Certified-Deep-Research-Agents-for-AI-Native-DealTech/agents/acquisition-strategy-agent/07_case_studies/case_001_acquisition_strategy/buyer_side/supporting_files/buyer_side_PCE_audit.csv
722	Certified-Deep-Research-Agents-for-AI-Native-DealTech/agents/acquisition-strategy-agent/07_case_studies/case_001_acquisition_strategy/buyer_side/supporting_files/buyer_side_calculation_sheet.csv
1056	Certified-Deep-Research-Agents-for-AI-Native-DealTech/agents/acquisition-strategy-agent/07_case_studies/case_001_acquisition_strategy/buyer_side/supporting_files/integration_risk_matrix.csv
2498	Certified-Deep-Research-Agents-for-AI-Native-DealTech/agents/acquisition-strategy-agent/07_case_studies/case_001_acquisition_strategy/buyer_side/supporting_files/strategic_rationale_table.csv
4227	Certified-Deep-Research-Agents-for-AI-Native-DealTech/agents/acquisition-strategy-agent/07_case_studies/case_001_acquisition_strategy/buyer_side/supporting_files/target_profile.md
3630	Certified-Deep-Research-Agents-for-AI-Native-DealTech/agents/acquisition-strategy-agent/07_case_studies/case_001_acquisition_strategy/buyer_side/supporting_files/transaction_context.md
531	Certified-Deep-Research-Agents-for-AI-Native-DealTech/agents/acquisition-strategy-agent/07_case_studies/case_001_acquisition_strategy/case_brief.md
1294	Certified-Deep-Research-Agents-for-AI-Native-DealTech/agents/acquisition-strategy-agent/07_case_studies/case_001_acquisition_strategy/shared_deal_context.md
2068	Certified-Deep-Research-Agents-for-AI-Native-DealTech/agents/acquisition-strategy-agent/07_case_studies/case_001_acquisition_strategy/source_replay_plan.md
2118	Certified-Deep-Research-Agents-for-AI-Native-DealTech/agents/acquisition-strategy-agent/07_case_studies/case_001_acquisition_strategy/target_side/ER_BRB_case_result.md
2118	Certified-Deep-Research-Agents-for-AI-Native-DealTech/agents/acquisition-strategy-agent/07_case_studies/case_001_acquisition_strategy/target_side/ER_BRB_result.md
2159	Certified-Deep-Research-Agents-for-AI-Native-DealTech/agents/acquisition-strategy-agent/07_case_studies/case_001_acquisition_strategy/target_side/PCE_case_result.md
2159	Certified-Deep-Research-Agents-for-AI-Native-DealTech/agents/acquisition-strategy-agent/07_case_studies/case_001_acquisition_strategy/target_side/PCE_result.md
9520	Certified-Deep-Research-Agents-for-AI-Native-DealTech/agents/acquisition-strategy-agent/07_case_studies/case_001_acquisition_strategy/target_side/certification_result.json
1173	Certified-Deep-Research-Agents-for-AI-Native-DealTech/agents/acquisition-strategy-agent/07_case_studies/case_001_acquisition_strategy/target_side/claim_to_evidence_map.csv
2283	Certified-Deep-Research-Agents-for-AI-Native-DealTech/agents/acquisition-strategy-agent/07_case_studies/case_001_acquisition_strategy/target_side/evidence_table.md
1703	Certified-Deep-Research-Agents-for-AI-Native-DealTech/agents/acquisition-strategy-agent/07_case_studies/case_001_acquisition_strategy/target_side/final_output.md
371	Certified-Deep-Research-Agents-for-AI-Native-DealTech/agents/acquisition-strategy-agent/07_case_studies/case_001_acquisition_strategy/target_side/input_setting.md
738	Certified-Deep-Research-Agents-for-AI-Native-DealTech/agents/acquisition-strategy-agent/07_case_studies/case_001_acquisition_strategy/target_side/limitations.md
1329	Certified-Deep-Research-Agents-for-AI-Native-DealTech/agents/acquisition-strategy-agent/07_case_studies/case_001_acquisition_strategy/target_side/research_trace.md
2371	Certified-Deep-Research-Agents-for-AI-Native-DealTech/agents/acquisition-strategy-agent/07_case_studies/case_001_acquisition_strategy/target_side/source_registry.md
437	Certified-Deep-Research-Agents-for-AI-Native-DealTech/agents/acquisition-strategy-agent/07_case_studies/case_001_acquisition_strategy/target_side/supporting_files/offer_attractiveness_matrix.csv
1426	Certified-Deep-Research-Agents-for-AI-Native-DealTech/agents/acquisition-strategy-agent/07_case_studies/case_001_acquisition_strategy/target_side/supporting_files/strategic_alternatives_table.csv
627	Certified-Deep-Research-Agents-for-AI-Native-DealTech/agents/acquisition-strategy-agent/07_case_studies/case_001_acquisition_strategy/target_side/supporting_files/target_side_ER_BRB_scoring.csv
2256	Certified-Deep-Research-Agents-for-AI-Native-DealTech/agents/acquisition-strategy-agent/07_case_studies/case_001_acquisition_strategy/target_side/supporting_files/target_side_PCE_audit.csv
695	Certified-Deep-Research-Agents-for-AI-Native-DealTech/agents/acquisition-strategy-agent/07_case_studies/case_001_acquisition_strategy/target_side/supporting_files/target_side_calculation_sheet.csv
1008	Certified-Deep-Research-Agents-for-AI-Native-DealTech/agents/acquisition-strategy-agent/07_case_studies/case_001_acquisition_strategy/target_side/supporting_files/target_side_risk_matrix.csv
339	Certified-Deep-Research-Agents-for-AI-Native-DealTech/agents/acquisition-strategy-agent/07_case_studies/case_001_acquisition_strategy/target_side/supporting_files/target_standalone_case.md
775	Certified-Deep-Research-Agents-for-AI-Native-DealTech/agents/acquisition-strategy-agent/07_case_studies/case_001_acquisition_strategy/target_side/supporting_files/target_transaction_context.md
1054	Certified-Deep-Research-Agents-for-AI-Native-DealTech/agents/acquisition-strategy-agent/07_case_studies/case_001_acquisition_strategy/target_side/target_side_final_delivery_certificate.md
466	Certified-Deep-Research-Agents-for-AI-Native-DealTech/agents/acquisition-strategy-agent/07_case_studies/case_001_acquisition_strategy/target_side/target_side_scoped_claim_audit_result.md
2170	Certified-Deep-Research-Agents-for-AI-Native-DealTech/agents/acquisition-strategy-agent/07_case_studies/case_001_acquisition_strategy/target_side/target_side_scoped_claim_audit_sample.csv
1365	Certified-Deep-Research-Agents-for-AI-Native-DealTech/agents/merger-strategy-agent/03_prompts/merger_case_prompt.md
666	Certified-Deep-Research-Agents-for-AI-Native-DealTech/agents/merger-strategy-agent/04_schemas/merger_case_schema.md
282	Certified-Deep-Research-Agents-for-AI-Native-DealTech/agents/merger-strategy-agent/05_ER_BRB/ER_BRB_case_result.md
388	Certified-Deep-Research-Agents-for-AI-Native-DealTech/agents/merger-strategy-agent/06_PCE/PCE_case_result.md
329	Certified-Deep-Research-Agents-for-AI-Native-DealTech/agents/merger-strategy-agent/07_case_studies/README.md
268	Certified-Deep-Research-Agents-for-AI-Native-DealTech/agents/merger-strategy-agent/07_case_studies/_framework_only_run/final_output.md
321	Certified-Deep-Research-Agents-for-AI-Native-DealTech/agents/merger-strategy-agent/07_case_studies/_framework_only_run/framework_status.json
268	Certified-Deep-Research-Agents-for-AI-Native-DealTech/agents/merger-strategy-agent/07_case_studies/_framework_only_run/framework_status.md
2496	Certified-Deep-Research-Agents-for-AI-Native-DealTech/agents/shell-company-screening-agent/03_prompts/case_study_generation_prompt.md
1719	Certified-Deep-Research-Agents-for-AI-Native-DealTech/agents/shell-company-screening-agent/05_ER_BRB/ER_BRB_case_result.md
1747	Certified-Deep-Research-Agents-for-AI-Native-DealTech/agents/shell-company-screening-agent/06_PCE/PCE_case_result.md
5571	Certified-Deep-Research-Agents-for-AI-Native-DealTech/agents/shell-company-screening-agent/07_case_studies/case_001_tonton_shell_company_screening/ER_BRB_case_result.md
5571	Certified-Deep-Research-Agents-for-AI-Native-DealTech/agents/shell-company-screening-agent/07_case_studies/case_001_tonton_shell_company_screening/ER_BRB_result.md
7141	Certified-Deep-Research-Agents-for-AI-Native-DealTech/agents/shell-company-screening-agent/07_case_studies/case_001_tonton_shell_company_screening/PCE_case_result.md
7141	Certified-Deep-Research-Agents-for-AI-Native-DealTech/agents/shell-company-screening-agent/07_case_studies/case_001_tonton_shell_company_screening/PCE_result.md
541	Certified-Deep-Research-Agents-for-AI-Native-DealTech/agents/shell-company-screening-agent/07_case_studies/case_001_tonton_shell_company_screening/case_brief.md
19332	Certified-Deep-Research-Agents-for-AI-Native-DealTech/agents/shell-company-screening-agent/07_case_studies/case_001_tonton_shell_company_screening/certification_result.json
839	Certified-Deep-Research-Agents-for-AI-Native-DealTech/agents/shell-company-screening-agent/07_case_studies/case_001_tonton_shell_company_screening/claim_to_evidence_map.csv
1187	Certified-Deep-Research-Agents-for-AI-Native-DealTech/agents/shell-company-screening-agent/07_case_studies/case_001_tonton_shell_company_screening/evidence_table.md
594	Certified-Deep-Research-Agents-for-AI-Native-DealTech/agents/shell-company-screening-agent/07_case_studies/case_001_tonton_shell_company_screening/final_delivery_certificate.md
1164	Certified-Deep-Research-Agents-for-AI-Native-DealTech/agents/shell-company-screening-agent/07_case_studies/case_001_tonton_shell_company_screening/final_output.md
2052	Certified-Deep-Research-Agents-for-AI-Native-DealTech/agents/shell-company-screening-agent/07_case_studies/case_001_tonton_shell_company_screening/input_setting.md
340	Certified-Deep-Research-Agents-for-AI-Native-DealTech/agents/shell-company-screening-agent/07_case_studies/case_001_tonton_shell_company_screening/limitations.md
16737	Certified-Deep-Research-Agents-for-AI-Native-DealTech/agents/shell-company-screening-agent/07_case_studies/case_001_tonton_shell_company_screening/research_trace.md
3804	Certified-Deep-Research-Agents-for-AI-Native-DealTech/agents/shell-company-screening-agent/07_case_studies/case_001_tonton_shell_company_screening/scoped_claim_audit_result.md
3364	Certified-Deep-Research-Agents-for-AI-Native-DealTech/agents/shell-company-screening-agent/07_case_studies/case_001_tonton_shell_company_screening/scoped_claim_audit_sample.csv
1326	Certified-Deep-Research-Agents-for-AI-Native-DealTech/agents/shell-company-screening-agent/07_case_studies/case_001_tonton_shell_company_screening/source_registry.md
11500	Certified-Deep-Research-Agents-for-AI-Native-DealTech/agents/shell-company-screening-agent/07_case_studies/case_001_tonton_shell_company_screening/supporting_files/delivery/delivery_manifest.json
10849	Certified-Deep-Research-Agents-for-AI-Native-DealTech/agents/shell-company-screening-agent/07_case_studies/case_001_tonton_shell_company_screening/supporting_files/delivery/final_delivery_certificate.md
1281	Certified-Deep-Research-Agents-for-AI-Native-DealTech/agents/shell-company-screening-agent/07_case_studies/case_001_tonton_shell_company_screening/supporting_files/delivery/final_delivery_gate.md
1535	Certified-Deep-Research-Agents-for-AI-Native-DealTech/agents/shell-company-screening-agent/07_case_studies/case_001_tonton_shell_company_screening/supporting_files/delivery/readiness_result.json
6243	Certified-Deep-Research-Agents-for-AI-Native-DealTech/agents/shell-company-screening-agent/07_case_studies/case_001_tonton_shell_company_screening/supporting_files/delivery/top_candidate_dd_review_pack.md
7939	Certified-Deep-Research-Agents-for-AI-Native-DealTech/agents/shell-company-screening-agent/07_case_studies/case_001_tonton_shell_company_screening/supporting_files/delivery/tuntun_hk_case_study.md
904	Certified-Deep-Research-Agents-for-AI-Native-DealTech/agents/shell-company-screening-agent/07_case_studies/case_001_tonton_shell_company_screening/supporting_files/pce_audit/certification_decision.md
2901	Certified-Deep-Research-Agents-for-AI-Native-DealTech/agents/shell-company-screening-agent/07_case_studies/case_001_tonton_shell_company_screening/supporting_files/pce_audit/certification_result.json
196	Certified-Deep-Research-Agents-for-AI-Native-DealTech/agents/shell-company-screening-agent/07_case_studies/case_001_tonton_shell_company_screening/supporting_files/pce_audit/final_delivery_gate.md
10825245	Certified-Deep-Research-Agents-for-AI-Native-DealTech/agents/shell-company-screening-agent/07_case_studies/case_001_tonton_shell_company_screening/supporting_files/pce_audit/pce_audit_current_run.csv
84443	Certified-Deep-Research-Agents-for-AI-Native-DealTech/agents/shell-company-screening-agent/07_case_studies/case_001_tonton_shell_company_screening/supporting_files/pce_audit/pce_audit_current_run.xlsx
3443	Certified-Deep-Research-Agents-for-AI-Native-DealTech/agents/shell-company-screening-agent/07_case_studies/case_001_tonton_shell_company_screening/supporting_files/pce_audit/trajectory_certification_report.md
419200	Certified-Deep-Research-Agents-for-AI-Native-DealTech/agents/shell-company-screening-agent/07_case_studies/case_001_tonton_shell_company_screening/supporting_files/trace/candidate_universe_table.csv
8293	Certified-Deep-Research-Agents-for-AI-Native-DealTech/agents/shell-company-screening-agent/07_case_studies/case_001_tonton_shell_company_screening/supporting_files/trace/certified_research_trace_definition.md
165473	Certified-Deep-Research-Agents-for-AI-Native-DealTech/agents/shell-company-screening-agent/07_case_studies/case_001_tonton_shell_company_screening/supporting_files/trace/claim_to_evidence_map.csv
252917	Certified-Deep-Research-Agents-for-AI-Native-DealTech/agents/shell-company-screening-agent/07_case_studies/case_001_tonton_shell_company_screening/supporting_files/trace/dd_evidence_table.csv
2202183	Certified-Deep-Research-Agents-for-AI-Native-DealTech/agents/shell-company-screening-agent/07_case_studies/case_001_tonton_shell_company_screening/supporting_files/trace/er_brb_scoring_table.csv
516544	Certified-Deep-Research-Agents-for-AI-Native-DealTech/agents/shell-company-screening-agent/07_case_studies/case_001_tonton_shell_company_screening/supporting_files/trace/exclusion_reason_table.csv
374753	Certified-Deep-Research-Agents-for-AI-Native-DealTech/agents/shell-company-screening-agent/07_case_studies/case_001_tonton_shell_company_screening/supporting_files/trace/financial_calculation_sheet.csv
663377	Certified-Deep-Research-Agents-for-AI-Native-DealTech/agents/shell-company-screening-agent/07_case_studies/case_001_tonton_shell_company_screening/supporting_files/trace/hard_filter_table.csv
212	Certified-Deep-Research-Agents-for-AI-Native-DealTech/agents/shell-company-screening-agent/07_case_studies/case_001_tonton_shell_company_screening/supporting_files/trace/human_review_checklist.csv
853	Certified-Deep-Research-Agents-for-AI-Native-DealTech/agents/shell-company-screening-agent/07_case_studies/case_001_tonton_shell_company_screening/supporting_files/trace/mandate_record.md
549	Certified-Deep-Research-Agents-for-AI-Native-DealTech/agents/shell-company-screening-agent/07_case_studies/case_001_tonton_shell_company_screening/supporting_files/trace/retrieval_log.csv
2831399	Certified-Deep-Research-Agents-for-AI-Native-DealTech/agents/shell-company-screening-agent/07_case_studies/case_001_tonton_shell_company_screening/supporting_files/trace/risk_matrix.csv
1322	Certified-Deep-Research-Agents-for-AI-Native-DealTech/agents/shell-company-screening-agent/07_case_studies/case_001_tonton_shell_company_screening/supporting_files/trace/source_inventory.csv
1765	Certified-Deep-Research-Agents-for-AI-Native-DealTech/agents/shell-company-screening-agent/07_case_studies/case_001_tonton_shell_company_screening/supporting_files/trace/workflow_pce_er_brb_map.csv
206	Certified-Deep-Research-Agents-for-AI-Native-DealTech/agents/shell-company-screening-agent/src/shell_company_screening_agent/mandate/case_profile.py
1365	Certified-Deep-Research-Agents-for-AI-Native-DealTech/agents/spac-target-acquisition-agent/05_ER_BRB/ER_BRB_case_result.md
1655	Certified-Deep-Research-Agents-for-AI-Native-DealTech/agents/spac-target-acquisition-agent/06_PCE/PCE_case_result.md
4008	Certified-Deep-Research-Agents-for-AI-Native-DealTech/agents/spac-target-acquisition-agent/07_case_studies/case_001_soren_spac_target_acquisition/ER_BRB_case_result.md
4008	Certified-Deep-Research-Agents-for-AI-Native-DealTech/agents/spac-target-acquisition-agent/07_case_studies/case_001_soren_spac_target_acquisition/ER_BRB_result.md
3436	Certified-Deep-Research-Agents-for-AI-Native-DealTech/agents/spac-target-acquisition-agent/07_case_studies/case_001_soren_spac_target_acquisition/PCE_case_result.md
3436	Certified-Deep-Research-Agents-for-AI-Native-DealTech/agents/spac-target-acquisition-agent/07_case_studies/case_001_soren_spac_target_acquisition/PCE_result.md
616	Certified-Deep-Research-Agents-for-AI-Native-DealTech/agents/spac-target-acquisition-agent/07_case_studies/case_001_soren_spac_target_acquisition/case_brief.md
15852	Certified-Deep-Research-Agents-for-AI-Native-DealTech/agents/spac-target-acquisition-agent/07_case_studies/case_001_soren_spac_target_acquisition/certification_result.json
2086	Certified-Deep-Research-Agents-for-AI-Native-DealTech/agents/spac-target-acquisition-agent/07_case_studies/case_001_soren_spac_target_acquisition/claim_to_evidence_map.csv
4315	Certified-Deep-Research-Agents-for-AI-Native-DealTech/agents/spac-target-acquisition-agent/07_case_studies/case_001_soren_spac_target_acquisition/evidence_table.md
1734	Certified-Deep-Research-Agents-for-AI-Native-DealTech/agents/spac-target-acquisition-agent/07_case_studies/case_001_soren_spac_target_acquisition/final_delivery_certificate.md
2633	Certified-Deep-Research-Agents-for-AI-Native-DealTech/agents/spac-target-acquisition-agent/07_case_studies/case_001_soren_spac_target_acquisition/final_output.md
535	Certified-Deep-Research-Agents-for-AI-Native-DealTech/agents/spac-target-acquisition-agent/07_case_studies/case_001_soren_spac_target_acquisition/input_setting.md
761	Certified-Deep-Research-Agents-for-AI-Native-DealTech/agents/spac-target-acquisition-agent/07_case_studies/case_001_soren_spac_target_acquisition/limitations.md
1928	Certified-Deep-Research-Agents-for-AI-Native-DealTech/agents/spac-target-acquisition-agent/07_case_studies/case_001_soren_spac_target_acquisition/research_trace.md
818	Certified-Deep-Research-Agents-for-AI-Native-DealTech/agents/spac-target-acquisition-agent/07_case_studies/case_001_soren_spac_target_acquisition/scoped_claim_audit_result.md
2539	Certified-Deep-Research-Agents-for-AI-Native-DealTech/agents/spac-target-acquisition-agent/07_case_studies/case_001_soren_spac_target_acquisition/scoped_claim_audit_sample.csv
3396	Certified-Deep-Research-Agents-for-AI-Native-DealTech/agents/spac-target-acquisition-agent/07_case_studies/case_001_soren_spac_target_acquisition/source_registry.md
4741	Certified-Deep-Research-Agents-for-AI-Native-DealTech/agents/spac-target-acquisition-agent/07_case_studies/case_001_soren_spac_target_acquisition/supporting_files/DD_evidence_table.csv
3008	Certified-Deep-Research-Agents-for-AI-Native-DealTech/agents/spac-target-acquisition-agent/07_case_studies/case_001_soren_spac_target_acquisition/supporting_files/ER_BRB_scoring.csv
3989	Certified-Deep-Research-Agents-for-AI-Native-DealTech/agents/spac-target-acquisition-agent/07_case_studies/case_001_soren_spac_target_acquisition/supporting_files/PCE_audit.csv
379	Certified-Deep-Research-Agents-for-AI-Native-DealTech/agents/spac-target-acquisition-agent/07_case_studies/case_001_soren_spac_target_acquisition/supporting_files/calculation_sheet.csv
5094	Certified-Deep-Research-Agents-for-AI-Native-DealTech/agents/spac-target-acquisition-agent/07_case_studies/case_001_soren_spac_target_acquisition/supporting_files/candidate_universe.csv
984	Certified-Deep-Research-Agents-for-AI-Native-DealTech/agents/spac-target-acquisition-agent/07_case_studies/case_001_soren_spac_target_acquisition/supporting_files/excluded_candidates.csv
2653	Certified-Deep-Research-Agents-for-AI-Native-DealTech/agents/spac-target-acquisition-agent/07_case_studies/case_001_soren_spac_target_acquisition/supporting_files/hard_filter_table.csv
3262	Certified-Deep-Research-Agents-for-AI-Native-DealTech/agents/spac-target-acquisition-agent/07_case_studies/case_001_soren_spac_target_acquisition/supporting_files/retained_candidates.csv
2250	Certified-Deep-Research-Agents-for-AI-Native-DealTech/agents/spac-target-acquisition-agent/07_case_studies/case_001_soren_spac_target_acquisition/supporting_files/risk_matrix.csv
396	Certified-Deep-Research-Agents-for-AI-Native-DealTech/docs/07_case_study_standard.md
1427	Certified-Deep-Research-Agents-for-AI-Native-DealTech/examples/sample_ER_BRB_tables/apple_darwinai_buyer_ER_BRB_result.md
1399	Certified-Deep-Research-Agents-for-AI-Native-DealTech/examples/sample_ER_BRB_tables/apple_darwinai_target_ER_BRB_result.md
1438	Certified-Deep-Research-Agents-for-AI-Native-DealTech/examples/sample_ER_BRB_tables/soren_spac_ER_BRB_result.md
1477	Certified-Deep-Research-Agents-for-AI-Native-DealTech/examples/sample_PCE_results/apple_darwinai_buyer_PCE_result.md
1449	Certified-Deep-Research-Agents-for-AI-Native-DealTech/examples/sample_PCE_results/apple_darwinai_target_PCE_result.md
1501	Certified-Deep-Research-Agents-for-AI-Native-DealTech/examples/sample_PCE_results/soren_spac_PCE_result.md
421	Certified-Deep-Research-Agents-for-AI-Native-DealTech/examples/sample_inputs/apple_darwinai_shared_deal_context.md
535	Certified-Deep-Research-Agents-for-AI-Native-DealTech/examples/sample_inputs/soren_spac_input_setting.md
1031	Certified-Deep-Research-Agents-for-AI-Native-DealTech/examples/sample_outputs/apple_darwinai_buyer_final_output.md
1035	Certified-Deep-Research-Agents-for-AI-Native-DealTech/examples/sample_outputs/apple_darwinai_target_final_output.md
854	Certified-Deep-Research-Agents-for-AI-Native-DealTech/examples/sample_outputs/soren_spac_final_output.md
1043	Certified-Deep-Research-Agents-for-AI-Native-DealTech/examples/sample_outputs/spac_soren_run_output.md
126	Certified-Deep-Research-Agents-for-AI-Native-DealTech/shared/templates/case_study_template.md
1426	Certified-Deep-Research-Agents-for-AI-Native-DealTech/tests/test_case_outputs.py
1725	DealTech/agents/agents/acquisition-strategy-agent/05_ER_BRB/ER_BRB_case_result.md
472	DealTech/agents/agents/acquisition-strategy-agent/06_PCE/PCE_case_result.md
4662	DealTech/agents/agents/acquisition-strategy-agent/07_case_studies/case_001_acquisition_strategy/buyer_side/ER_BRB_case_result.md
4662	DealTech/agents/agents/acquisition-strategy-agent/07_case_studies/case_001_acquisition_strategy/buyer_side/ER_BRB_result.md
5027	DealTech/agents/agents/acquisition-strategy-agent/07_case_studies/case_001_acquisition_strategy/buyer_side/PCE_case_result.md
5027	DealTech/agents/agents/acquisition-strategy-agent/07_case_studies/case_001_acquisition_strategy/buyer_side/PCE_result.md
2557	DealTech/agents/agents/acquisition-strategy-agent/07_case_studies/case_001_acquisition_strategy/buyer_side/buyer_side_final_delivery_certificate.md
449	DealTech/agents/agents/acquisition-strategy-agent/07_case_studies/case_001_acquisition_strategy/buyer_side/buyer_side_scoped_claim_audit_result.md
2297	DealTech/agents/agents/acquisition-strategy-agent/07_case_studies/case_001_acquisition_strategy/buyer_side/buyer_side_scoped_claim_audit_sample.csv
20782	DealTech/agents/agents/acquisition-strategy-agent/07_case_studies/case_001_acquisition_strategy/buyer_side/certification_result.json
2699	DealTech/agents/agents/acquisition-strategy-agent/07_case_studies/case_001_acquisition_strategy/buyer_side/claim_to_evidence_map.csv
5855	DealTech/agents/agents/acquisition-strategy-agent/07_case_studies/case_001_acquisition_strategy/buyer_side/evidence_table.md
1522	DealTech/agents/agents/acquisition-strategy-agent/07_case_studies/case_001_acquisition_strategy/buyer_side/final_output.md
358	DealTech/agents/agents/acquisition-strategy-agent/07_case_studies/case_001_acquisition_strategy/buyer_side/input_setting.md
728	DealTech/agents/agents/acquisition-strategy-agent/07_case_studies/case_001_acquisition_strategy/buyer_side/limitations.md
1389	DealTech/agents/agents/acquisition-strategy-agent/07_case_studies/case_001_acquisition_strategy/buyer_side/research_trace.md
4004	DealTech/agents/agents/acquisition-strategy-agent/07_case_studies/case_001_acquisition_strategy/buyer_side/source_registry.md
435	DealTech/agents/agents/acquisition-strategy-agent/07_case_studies/case_001_acquisition_strategy/buyer_side/supporting_files/buyer_profile.md
1433	DealTech/agents/agents/acquisition-strategy-agent/07_case_studies/case_001_acquisition_strategy/buyer_side/supporting_files/buyer_side_ER_BRB_scoring.csv
5150	DealTech/agents/agents/acquisition-strategy-agent/07_case_studies/case_001_acquisition_strategy/buyer_side/supporting_files/buyer_side_PCE_audit.csv
722	DealTech/agents/agents/acquisition-strategy-agent/07_case_studies/case_001_acquisition_strategy/buyer_side/supporting_files/buyer_side_calculation_sheet.csv
1056	DealTech/agents/agents/acquisition-strategy-agent/07_case_studies/case_001_acquisition_strategy/buyer_side/supporting_files/integration_risk_matrix.csv
2498	DealTech/agents/agents/acquisition-strategy-agent/07_case_studies/case_001_acquisition_strategy/buyer_side/supporting_files/strategic_rationale_table.csv
4227	DealTech/agents/agents/acquisition-strategy-agent/07_case_studies/case_001_acquisition_strategy/buyer_side/supporting_files/target_profile.md
3630	DealTech/agents/agents/acquisition-strategy-agent/07_case_studies/case_001_acquisition_strategy/buyer_side/supporting_files/transaction_context.md
531	DealTech/agents/agents/acquisition-strategy-agent/07_case_studies/case_001_acquisition_strategy/case_brief.md
1294	DealTech/agents/agents/acquisition-strategy-agent/07_case_studies/case_001_acquisition_strategy/shared_deal_context.md
2068	DealTech/agents/agents/acquisition-strategy-agent/07_case_studies/case_001_acquisition_strategy/source_replay_plan.md
2118	DealTech/agents/agents/acquisition-strategy-agent/07_case_studies/case_001_acquisition_strategy/target_side/ER_BRB_case_result.md
2118	DealTech/agents/agents/acquisition-strategy-agent/07_case_studies/case_001_acquisition_strategy/target_side/ER_BRB_result.md
2159	DealTech/agents/agents/acquisition-strategy-agent/07_case_studies/case_001_acquisition_strategy/target_side/PCE_case_result.md
2159	DealTech/agents/agents/acquisition-strategy-agent/07_case_studies/case_001_acquisition_strategy/target_side/PCE_result.md
9520	DealTech/agents/agents/acquisition-strategy-agent/07_case_studies/case_001_acquisition_strategy/target_side/certification_result.json
1173	DealTech/agents/agents/acquisition-strategy-agent/07_case_studies/case_001_acquisition_strategy/target_side/claim_to_evidence_map.csv
2283	DealTech/agents/agents/acquisition-strategy-agent/07_case_studies/case_001_acquisition_strategy/target_side/evidence_table.md
1703	DealTech/agents/agents/acquisition-strategy-agent/07_case_studies/case_001_acquisition_strategy/target_side/final_output.md
371	DealTech/agents/agents/acquisition-strategy-agent/07_case_studies/case_001_acquisition_strategy/target_side/input_setting.md
738	DealTech/agents/agents/acquisition-strategy-agent/07_case_studies/case_001_acquisition_strategy/target_side/limitations.md
1329	DealTech/agents/agents/acquisition-strategy-agent/07_case_studies/case_001_acquisition_strategy/target_side/research_trace.md
2371	DealTech/agents/agents/acquisition-strategy-agent/07_case_studies/case_001_acquisition_strategy/target_side/source_registry.md
437	DealTech/agents/agents/acquisition-strategy-agent/07_case_studies/case_001_acquisition_strategy/target_side/supporting_files/offer_attractiveness_matrix.csv
1426	DealTech/agents/agents/acquisition-strategy-agent/07_case_studies/case_001_acquisition_strategy/target_side/supporting_files/strategic_alternatives_table.csv
627	DealTech/agents/agents/acquisition-strategy-agent/07_case_studies/case_001_acquisition_strategy/target_side/supporting_files/target_side_ER_BRB_scoring.csv
2256	DealTech/agents/agents/acquisition-strategy-agent/07_case_studies/case_001_acquisition_strategy/target_side/supporting_files/target_side_PCE_audit.csv
695	DealTech/agents/agents/acquisition-strategy-agent/07_case_studies/case_001_acquisition_strategy/target_side/supporting_files/target_side_calculation_sheet.csv
1008	DealTech/agents/agents/acquisition-strategy-agent/07_case_studies/case_001_acquisition_strategy/target_side/supporting_files/target_side_risk_matrix.csv
339	DealTech/agents/agents/acquisition-strategy-agent/07_case_studies/case_001_acquisition_strategy/target_side/supporting_files/target_standalone_case.md
775	DealTech/agents/agents/acquisition-strategy-agent/07_case_studies/case_001_acquisition_strategy/target_side/supporting_files/target_transaction_context.md
1054	DealTech/agents/agents/acquisition-strategy-agent/07_case_studies/case_001_acquisition_strategy/target_side/target_side_final_delivery_certificate.md
466	DealTech/agents/agents/acquisition-strategy-agent/07_case_studies/case_001_acquisition_strategy/target_side/target_side_scoped_claim_audit_result.md
2170	DealTech/agents/agents/acquisition-strategy-agent/07_case_studies/case_001_acquisition_strategy/target_side/target_side_scoped_claim_audit_sample.csv
2687	DealTech/agents/agents/buyer-side-acquisition-loop-agent/06_examples/live_a5_provider_case_template/case.yaml
2410	DealTech/agents/agents/buyer-side-acquisition-loop-agent/06_examples/live_block_a_provider_case_template/case.yaml
1017	DealTech/agents/agents/buyer-side-acquisition-loop-agent/06_examples/live_block_c_provider_case_template/case.yaml
603	DealTech/agents/agents/buyer-side-acquisition-loop-agent/06_examples/recorded_a5_provider_case/attachments/target_capability_brief.md
3489	DealTech/agents/agents/buyer-side-acquisition-loop-agent/06_examples/recorded_a5_provider_case/case.yaml
21848	DealTech/agents/agents/buyer-side-acquisition-loop-agent/06_examples/recorded_a5_provider_case/recordings/a5_recording.json
550	DealTech/agents/agents/buyer-side-acquisition-loop-agent/06_examples/recorded_block_a_provider_case/attachments/target_capability_brief.md
4363	DealTech/agents/agents/buyer-side-acquisition-loop-agent/06_examples/recorded_block_a_provider_case/case.yaml
56452	DealTech/agents/agents/buyer-side-acquisition-loop-agent/06_examples/recorded_block_a_provider_case/recordings/block_a_recording.json
4135	DealTech/agents/agents/buyer-side-acquisition-loop-agent/06_examples/recorded_block_b_case/attachments/target_financials.xlsx
6515	DealTech/agents/agents/buyer-side-acquisition-loop-agent/06_examples/recorded_block_b_case/case.yaml
75592	DealTech/agents/agents/buyer-side-acquisition-loop-agent/06_examples/recorded_block_b_case/recorded_provider_responses.json
456	DealTech/agents/agents/buyer-side-acquisition-loop-agent/06_examples/recorded_block_c_case/attachments/management_representation.md
29204	DealTech/agents/agents/buyer-side-acquisition-loop-agent/06_examples/recorded_block_c_case/case.yaml
44479	DealTech/agents/agents/buyer-side-acquisition-loop-agent/06_examples/recorded_block_c_case/recorded_provider_responses.json
3259	DealTech/agents/agents/buyer-side-acquisition-loop-agent/06_examples/recorded_full_pipeline_case/case.yaml
420	DealTech/agents/agents/buyer-side-acquisition-loop-agent/06_examples/recorded_full_pipeline_case/run_output/cross_block_consistency_result.json
4435	DealTech/agents/agents/buyer-side-acquisition-loop-agent/06_examples/recorded_full_pipeline_case/run_output/decision_state.json
63246	DealTech/agents/agents/buyer-side-acquisition-loop-agent/06_examples/recorded_full_pipeline_case/run_output/final_acquisition_strategy_report.md
1758	DealTech/agents/agents/buyer-side-acquisition-loop-agent/06_examples/recorded_full_pipeline_case/run_output/final_delivery_verification.json
38277	DealTech/agents/agents/buyer-side-acquisition-loop-agent/06_examples/recorded_full_pipeline_case/run_output/gate_a_result.json
14735	DealTech/agents/agents/buyer-side-acquisition-loop-agent/06_examples/recorded_full_pipeline_case/run_output/gate_b_result.json
20328	DealTech/agents/agents/buyer-side-acquisition-loop-agent/06_examples/recorded_full_pipeline_case/run_output/gate_c_result.json
550	DealTech/agents/agents/buyer-side-acquisition-loop-agent/06_examples/recorded_full_pipeline_case/run_output/pipeline_cases/block_a/attachments/target_capability_brief.md
5043	DealTech/agents/agents/buyer-side-acquisition-loop-agent/06_examples/recorded_full_pipeline_case/run_output/pipeline_cases/block_a/case.json
56452	DealTech/agents/agents/buyer-side-acquisition-loop-agent/06_examples/recorded_full_pipeline_case/run_output/pipeline_cases/block_a/recordings/responses.json
4135	DealTech/agents/agents/buyer-side-acquisition-loop-agent/06_examples/recorded_full_pipeline_case/run_output/pipeline_cases/block_b/attachments/target_financials.xlsx
119758	DealTech/agents/agents/buyer-side-acquisition-loop-agent/06_examples/recorded_full_pipeline_case/run_output/pipeline_cases/block_b/case.json
75592	DealTech/agents/agents/buyer-side-acquisition-loop-agent/06_examples/recorded_full_pipeline_case/run_output/pipeline_cases/block_b/recordings/responses.json
456	DealTech/agents/agents/buyer-side-acquisition-loop-agent/06_examples/recorded_full_pipeline_case/run_output/pipeline_cases/block_c/attachments/management_representation.md
245262	DealTech/agents/agents/buyer-side-acquisition-loop-agent/06_examples/recorded_full_pipeline_case/run_output/pipeline_cases/block_c/case.json
44479	DealTech/agents/agents/buyer-side-acquisition-loop-agent/06_examples/recorded_full_pipeline_case/run_output/pipeline_cases/block_c/recordings/responses.json
68688	DealTech/agents/agents/buyer-side-acquisition-loop-agent/06_examples/recorded_full_pipeline_case/run_output/run_manifest.json
869	DealTech/agents/agents/buyer-side-acquisition-loop-agent/06_examples/recorded_full_pipeline_case/run_output/run_summary.json
8261	DealTech/agents/agents/buyer-side-acquisition-loop-agent/06_examples/recorded_full_pipeline_case/run_output/stages/block_a/gate_a/criterion_results.json
38277	DealTech/agents/agents/buyer-side-acquisition-loop-agent/06_examples/recorded_full_pipeline_case/run_output/stages/block_a/gate_a/gate_a_result.json
287	DealTech/agents/agents/buyer-side-acquisition-loop-agent/06_examples/recorded_full_pipeline_case/run_output/stages/block_a/loop/controller_decisions.json
597	DealTech/agents/agents/buyer-side-acquisition-loop-agent/06_examples/recorded_full_pipeline_case/run_output/stages/block_a/loop/dependency_invalidations.json
514	DealTech/agents/agents/buyer-side-acquisition-loop-agent/06_examples/recorded_full_pipeline_case/run_output/stages/block_a/loop/gaps.json
682	DealTech/agents/agents/buyer-side-acquisition-loop-agent/06_examples/recorded_full_pipeline_case/run_output/stages/block_a/loop/iteration_records.json
221	DealTech/agents/agents/buyer-side-acquisition-loop-agent/06_examples/recorded_full_pipeline_case/run_output/stages/block_a/loop/loop_state.json
519	DealTech/agents/agents/buyer-side-acquisition-loop-agent/06_examples/recorded_full_pipeline_case/run_output/stages/block_a/loop/replans.json
9498	DealTech/agents/agents/buyer-side-acquisition-loop-agent/06_examples/recorded_full_pipeline_case/run_output/stages/block_a/loop/research_attempts.json
5642	DealTech/agents/agents/buyer-side-acquisition-loop-agent/06_examples/recorded_full_pipeline_case/run_output/stages/block_a/modules/a1_transaction_context.json
5624	DealTech/agents/agents/buyer-side-acquisition-loop-agent/06_examples/recorded_full_pipeline_case/run_output/stages/block_a/modules/a2_buyer_strategic_need.json
9289	DealTech/agents/agents/buyer-side-acquisition-loop-agent/06_examples/recorded_full_pipeline_case/run_output/stages/block_a/modules/a3_strategic_rationale.json
5910	DealTech/agents/agents/buyer-side-acquisition-loop-agent/06_examples/recorded_full_pipeline_case/run_output/stages/block_a/modules/a4_target_attractiveness.json
6460	DealTech/agents/agents/buyer-side-acquisition-loop-agent/06_examples/recorded_full_pipeline_case/run_output/stages/block_a/modules/a5_target_capability_business_quality.json
10397	DealTech/agents/agents/buyer-side-acquisition-loop-agent/06_examples/recorded_full_pipeline_case/run_output/stages/block_a/modules/a6_industry_competitive_position.json
9817	DealTech/agents/agents/buyer-side-acquisition-loop-agent/06_examples/recorded_full_pipeline_case/run_output/stages/block_a/modules/a7_strategic_fit.json
6670	DealTech/agents/agents/buyer-side-acquisition-loop-agent/06_examples/recorded_full_pipeline_case/run_output/stages/block_a/planning/block_a_research_plan.json
279	DealTech/agents/agents/buyer-side-acquisition-loop-agent/06_examples/recorded_full_pipeline_case/run_output/stages/block_a/planning/dependency_graph.json
487	DealTech/agents/agents/buyer-side-acquisition-loop-agent/06_examples/recorded_full_pipeline_case/run_output/stages/block_a/planning/prompt_manifest.json
985	DealTech/agents/agents/buyer-side-acquisition-loop-agent/06_examples/recorded_full_pipeline_case/run_output/stages/block_a/planning/research_questions.json
4250	DealTech/agents/agents/buyer-side-acquisition-loop-agent/06_examples/recorded_full_pipeline_case/run_output/stages/block_a/provider/A1/attempt_01/admitted_objects.json
5240	DealTech/agents/agents/buyer-side-acquisition-loop-agent/06_examples/recorded_full_pipeline_case/run_output/stages/block_a/provider/A1/attempt_01/provider_request.json
6428	DealTech/agents/agents/buyer-side-acquisition-loop-agent/06_examples/recorded_full_pipeline_case/run_output/stages/block_a/provider/A1/attempt_01/provider_response_raw.json
1037	DealTech/agents/agents/buyer-side-acquisition-loop-agent/06_examples/recorded_full_pipeline_case/run_output/stages/block_a/provider/A1/attempt_01/provider_trace.json
3	DealTech/agents/agents/buyer-side-acquisition-loop-agent/06_examples/recorded_full_pipeline_case/run_output/stages/block_a/provider/A1/attempt_01/rejected_objects.json
181	DealTech/agents/agents/buyer-side-acquisition-loop-agent/06_examples/recorded_full_pipeline_case/run_output/stages/block_a/provider/A1/attempt_01/returned_citations.json
55	DealTech/agents/agents/buyer-side-acquisition-loop-agent/06_examples/recorded_full_pipeline_case/run_output/stages/block_a/provider/A1/attempt_01/search_queries.json
3	DealTech/agents/agents/buyer-side-acquisition-loop-agent/06_examples/recorded_full_pipeline_case/run_output/stages/block_a/provider/A1/attempt_01/tool_calls.json
772	DealTech/agents/agents/buyer-side-acquisition-loop-agent/06_examples/recorded_full_pipeline_case/run_output/stages/block_a/provider/A1/attempt_01/validation_result.json
3915	DealTech/agents/agents/buyer-side-acquisition-loop-agent/06_examples/recorded_full_pipeline_case/run_output/stages/block_a/provider/A2/attempt_01/admitted_objects.json
9982	DealTech/agents/agents/buyer-side-acquisition-loop-agent/06_examples/recorded_full_pipeline_case/run_output/stages/block_a/provider/A2/attempt_01/provider_request.json
6024	DealTech/agents/agents/buyer-side-acquisition-loop-agent/06_examples/recorded_full_pipeline_case/run_output/stages/block_a/provider/A2/attempt_01/provider_response_raw.json
1010	DealTech/agents/agents/buyer-side-acquisition-loop-agent/06_examples/recorded_full_pipeline_case/run_output/stages/block_a/provider/A2/attempt_01/provider_trace.json
3	DealTech/agents/agents/buyer-side-acquisition-loop-agent/06_examples/recorded_full_pipeline_case/run_output/stages/block_a/provider/A2/attempt_01/rejected_objects.json
172	DealTech/agents/agents/buyer-side-acquisition-loop-agent/06_examples/recorded_full_pipeline_case/run_output/stages/block_a/provider/A2/attempt_01/returned_citations.json
57	DealTech/agents/agents/buyer-side-acquisition-loop-agent/06_examples/recorded_full_pipeline_case/run_output/stages/block_a/provider/A2/attempt_01/search_queries.json
3	DealTech/agents/agents/buyer-side-acquisition-loop-agent/06_examples/recorded_full_pipeline_case/run_output/stages/block_a/provider/A2/attempt_01/tool_calls.json
752	DealTech/agents/agents/buyer-side-acquisition-loop-agent/06_examples/recorded_full_pipeline_case/run_output/stages/block_a/provider/A2/attempt_01/validation_result.json
3365	DealTech/agents/agents/buyer-side-acquisition-loop-agent/06_examples/recorded_full_pipeline_case/run_output/stages/block_a/provider/A3/attempt_01/admitted_objects.json
29536	DealTech/agents/agents/buyer-side-acquisition-loop-agent/06_examples/recorded_full_pipeline_case/run_output/stages/block_a/provider/A3/attempt_01/provider_request.json
6902	DealTech/agents/agents/buyer-side-acquisition-loop-agent/06_examples/recorded_full_pipeline_case/run_output/stages/block_a/provider/A3/attempt_01/provider_response_raw.json
1256	DealTech/agents/agents/buyer-side-acquisition-loop-agent/06_examples/recorded_full_pipeline_case/run_output/stages/block_a/provider/A3/attempt_01/provider_trace.json
243	DealTech/agents/agents/buyer-side-acquisition-loop-agent/06_examples/recorded_full_pipeline_case/run_output/stages/block_a/provider/A3/attempt_01/rejected_objects.json
172	DealTech/agents/agents/buyer-side-acquisition-loop-agent/06_examples/recorded_full_pipeline_case/run_output/stages/block_a/provider/A3/attempt_01/returned_citations.json
59	DealTech/agents/agents/buyer-side-acquisition-loop-agent/06_examples/recorded_full_pipeline_case/run_output/stages/block_a/provider/A3/attempt_01/search_queries.json
3	DealTech/agents/agents/buyer-side-acquisition-loop-agent/06_examples/recorded_full_pipeline_case/run_output/stages/block_a/provider/A3/attempt_01/tool_calls.json
742	DealTech/agents/agents/buyer-side-acquisition-loop-agent/06_examples/recorded_full_pipeline_case/run_output/stages/block_a/provider/A3/attempt_01/validation_result.json
3244	DealTech/agents/agents/buyer-side-acquisition-loop-agent/06_examples/recorded_full_pipeline_case/run_output/stages/block_a/provider/A3/attempt_02/admitted_objects.json
40890	DealTech/agents/agents/buyer-side-acquisition-loop-agent/06_examples/recorded_full_pipeline_case/run_output/stages/block_a/provider/A3/attempt_02/provider_request.json
6715	DealTech/agents/agents/buyer-side-acquisition-loop-agent/06_examples/recorded_full_pipeline_case/run_output/stages/block_a/provider/A3/attempt_02/provider_response_raw.json
1265	DealTech/agents/agents/buyer-side-acquisition-loop-agent/06_examples/recorded_full_pipeline_case/run_output/stages/block_a/provider/A3/attempt_02/provider_trace.json
242	DealTech/agents/agents/buyer-side-acquisition-loop-agent/06_examples/recorded_full_pipeline_case/run_output/stages/block_a/provider/A3/attempt_02/rejected_objects.json
186	DealTech/agents/agents/buyer-side-acquisition-loop-agent/06_examples/recorded_full_pipeline_case/run_output/stages/block_a/provider/A3/attempt_02/returned_citations.json
55	DealTech/agents/agents/buyer-side-acquisition-loop-agent/06_examples/recorded_full_pipeline_case/run_output/stages/block_a/provider/A3/attempt_02/search_queries.json
3	DealTech/agents/agents/buyer-side-acquisition-loop-agent/06_examples/recorded_full_pipeline_case/run_output/stages/block_a/provider/A3/attempt_02/tool_calls.json
742	DealTech/agents/agents/buyer-side-acquisition-loop-agent/06_examples/recorded_full_pipeline_case/run_output/stages/block_a/provider/A3/attempt_02/validation_result.json
3978	DealTech/agents/agents/buyer-side-acquisition-loop-agent/06_examples/recorded_full_pipeline_case/run_output/stages/block_a/provider/A4/attempt_01/admitted_objects.json
14838	DealTech/agents/agents/buyer-side-acquisition-loop-agent/06_examples/recorded_full_pipeline_case/run_output/stages/block_a/provider/A4/attempt_01/provider_request.json
6191	DealTech/agents/agents/buyer-side-acquisition-loop-agent/06_examples/recorded_full_pipeline_case/run_output/stages/block_a/provider/A4/attempt_01/provider_response_raw.json
1035	DealTech/agents/agents/buyer-side-acquisition-loop-agent/06_examples/recorded_full_pipeline_case/run_output/stages/block_a/provider/A4/attempt_01/provider_trace.json
3	DealTech/agents/agents/buyer-side-acquisition-loop-agent/06_examples/recorded_full_pipeline_case/run_output/stages/block_a/provider/A4/attempt_01/rejected_objects.json
186	DealTech/agents/agents/buyer-side-acquisition-loop-agent/06_examples/recorded_full_pipeline_case/run_output/stages/block_a/provider/A4/attempt_01/returned_citations.json
68	DealTech/agents/agents/buyer-side-acquisition-loop-agent/06_examples/recorded_full_pipeline_case/run_output/stages/block_a/provider/A4/attempt_01/search_queries.json
3	DealTech/agents/agents/buyer-side-acquisition-loop-agent/06_examples/recorded_full_pipeline_case/run_output/stages/block_a/provider/A4/attempt_01/tool_calls.json
752	DealTech/agents/agents/buyer-side-acquisition-loop-agent/06_examples/recorded_full_pipeline_case/run_output/stages/block_a/provider/A4/attempt_01/validation_result.json
5847	DealTech/agents/agents/buyer-side-acquisition-loop-agent/06_examples/recorded_full_pipeline_case/run_output/stages/block_a/provider/A5/attempt_01/admitted_objects.json
15818	DealTech/agents/agents/buyer-side-acquisition-loop-agent/06_examples/recorded_full_pipeline_case/run_output/stages/block_a/provider/A5/attempt_01/provider_request.json
8317	DealTech/agents/agents/buyer-side-acquisition-loop-agent/06_examples/recorded_full_pipeline_case/run_output/stages/block_a/provider/A5/attempt_01/provider_response_raw.json
1110	DealTech/agents/agents/buyer-side-acquisition-loop-agent/06_examples/recorded_full_pipeline_case/run_output/stages/block_a/provider/A5/attempt_01/provider_trace.json
3	DealTech/agents/agents/buyer-side-acquisition-loop-agent/06_examples/recorded_full_pipeline_case/run_output/stages/block_a/provider/A5/attempt_01/rejected_objects.json
179	DealTech/agents/agents/buyer-side-acquisition-loop-agent/06_examples/recorded_full_pipeline_case/run_output/stages/block_a/provider/A5/attempt_01/returned_citations.json
60	DealTech/agents/agents/buyer-side-acquisition-loop-agent/06_examples/recorded_full_pipeline_case/run_output/stages/block_a/provider/A5/attempt_01/search_queries.json
3	DealTech/agents/agents/buyer-side-acquisition-loop-agent/06_examples/recorded_full_pipeline_case/run_output/stages/block_a/provider/A5/attempt_01/tool_calls.json
815	DealTech/agents/agents/buyer-side-acquisition-loop-agent/06_examples/recorded_full_pipeline_case/run_output/stages/block_a/provider/A5/attempt_01/validation_result.json
3991	DealTech/agents/agents/buyer-side-acquisition-loop-agent/06_examples/recorded_full_pipeline_case/run_output/stages/block_a/provider/A6/attempt_01/admitted_objects.json
20717	DealTech/agents/agents/buyer-side-acquisition-loop-agent/06_examples/recorded_full_pipeline_case/run_output/stages/block_a/provider/A6/attempt_01/provider_request.json
6959	DealTech/agents/agents/buyer-side-acquisition-loop-agent/06_examples/recorded_full_pipeline_case/run_output/stages/block_a/provider/A6/attempt_01/provider_response_raw.json
1025	DealTech/agents/agents/buyer-side-acquisition-loop-agent/06_examples/recorded_full_pipeline_case/run_output/stages/block_a/provider/A6/attempt_01/provider_trace.json
3	DealTech/agents/agents/buyer-side-acquisition-loop-agent/06_examples/recorded_full_pipeline_case/run_output/stages/block_a/provider/A6/attempt_01/rejected_objects.json
188	DealTech/agents/agents/buyer-side-acquisition-loop-agent/06_examples/recorded_full_pipeline_case/run_output/stages/block_a/provider/A6/attempt_01/returned_citations.json
61	DealTech/agents/agents/buyer-side-acquisition-loop-agent/06_examples/recorded_full_pipeline_case/run_output/stages/block_a/provider/A6/attempt_01/search_queries.json
3	DealTech/agents/agents/buyer-side-acquisition-loop-agent/06_examples/recorded_full_pipeline_case/run_output/stages/block_a/provider/A6/attempt_01/tool_calls.json
747	DealTech/agents/agents/buyer-side-acquisition-loop-agent/06_examples/recorded_full_pipeline_case/run_output/stages/block_a/provider/A6/attempt_01/validation_result.json
5551	DealTech/agents/agents/buyer-side-acquisition-loop-agent/06_examples/recorded_full_pipeline_case/run_output/stages/block_a/provider/A6/attempt_02/admitted_objects.json
27846	DealTech/agents/agents/buyer-side-acquisition-loop-agent/06_examples/recorded_full_pipeline_case/run_output/stages/block_a/provider/A6/attempt_02/provider_request.json
9081	DealTech/agents/agents/buyer-side-acquisition-loop-agent/06_examples/recorded_full_pipeline_case/run_output/stages/block_a/provider/A6/attempt_02/provider_response_raw.json
1303	DealTech/agents/agents/buyer-side-acquisition-loop-agent/06_examples/recorded_full_pipeline_case/run_output/stages/block_a/provider/A6/attempt_02/provider_trace.json
3	DealTech/agents/agents/buyer-side-acquisition-loop-agent/06_examples/recorded_full_pipeline_case/run_output/stages/block_a/provider/A6/attempt_02/rejected_objects.json
372	DealTech/agents/agents/buyer-side-acquisition-loop-agent/06_examples/recorded_full_pipeline_case/run_output/stages/block_a/provider/A6/attempt_02/returned_citations.json
117	DealTech/agents/agents/buyer-side-acquisition-loop-agent/06_examples/recorded_full_pipeline_case/run_output/stages/block_a/provider/A6/attempt_02/search_queries.json
3	DealTech/agents/agents/buyer-side-acquisition-loop-agent/06_examples/recorded_full_pipeline_case/run_output/stages/block_a/provider/A6/attempt_02/tool_calls.json
771	DealTech/agents/agents/buyer-side-acquisition-loop-agent/06_examples/recorded_full_pipeline_case/run_output/stages/block_a/provider/A6/attempt_02/validation_result.json
2905	DealTech/agents/agents/buyer-side-acquisition-loop-agent/06_examples/recorded_full_pipeline_case/run_output/stages/block_a/provider/A7/attempt_01/admitted_objects.json
30463	DealTech/agents/agents/buyer-side-acquisition-loop-agent/06_examples/recorded_full_pipeline_case/run_output/stages/block_a/provider/A7/attempt_01/provider_request.json
6539	DealTech/agents/agents/buyer-side-acquisition-loop-agent/06_examples/recorded_full_pipeline_case/run_output/stages/block_a/provider/A7/attempt_01/provider_response_raw.json
1244	DealTech/agents/agents/buyer-side-acquisition-loop-agent/06_examples/recorded_full_pipeline_case/run_output/stages/block_a/provider/A7/attempt_01/provider_trace.json
246	DealTech/agents/agents/buyer-side-acquisition-loop-agent/06_examples/recorded_full_pipeline_case/run_output/stages/block_a/provider/A7/attempt_01/rejected_objects.json
179	DealTech/agents/agents/buyer-side-acquisition-loop-agent/06_examples/recorded_full_pipeline_case/run_output/stages/block_a/provider/A7/attempt_01/returned_citations.json
60	DealTech/agents/agents/buyer-side-acquisition-loop-agent/06_examples/recorded_full_pipeline_case/run_output/stages/block_a/provider/A7/attempt_01/search_queries.json
3	DealTech/agents/agents/buyer-side-acquisition-loop-agent/06_examples/recorded_full_pipeline_case/run_output/stages/block_a/provider/A7/attempt_01/tool_calls.json
719	DealTech/agents/agents/buyer-side-acquisition-loop-agent/06_examples/recorded_full_pipeline_case/run_output/stages/block_a/provider/A7/attempt_01/validation_result.json
2882	DealTech/agents/agents/buyer-side-acquisition-loop-agent/06_examples/recorded_full_pipeline_case/run_output/stages/block_a/provider/A7/attempt_02/admitted_objects.json
45152	DealTech/agents/agents/buyer-side-acquisition-loop-agent/06_examples/recorded_full_pipeline_case/run_output/stages/block_a/provider/A7/attempt_02/provider_request.json
6600	DealTech/agents/agents/buyer-side-acquisition-loop-agent/06_examples/recorded_full_pipeline_case/run_output/stages/block_a/provider/A7/attempt_02/provider_response_raw.json
1236	DealTech/agents/agents/buyer-side-acquisition-loop-agent/06_examples/recorded_full_pipeline_case/run_output/stages/block_a/provider/A7/attempt_02/provider_trace.json
242	DealTech/agents/agents/buyer-side-acquisition-loop-agent/06_examples/recorded_full_pipeline_case/run_output/stages/block_a/provider/A7/attempt_02/rejected_objects.json
186	DealTech/agents/agents/buyer-side-acquisition-loop-agent/06_examples/recorded_full_pipeline_case/run_output/stages/block_a/provider/A7/attempt_02/returned_citations.json
49	DealTech/agents/agents/buyer-side-acquisition-loop-agent/06_examples/recorded_full_pipeline_case/run_output/stages/block_a/provider/A7/attempt_02/search_queries.json
3	DealTech/agents/agents/buyer-side-acquisition-loop-agent/06_examples/recorded_full_pipeline_case/run_output/stages/block_a/provider/A7/attempt_02/tool_calls.json
719	DealTech/agents/agents/buyer-side-acquisition-loop-agent/06_examples/recorded_full_pipeline_case/run_output/stages/block_a/provider/A7/attempt_02/validation_result.json
720	DealTech/agents/agents/buyer-side-acquisition-loop-agent/06_examples/recorded_full_pipeline_case/run_output/stages/block_a/provider/attachment_manifest.json
1558	DealTech/agents/agents/buyer-side-acquisition-loop-agent/06_examples/recorded_full_pipeline_case/run_output/stages/block_a/research/assumptions.json
10312	DealTech/agents/agents/buyer-side-acquisition-loop-agent/06_examples/recorded_full_pipeline_case/run_output/stages/block_a/research/claim_dependencies.json
21545	DealTech/agents/agents/buyer-side-acquisition-loop-agent/06_examples/recorded_full_pipeline_case/run_output/stages/block_a/research/claims.json
1362	DealTech/agents/agents/buyer-side-acquisition-loop-agent/06_examples/recorded_full_pipeline_case/run_output/stages/block_a/research/conflicts.json
7333	DealTech/agents/agents/buyer-side-acquisition-loop-agent/06_examples/recorded_full_pipeline_case/run_output/stages/block_a/research/counterevidence.json
32074	DealTech/agents/agents/buyer-side-acquisition-loop-agent/06_examples/recorded_full_pipeline_case/run_output/stages/block_a/research/evidence.json
16650	DealTech/agents/agents/buyer-side-acquisition-loop-agent/06_examples/recorded_full_pipeline_case/run_output/stages/block_a/research/sources.json
1532	DealTech/agents/agents/buyer-side-acquisition-loop-agent/06_examples/recorded_full_pipeline_case/run_output/stages/block_a/research/unknowns.json
612	DealTech/agents/agents/buyer-side-acquisition-loop-agent/06_examples/recorded_full_pipeline_case/run_output/stages/block_a/run_summary.json
1107	DealTech/agents/agents/buyer-side-acquisition-loop-agent/06_examples/recorded_full_pipeline_case/run_output/stages/block_a/state/final_terminal_state.json
1177	DealTech/agents/agents/buyer-side-acquisition-loop-agent/06_examples/recorded_full_pipeline_case/run_output/stages/block_a/state/terminal_state_history.json
6303	DealTech/agents/agents/buyer-side-acquisition-loop-agent/06_examples/recorded_full_pipeline_case/run_output/stages/block_a/verification/er_brb_results.json
860	DealTech/agents/agents/buyer-side-acquisition-loop-agent/06_examples/recorded_full_pipeline_case/run_output/stages/block_a/verification/evidence_quality_results.json
11924	DealTech/agents/agents/buyer-side-acquisition-loop-agent/06_examples/recorded_full_pipeline_case/run_output/stages/block_a/verification/pce_results.json
26363	DealTech/agents/agents/buyer-side-acquisition-loop-agent/06_examples/recorded_full_pipeline_case/run_output/stages/block_b/00_input/admitted_gate_a_result.json
818	DealTech/agents/agents/buyer-side-acquisition-loop-agent/06_examples/recorded_full_pipeline_case/run_output/stages/block_b/00_input/attachment_manifest.json
80486	DealTech/agents/agents/buyer-side-acquisition-loop-agent/06_examples/recorded_full_pipeline_case/run_output/stages/block_b/00_input/block_b_input_bundle.json
3629	DealTech/agents/agents/buyer-side-acquisition-loop-agent/06_examples/recorded_full_pipeline_case/run_output/stages/block_b/00_input/block_b_research_plan.json
1476	DealTech/agents/agents/buyer-side-acquisition-loop-agent/06_examples/recorded_full_pipeline_case/run_output/stages/block_b/00_input/business_mandate.json
119758	DealTech/agents/agents/buyer-side-acquisition-loop-agent/06_examples/recorded_full_pipeline_case/run_output/stages/block_b/00_input/case.json
789	DealTech/agents/agents/buyer-side-acquisition-loop-agent/06_examples/recorded_full_pipeline_case/run_output/stages/block_b/00_input/research_contract.json
2865	DealTech/agents/agents/buyer-side-acquisition-loop-agent/06_examples/recorded_full_pipeline_case/run_output/stages/block_b/00_input/xlsx_extraction.json
4087	DealTech/agents/agents/buyer-side-acquisition-loop-agent/06_examples/recorded_full_pipeline_case/run_output/stages/block_b/01_research/assumptions.json
15219	DealTech/agents/agents/buyer-side-acquisition-loop-agent/06_examples/recorded_full_pipeline_case/run_output/stages/block_b/01_research/claims.json
4565	DealTech/agents/agents/buyer-side-acquisition-loop-agent/06_examples/recorded_full_pipeline_case/run_output/stages/block_b/01_research/counterevidence.json
239	DealTech/agents/agents/buyer-side-acquisition-loop-agent/06_examples/recorded_full_pipeline_case/run_output/stages/block_b/01_research/duplicate_source_rejections.json
28528	DealTech/agents/agents/buyer-side-acquisition-loop-agent/06_examples/recorded_full_pipeline_case/run_output/stages/block_b/01_research/evidence.json
18552	DealTech/agents/agents/buyer-side-acquisition-loop-agent/06_examples/recorded_full_pipeline_case/run_output/stages/block_b/01_research/source_registry.json
1344	DealTech/agents/agents/buyer-side-acquisition-loop-agent/06_examples/recorded_full_pipeline_case/run_output/stages/block_b/01_research/unknowns.json
3384	DealTech/agents/agents/buyer-side-acquisition-loop-agent/06_examples/recorded_full_pipeline_case/run_output/stages/block_b/02_modules/b1_executions.json
2988	DealTech/agents/agents/buyer-side-acquisition-loop-agent/06_examples/recorded_full_pipeline_case/run_output/stages/block_b/02_modules/b2_executions.json
5939	DealTech/agents/agents/buyer-side-acquisition-loop-agent/06_examples/recorded_full_pipeline_case/run_output/stages/block_b/02_modules/b3_executions.json
3206	DealTech/agents/agents/buyer-side-acquisition-loop-agent/06_examples/recorded_full_pipeline_case/run_output/stages/block_b/02_modules/b4_executions.json
5741	DealTech/agents/agents/buyer-side-acquisition-loop-agent/06_examples/recorded_full_pipeline_case/run_output/stages/block_b/02_modules/b5_executions.json
21246	DealTech/agents/agents/buyer-side-acquisition-loop-agent/06_examples/recorded_full_pipeline_case/run_output/stages/block_b/02_modules/module_executions.json
32914	DealTech/agents/agents/buyer-side-acquisition-loop-agent/06_examples/recorded_full_pipeline_case/run_output/stages/block_b/03_financial_data/financial_data_points.json
4828	DealTech/agents/agents/buyer-side-acquisition-loop-agent/06_examples/recorded_full_pipeline_case/run_output/stages/block_b/03_financial_data/normalization_records.json
1892	DealTech/agents/agents/buyer-side-acquisition-loop-agent/06_examples/recorded_full_pipeline_case/run_output/stages/block_b/03_financial_data/synergy_records.json
586	DealTech/agents/agents/buyer-side-acquisition-loop-agent/06_examples/recorded_full_pipeline_case/run_output/stages/block_b/04_calculations/calculation_gap_history.json
11146	DealTech/agents/agents/buyer-side-acquisition-loop-agent/06_examples/recorded_full_pipeline_case/run_output/stages/block_b/04_calculations/calculation_replays.json
48707	DealTech/agents/agents/buyer-side-acquisition-loop-agent/06_examples/recorded_full_pipeline_case/run_output/stages/block_b/04_calculations/calculations.json
31880	DealTech/agents/agents/buyer-side-acquisition-loop-agent/06_examples/recorded_full_pipeline_case/run_output/stages/block_b/04_calculations/latest_calculations.json
365	DealTech/agents/agents/buyer-side-acquisition-loop-agent/06_examples/recorded_full_pipeline_case/run_output/stages/block_b/05_controls/certification_adapter_boundary.json
113	DealTech/agents/agents/buyer-side-acquisition-loop-agent/06_examples/recorded_full_pipeline_case/run_output/stages/block_b/05_controls/control_execution_order.json
5624	DealTech/agents/agents/buyer-side-acquisition-loop-agent/06_examples/recorded_full_pipeline_case/run_output/stages/block_b/05_controls/er_brb_results.json
785	DealTech/agents/agents/buyer-side-acquisition-loop-agent/06_examples/recorded_full_pipeline_case/run_output/stages/block_b/05_controls/human_review_items.json
14018	DealTech/agents/agents/buyer-side-acquisition-loop-agent/06_examples/recorded_full_pipeline_case/run_output/stages/block_b/05_controls/pce_prechecks.json
8157	DealTech/agents/agents/buyer-side-acquisition-loop-agent/06_examples/recorded_full_pipeline_case/run_output/stages/block_b/05_controls/pce_results.json
30895	DealTech/agents/agents/buyer-side-acquisition-loop-agent/06_examples/recorded_full_pipeline_case/run_output/stages/block_b/06_gate_b/gate_b_history.json
14735	DealTech/agents/agents/buyer-side-acquisition-loop-agent/06_examples/recorded_full_pipeline_case/run_output/stages/block_b/06_gate_b/gate_b_result.json
755	DealTech/agents/agents/buyer-side-acquisition-loop-agent/06_examples/recorded_full_pipeline_case/run_output/stages/block_b/07_loop/iteration_records.json
1625	DealTech/agents/agents/buyer-side-acquisition-loop-agent/06_examples/recorded_full_pipeline_case/run_output/stages/block_b/07_loop/loop_events.json
508	DealTech/agents/agents/buyer-side-acquisition-loop-agent/06_examples/recorded_full_pipeline_case/run_output/stages/block_b/07_loop/terminal_state.json
7590	DealTech/agents/agents/buyer-side-acquisition-loop-agent/06_examples/recorded_full_pipeline_case/run_output/stages/block_b/provider/B1/attempt_01/admitted_objects.json
9159	DealTech/agents/agents/buyer-side-acquisition-loop-agent/06_examples/recorded_full_pipeline_case/run_output/stages/block_b/provider/B1/attempt_01/provider_request.json
28195	DealTech/agents/agents/buyer-side-acquisition-loop-agent/06_examples/recorded_full_pipeline_case/run_output/stages/block_b/provider/B1/attempt_01/provider_response_raw.json
1032	DealTech/agents/agents/buyer-side-acquisition-loop-agent/06_examples/recorded_full_pipeline_case/run_output/stages/block_b/provider/B1/attempt_01/provider_trace.json
3	DealTech/agents/agents/buyer-side-acquisition-loop-agent/06_examples/recorded_full_pipeline_case/run_output/stages/block_b/provider/B1/attempt_01/rejected_objects.json
3	DealTech/agents/agents/buyer-side-acquisition-loop-agent/06_examples/recorded_full_pipeline_case/run_output/stages/block_b/provider/B1/attempt_01/returned_citations.json
86	DealTech/agents/agents/buyer-side-acquisition-loop-agent/06_examples/recorded_full_pipeline_case/run_output/stages/block_b/provider/B1/attempt_01/search_queries.json
3	DealTech/agents/agents/buyer-side-acquisition-loop-agent/06_examples/recorded_full_pipeline_case/run_output/stages/block_b/provider/B1/attempt_01/tool_calls.json
874	DealTech/agents/agents/buyer-side-acquisition-loop-agent/06_examples/recorded_full_pipeline_case/run_output/stages/block_b/provider/B1/attempt_01/validation_result.json
4227	DealTech/agents/agents/buyer-side-acquisition-loop-agent/06_examples/recorded_full_pipeline_case/run_output/stages/block_b/provider/B2/attempt_01/admitted_objects.json
9182	DealTech/agents/agents/buyer-side-acquisition-loop-agent/06_examples/recorded_full_pipeline_case/run_output/stages/block_b/provider/B2/attempt_01/provider_request.json
17014	DealTech/agents/agents/buyer-side-acquisition-loop-agent/06_examples/recorded_full_pipeline_case/run_output/stages/block_b/provider/B2/attempt_01/provider_response_raw.json
1092	DealTech/agents/agents/buyer-side-acquisition-loop-agent/06_examples/recorded_full_pipeline_case/run_output/stages/block_b/provider/B2/attempt_01/provider_trace.json
239	DealTech/agents/agents/buyer-side-acquisition-loop-agent/06_examples/recorded_full_pipeline_case/run_output/stages/block_b/provider/B2/attempt_01/rejected_objects.json
3	DealTech/agents/agents/buyer-side-acquisition-loop-agent/06_examples/recorded_full_pipeline_case/run_output/stages/block_b/provider/B2/attempt_01/returned_citations.json
3	DealTech/agents/agents/buyer-side-acquisition-loop-agent/06_examples/recorded_full_pipeline_case/run_output/stages/block_b/provider/B2/attempt_01/search_queries.json
3	DealTech/agents/agents/buyer-side-acquisition-loop-agent/06_examples/recorded_full_pipeline_case/run_output/stages/block_b/provider/B2/attempt_01/tool_calls.json
773	DealTech/agents/agents/buyer-side-acquisition-loop-agent/06_examples/recorded_full_pipeline_case/run_output/stages/block_b/provider/B2/attempt_01/validation_result.json
5869	DealTech/agents/agents/buyer-side-acquisition-loop-agent/06_examples/recorded_full_pipeline_case/run_output/stages/block_b/provider/B3/attempt_01/admitted_objects.json
11013	DealTech/agents/agents/buyer-side-acquisition-loop-agent/06_examples/recorded_full_pipeline_case/run_output/stages/block_b/provider/B3/attempt_01/provider_request.json
12305	DealTech/agents/agents/buyer-side-acquisition-loop-agent/06_examples/recorded_full_pipeline_case/run_output/stages/block_b/provider/B3/attempt_01/provider_response_raw.json
931	DealTech/agents/agents/buyer-side-acquisition-loop-agent/06_examples/recorded_full_pipeline_case/run_output/stages/block_b/provider/B3/attempt_01/provider_trace.json
3	DealTech/agents/agents/buyer-side-acquisition-loop-agent/06_examples/recorded_full_pipeline_case/run_output/stages/block_b/provider/B3/attempt_01/rejected_objects.json
3	DealTech/agents/agents/buyer-side-acquisition-loop-agent/06_examples/recorded_full_pipeline_case/run_output/stages/block_b/provider/B3/attempt_01/returned_citations.json
35	DealTech/agents/agents/buyer-side-acquisition-loop-agent/06_examples/recorded_full_pipeline_case/run_output/stages/block_b/provider/B3/attempt_01/search_queries.json
3	DealTech/agents/agents/buyer-side-acquisition-loop-agent/06_examples/recorded_full_pipeline_case/run_output/stages/block_b/provider/B3/attempt_01/tool_calls.json
826	DealTech/agents/agents/buyer-side-acquisition-loop-agent/06_examples/recorded_full_pipeline_case/run_output/stages/block_b/provider/B3/attempt_01/validation_result.json
4173	DealTech/agents/agents/buyer-side-acquisition-loop-agent/06_examples/recorded_full_pipeline_case/run_output/stages/block_b/provider/B3/attempt_02/admitted_objects.json
20416	DealTech/agents/agents/buyer-side-acquisition-loop-agent/06_examples/recorded_full_pipeline_case/run_output/stages/block_b/provider/B3/attempt_02/provider_request.json
7161	DealTech/agents/agents/buyer-side-acquisition-loop-agent/06_examples/recorded_full_pipeline_case/run_output/stages/block_b/provider/B3/attempt_02/provider_response_raw.json
893	DealTech/agents/agents/buyer-side-acquisition-loop-agent/06_examples/recorded_full_pipeline_case/run_output/stages/block_b/provider/B3/attempt_02/provider_trace.json
3	DealTech/agents/agents/buyer-side-acquisition-loop-agent/06_examples/recorded_full_pipeline_case/run_output/stages/block_b/provider/B3/attempt_02/rejected_objects.json
3	DealTech/agents/agents/buyer-side-acquisition-loop-agent/06_examples/recorded_full_pipeline_case/run_output/stages/block_b/provider/B3/attempt_02/returned_citations.json
41	DealTech/agents/agents/buyer-side-acquisition-loop-agent/06_examples/recorded_full_pipeline_case/run_output/stages/block_b/provider/B3/attempt_02/search_queries.json
3	DealTech/agents/agents/buyer-side-acquisition-loop-agent/06_examples/recorded_full_pipeline_case/run_output/stages/block_b/provider/B3/attempt_02/tool_calls.json
783	DealTech/agents/agents/buyer-side-acquisition-loop-agent/06_examples/recorded_full_pipeline_case/run_output/stages/block_b/provider/B3/attempt_02/validation_result.json
4690	DealTech/agents/agents/buyer-side-acquisition-loop-agent/06_examples/recorded_full_pipeline_case/run_output/stages/block_b/provider/B4/attempt_01/admitted_objects.json
10572	DealTech/agents/agents/buyer-side-acquisition-loop-agent/06_examples/recorded_full_pipeline_case/run_output/stages/block_b/provider/B4/attempt_01/provider_request.json
12704	DealTech/agents/agents/buyer-side-acquisition-loop-agent/06_examples/recorded_full_pipeline_case/run_output/stages/block_b/provider/B4/attempt_01/provider_response_raw.json
868	DealTech/agents/agents/buyer-side-acquisition-loop-agent/06_examples/recorded_full_pipeline_case/run_output/stages/block_b/provider/B4/attempt_01/provider_trace.json
3	DealTech/agents/agents/buyer-side-acquisition-loop-agent/06_examples/recorded_full_pipeline_case/run_output/stages/block_b/provider/B4/attempt_01/rejected_objects.json
3	DealTech/agents/agents/buyer-side-acquisition-loop-agent/06_examples/recorded_full_pipeline_case/run_output/stages/block_b/provider/B4/attempt_01/returned_citations.json
3	DealTech/agents/agents/buyer-side-acquisition-loop-agent/06_examples/recorded_full_pipeline_case/run_output/stages/block_b/provider/B4/attempt_01/search_queries.json
3	DealTech/agents/agents/buyer-side-acquisition-loop-agent/06_examples/recorded_full_pipeline_case/run_output/stages/block_b/provider/B4/attempt_01/tool_calls.json
799	DealTech/agents/agents/buyer-side-acquisition-loop-agent/06_examples/recorded_full_pipeline_case/run_output/stages/block_b/provider/B4/attempt_01/validation_result.json
4225	DealTech/agents/agents/buyer-side-acquisition-loop-agent/06_examples/recorded_full_pipeline_case/run_output/stages/block_b/provider/B5/attempt_01/admitted_objects.json
13295	DealTech/agents/agents/buyer-side-acquisition-loop-agent/06_examples/recorded_full_pipeline_case/run_output/stages/block_b/provider/B5/attempt_01/provider_request.json
12874	DealTech/agents/agents/buyer-side-acquisition-loop-agent/06_examples/recorded_full_pipeline_case/run_output/stages/block_b/provider/B5/attempt_01/provider_response_raw.json
837	DealTech/agents/agents/buyer-side-acquisition-loop-agent/06_examples/recorded_full_pipeline_case/run_output/stages/block_b/provider/B5/attempt_01/provider_trace.json
3	DealTech/agents/agents/buyer-side-acquisition-loop-agent/06_examples/recorded_full_pipeline_case/run_output/stages/block_b/provider/B5/attempt_01/rejected_objects.json
3	DealTech/agents/agents/buyer-side-acquisition-loop-agent/06_examples/recorded_full_pipeline_case/run_output/stages/block_b/provider/B5/attempt_01/returned_citations.json
3	DealTech/agents/agents/buyer-side-acquisition-loop-agent/06_examples/recorded_full_pipeline_case/run_output/stages/block_b/provider/B5/attempt_01/search_queries.json
3	DealTech/agents/agents/buyer-side-acquisition-loop-agent/06_examples/recorded_full_pipeline_case/run_output/stages/block_b/provider/B5/attempt_01/tool_calls.json
768	DealTech/agents/agents/buyer-side-acquisition-loop-agent/06_examples/recorded_full_pipeline_case/run_output/stages/block_b/provider/B5/attempt_01/validation_result.json
3730	DealTech/agents/agents/buyer-side-acquisition-loop-agent/06_examples/recorded_full_pipeline_case/run_output/stages/block_b/provider/B5/attempt_02/admitted_objects.json
17961	DealTech/agents/agents/buyer-side-acquisition-loop-agent/06_examples/recorded_full_pipeline_case/run_output/stages/block_b/provider/B5/attempt_02/provider_request.json
5736	DealTech/agents/agents/buyer-side-acquisition-loop-agent/06_examples/recorded_full_pipeline_case/run_output/stages/block_b/provider/B5/attempt_02/provider_response_raw.json
815	DealTech/agents/agents/buyer-side-acquisition-loop-agent/06_examples/recorded_full_pipeline_case/run_output/stages/block_b/provider/B5/attempt_02/provider_trace.json
3	DealTech/agents/agents/buyer-side-acquisition-loop-agent/06_examples/recorded_full_pipeline_case/run_output/stages/block_b/provider/B5/attempt_02/rejected_objects.json
3	DealTech/agents/agents/buyer-side-acquisition-loop-agent/06_examples/recorded_full_pipeline_case/run_output/stages/block_b/provider/B5/attempt_02/returned_citations.json
3	DealTech/agents/agents/buyer-side-acquisition-loop-agent/06_examples/recorded_full_pipeline_case/run_output/stages/block_b/provider/B5/attempt_02/search_queries.json
3	DealTech/agents/agents/buyer-side-acquisition-loop-agent/06_examples/recorded_full_pipeline_case/run_output/stages/block_b/provider/B5/attempt_02/tool_calls.json
748	DealTech/agents/agents/buyer-side-acquisition-loop-agent/06_examples/recorded_full_pipeline_case/run_output/stages/block_b/provider/B5/attempt_02/validation_result.json
1519	DealTech/agents/agents/buyer-side-acquisition-loop-agent/06_examples/recorded_full_pipeline_case/run_output/stages/block_b/run_summary.json
774	DealTech/agents/agents/buyer-side-acquisition-loop-agent/06_examples/recorded_full_pipeline_case/run_output/stages/block_c/00_input/attachment_manifest.json
226632	DealTech/agents/agents/buyer-side-acquisition-loop-agent/06_examples/recorded_full_pipeline_case/run_output/stages/block_c/00_input/block_c_input_bundle.json
578	DealTech/agents/agents/buyer-side-acquisition-loop-agent/06_examples/recorded_full_pipeline_case/run_output/stages/block_c/00_input/block_c_input_validation.json
4407	DealTech/agents/agents/buyer-side-acquisition-loop-agent/06_examples/recorded_full_pipeline_case/run_output/stages/block_c/00_input/block_c_research_plan.json
245262	DealTech/agents/agents/buyer-side-acquisition-loop-agent/06_examples/recorded_full_pipeline_case/run_output/stages/block_c/00_input/case.json
394	DealTech/agents/agents/buyer-side-acquisition-loop-agent/06_examples/recorded_full_pipeline_case/run_output/stages/block_c/00_input/upstream_integrity_after.json
5556	DealTech/agents/agents/buyer-side-acquisition-loop-agent/06_examples/recorded_full_pipeline_case/run_output/stages/block_c/01_research/assumptions.json
16568	DealTech/agents/agents/buyer-side-acquisition-loop-agent/06_examples/recorded_full_pipeline_case/run_output/stages/block_c/01_research/claims.json
5669	DealTech/agents/agents/buyer-side-acquisition-loop-agent/06_examples/recorded_full_pipeline_case/run_output/stages/block_c/01_research/counterevidence.json
14931	DealTech/agents/agents/buyer-side-acquisition-loop-agent/06_examples/recorded_full_pipeline_case/run_output/stages/block_c/01_research/evidence.json
11933	DealTech/agents/agents/buyer-side-acquisition-loop-agent/06_examples/recorded_full_pipeline_case/run_output/stages/block_c/01_research/source_registry.json
5309	DealTech/agents/agents/buyer-side-acquisition-loop-agent/06_examples/recorded_full_pipeline_case/run_output/stages/block_c/01_research/unknowns.json
2943	DealTech/agents/agents/buyer-side-acquisition-loop-agent/06_examples/recorded_full_pipeline_case/run_output/stages/block_c/02_modules/c1_executions.json
5682	DealTech/agents/agents/buyer-side-acquisition-loop-agent/06_examples/recorded_full_pipeline_case/run_output/stages/block_c/02_modules/c2_executions.json
2909	DealTech/agents/agents/buyer-side-acquisition-loop-agent/06_examples/recorded_full_pipeline_case/run_output/stages/block_c/02_modules/c3_executions.json
5841	DealTech/agents/agents/buyer-side-acquisition-loop-agent/06_examples/recorded_full_pipeline_case/run_output/stages/block_c/02_modules/c4_executions.json
5505	DealTech/agents/agents/buyer-side-acquisition-loop-agent/06_examples/recorded_full_pipeline_case/run_output/stages/block_c/02_modules/c5_executions.json
22868	DealTech/agents/agents/buyer-side-acquisition-loop-agent/06_examples/recorded_full_pipeline_case/run_output/stages/block_c/02_modules/module_executions.json
2987	DealTech/agents/agents/buyer-side-acquisition-loop-agent/06_examples/recorded_full_pipeline_case/run_output/stages/block_c/03_risk_records/diligence_finding_history.json
2690	DealTech/agents/agents/buyer-side-acquisition-loop-agent/06_examples/recorded_full_pipeline_case/run_output/stages/block_c/03_risk_records/downside_scenario_history.json
1397	DealTech/agents/agents/buyer-side-acquisition-loop-agent/06_examples/recorded_full_pipeline_case/run_output/stages/block_c/03_risk_records/integration_risk_history.json
2987	DealTech/agents/agents/buyer-side-acquisition-loop-agent/06_examples/recorded_full_pipeline_case/run_output/stages/block_c/03_risk_records/latest_diligence_findings.json
1358	DealTech/agents/agents/buyer-side-acquisition-loop-agent/06_examples/recorded_full_pipeline_case/run_output/stages/block_c/03_risk_records/latest_downside_scenarios.json
1397	DealTech/agents/agents/buyer-side-acquisition-loop-agent/06_examples/recorded_full_pipeline_case/run_output/stages/block_c/03_risk_records/latest_integration_risks.json
1073	DealTech/agents/agents/buyer-side-acquisition-loop-agent/06_examples/recorded_full_pipeline_case/run_output/stages/block_c/03_risk_records/latest_regulatory_risks.json
2047	DealTech/agents/agents/buyer-side-acquisition-loop-agent/06_examples/recorded_full_pipeline_case/run_output/stages/block_c/03_risk_records/regulatory_risk_history.json
365	DealTech/agents/agents/buyer-side-acquisition-loop-agent/06_examples/recorded_full_pipeline_case/run_output/stages/block_c/04_controls/certification_adapter_boundary.json
160	DealTech/agents/agents/buyer-side-acquisition-loop-agent/06_examples/recorded_full_pipeline_case/run_output/stages/block_c/04_controls/control_execution_order.json
5261	DealTech/agents/agents/buyer-side-acquisition-loop-agent/06_examples/recorded_full_pipeline_case/run_output/stages/block_c/04_controls/er_brb_results.json
2164	DealTech/agents/agents/buyer-side-acquisition-loop-agent/06_examples/recorded_full_pipeline_case/run_output/stages/block_c/04_controls/human_review_items.json
16307	DealTech/agents/agents/buyer-side-acquisition-loop-agent/06_examples/recorded_full_pipeline_case/run_output/stages/block_c/04_controls/pce_prechecks.json
9396	DealTech/agents/agents/buyer-side-acquisition-loop-agent/06_examples/recorded_full_pipeline_case/run_output/stages/block_c/04_controls/pce_results.json
4435	DealTech/agents/agents/buyer-side-acquisition-loop-agent/06_examples/recorded_full_pipeline_case/run_output/stages/block_c/05_gate_c/decision_state.json
42341	DealTech/agents/agents/buyer-side-acquisition-loop-agent/06_examples/recorded_full_pipeline_case/run_output/stages/block_c/05_gate_c/gate_c_history.json
20328	DealTech/agents/agents/buyer-side-acquisition-loop-agent/06_examples/recorded_full_pipeline_case/run_output/stages/block_c/05_gate_c/gate_c_result.json
727	DealTech/agents/agents/buyer-side-acquisition-loop-agent/06_examples/recorded_full_pipeline_case/run_output/stages/block_c/09_loop/iteration_records.json
356	DealTech/agents/agents/buyer-side-acquisition-loop-agent/06_examples/recorded_full_pipeline_case/run_output/stages/block_c/09_loop/memory_state.json
573	DealTech/agents/agents/buyer-side-acquisition-loop-agent/06_examples/recorded_full_pipeline_case/run_output/stages/block_c/09_loop/research_gap_history.json
1726	DealTech/agents/agents/buyer-side-acquisition-loop-agent/06_examples/recorded_full_pipeline_case/run_output/stages/block_c/09_loop/unified_loop_events.json
2164	DealTech/agents/agents/buyer-side-acquisition-loop-agent/06_examples/recorded_full_pipeline_case/run_output/stages/block_c/human_review/human_review_items.json
3	DealTech/agents/agents/buyer-side-acquisition-loop-agent/06_examples/recorded_full_pipeline_case/run_output/stages/block_c/human_review/human_review_responses.json
640	DealTech/agents/agents/buyer-side-acquisition-loop-agent/06_examples/recorded_full_pipeline_case/run_output/stages/block_c/human_review/response_template.json
3	DealTech/agents/agents/buyer-side-acquisition-loop-agent/06_examples/recorded_full_pipeline_case/run_output/stages/block_c/human_review/response_validation_results.json
4152	DealTech/agents/agents/buyer-side-acquisition-loop-agent/06_examples/recorded_full_pipeline_case/run_output/stages/block_c/human_review/review_item_history.json
5830	DealTech/agents/agents/buyer-side-acquisition-loop-agent/06_examples/recorded_full_pipeline_case/run_output/stages/block_c/provider/C1/attempt_01/admitted_objects.json
9206	DealTech/agents/agents/buyer-side-acquisition-loop-agent/06_examples/recorded_full_pipeline_case/run_output/stages/block_c/provider/C1/attempt_01/provider_request.json
11179	DealTech/agents/agents/buyer-side-acquisition-loop-agent/06_examples/recorded_full_pipeline_case/run_output/stages/block_c/provider/C1/attempt_01/provider_response_raw.json
1008	DealTech/agents/agents/buyer-side-acquisition-loop-agent/06_examples/recorded_full_pipeline_case/run_output/stages/block_c/provider/C1/attempt_01/provider_trace.json
3	DealTech/agents/agents/buyer-side-acquisition-loop-agent/06_examples/recorded_full_pipeline_case/run_output/stages/block_c/provider/C1/attempt_01/rejected_objects.json
3	DealTech/agents/agents/buyer-side-acquisition-loop-agent/06_examples/recorded_full_pipeline_case/run_output/stages/block_c/provider/C1/attempt_01/returned_citations.json
60	DealTech/agents/agents/buyer-side-acquisition-loop-agent/06_examples/recorded_full_pipeline_case/run_output/stages/block_c/provider/C1/attempt_01/search_queries.json
74	DealTech/agents/agents/buyer-side-acquisition-loop-agent/06_examples/recorded_full_pipeline_case/run_output/stages/block_c/provider/C1/attempt_01/tool_calls.json
839	DealTech/agents/agents/buyer-side-acquisition-loop-agent/06_examples/recorded_full_pipeline_case/run_output/stages/block_c/provider/C1/attempt_01/validation_result.json
3895	DealTech/agents/agents/buyer-side-acquisition-loop-agent/06_examples/recorded_full_pipeline_case/run_output/stages/block_c/provider/C2/attempt_01/admitted_objects.json
9334	DealTech/agents/agents/buyer-side-acquisition-loop-agent/06_examples/recorded_full_pipeline_case/run_output/stages/block_c/provider/C2/attempt_01/provider_request.json
6766	DealTech/agents/agents/buyer-side-acquisition-loop-agent/06_examples/recorded_full_pipeline_case/run_output/stages/block_c/provider/C2/attempt_01/provider_response_raw.json
944	DealTech/agents/agents/buyer-side-acquisition-loop-agent/06_examples/recorded_full_pipeline_case/run_output/stages/block_c/provider/C2/attempt_01/provider_trace.json
3	DealTech/agents/agents/buyer-side-acquisition-loop-agent/06_examples/recorded_full_pipeline_case/run_output/stages/block_c/provider/C2/attempt_01/rejected_objects.json
3	DealTech/agents/agents/buyer-side-acquisition-loop-agent/06_examples/recorded_full_pipeline_case/run_output/stages/block_c/provider/C2/attempt_01/returned_citations.json
50	DealTech/agents/agents/buyer-side-acquisition-loop-agent/06_examples/recorded_full_pipeline_case/run_output/stages/block_c/provider/C2/attempt_01/search_queries.json
74	DealTech/agents/agents/buyer-side-acquisition-loop-agent/06_examples/recorded_full_pipeline_case/run_output/stages/block_c/provider/C2/attempt_01/tool_calls.json
785	DealTech/agents/agents/buyer-side-acquisition-loop-agent/06_examples/recorded_full_pipeline_case/run_output/stages/block_c/provider/C2/attempt_01/validation_result.json
3980	DealTech/agents/agents/buyer-side-acquisition-loop-agent/06_examples/recorded_full_pipeline_case/run_output/stages/block_c/provider/C2/attempt_02/admitted_objects.json
14715	DealTech/agents/agents/buyer-side-acquisition-loop-agent/06_examples/recorded_full_pipeline_case/run_output/stages/block_c/provider/C2/attempt_02/provider_request.json
6988	DealTech/agents/agents/buyer-side-acquisition-loop-agent/06_examples/recorded_full_pipeline_case/run_output/stages/block_c/provider/C2/attempt_02/provider_response_raw.json
951	DealTech/agents/agents/buyer-side-acquisition-loop-agent/06_examples/recorded_full_pipeline_case/run_output/stages/block_c/provider/C2/attempt_02/provider_trace.json
3	DealTech/agents/agents/buyer-side-acquisition-loop-agent/06_examples/recorded_full_pipeline_case/run_output/stages/block_c/provider/C2/attempt_02/rejected_objects.json
3	DealTech/agents/agents/buyer-side-acquisition-loop-agent/06_examples/recorded_full_pipeline_case/run_output/stages/block_c/provider/C2/attempt_02/returned_citations.json
55	DealTech/agents/agents/buyer-side-acquisition-loop-agent/06_examples/recorded_full_pipeline_case/run_output/stages/block_c/provider/C2/attempt_02/search_queries.json
76	DealTech/agents/agents/buyer-side-acquisition-loop-agent/06_examples/recorded_full_pipeline_case/run_output/stages/block_c/provider/C2/attempt_02/tool_calls.json
785	DealTech/agents/agents/buyer-side-acquisition-loop-agent/06_examples/recorded_full_pipeline_case/run_output/stages/block_c/provider/C2/attempt_02/validation_result.json
4028	DealTech/agents/agents/buyer-side-acquisition-loop-agent/06_examples/recorded_full_pipeline_case/run_output/stages/block_c/provider/C3/attempt_01/admitted_objects.json
10147	DealTech/agents/agents/buyer-side-acquisition-loop-agent/06_examples/recorded_full_pipeline_case/run_output/stages/block_c/provider/C3/attempt_01/provider_request.json
7442	DealTech/agents/agents/buyer-side-acquisition-loop-agent/06_examples/recorded_full_pipeline_case/run_output/stages/block_c/provider/C3/attempt_01/provider_response_raw.json
966	DealTech/agents/agents/buyer-side-acquisition-loop-agent/06_examples/recorded_full_pipeline_case/run_output/stages/block_c/provider/C3/attempt_01/provider_trace.json
3	DealTech/agents/agents/buyer-side-acquisition-loop-agent/06_examples/recorded_full_pipeline_case/run_output/stages/block_c/provider/C3/attempt_01/rejected_objects.json
3	DealTech/agents/agents/buyer-side-acquisition-loop-agent/06_examples/recorded_full_pipeline_case/run_output/stages/block_c/provider/C3/attempt_01/returned_citations.json
72	DealTech/agents/agents/buyer-side-acquisition-loop-agent/06_examples/recorded_full_pipeline_case/run_output/stages/block_c/provider/C3/attempt_01/search_queries.json
74	DealTech/agents/agents/buyer-side-acquisition-loop-agent/06_examples/recorded_full_pipeline_case/run_output/stages/block_c/provider/C3/attempt_01/tool_calls.json
785	DealTech/agents/agents/buyer-side-acquisition-loop-agent/06_examples/recorded_full_pipeline_case/run_output/stages/block_c/provider/C3/attempt_01/validation_result.json
4062	DealTech/agents/agents/buyer-side-acquisition-loop-agent/06_examples/recorded_full_pipeline_case/run_output/stages/block_c/provider/C4/attempt_01/admitted_objects.json
12540	DealTech/agents/agents/buyer-side-acquisition-loop-agent/06_examples/recorded_full_pipeline_case/run_output/stages/block_c/provider/C4/attempt_01/provider_request.json
7419	DealTech/agents/agents/buyer-side-acquisition-loop-agent/06_examples/recorded_full_pipeline_case/run_output/stages/block_c/provider/C4/attempt_01/provider_response_raw.json
946	DealTech/agents/agents/buyer-side-acquisition-loop-agent/06_examples/recorded_full_pipeline_case/run_output/stages/block_c/provider/C4/attempt_01/provider_trace.json
3	DealTech/agents/agents/buyer-side-acquisition-loop-agent/06_examples/recorded_full_pipeline_case/run_output/stages/block_c/provider/C4/attempt_01/rejected_objects.json
3	DealTech/agents/agents/buyer-side-acquisition-loop-agent/06_examples/recorded_full_pipeline_case/run_output/stages/block_c/provider/C4/attempt_01/returned_citations.json
60	DealTech/agents/agents/buyer-side-acquisition-loop-agent/06_examples/recorded_full_pipeline_case/run_output/stages/block_c/provider/C4/attempt_01/search_queries.json
66	DealTech/agents/agents/buyer-side-acquisition-loop-agent/06_examples/recorded_full_pipeline_case/run_output/stages/block_c/provider/C4/attempt_01/tool_calls.json
785	DealTech/agents/agents/buyer-side-acquisition-loop-agent/06_examples/recorded_full_pipeline_case/run_output/stages/block_c/provider/C4/attempt_01/validation_result.json
3009	DealTech/agents/agents/buyer-side-acquisition-loop-agent/06_examples/recorded_full_pipeline_case/run_output/stages/block_c/provider/C4/attempt_02/admitted_objects.json
17253	DealTech/agents/agents/buyer-side-acquisition-loop-agent/06_examples/recorded_full_pipeline_case/run_output/stages/block_c/provider/C4/attempt_02/provider_request.json
7416	DealTech/agents/agents/buyer-side-acquisition-loop-agent/06_examples/recorded_full_pipeline_case/run_output/stages/block_c/provider/C4/attempt_02/provider_response_raw.json
1186	DealTech/agents/agents/buyer-side-acquisition-loop-agent/06_examples/recorded_full_pipeline_case/run_output/stages/block_c/provider/C4/attempt_02/provider_trace.json
245	DealTech/agents/agents/buyer-side-acquisition-loop-agent/06_examples/recorded_full_pipeline_case/run_output/stages/block_c/provider/C4/attempt_02/rejected_objects.json
3	DealTech/agents/agents/buyer-side-acquisition-loop-agent/06_examples/recorded_full_pipeline_case/run_output/stages/block_c/provider/C4/attempt_02/returned_citations.json
63	DealTech/agents/agents/buyer-side-acquisition-loop-agent/06_examples/recorded_full_pipeline_case/run_output/stages/block_c/provider/C4/attempt_02/search_queries.json
78	DealTech/agents/agents/buyer-side-acquisition-loop-agent/06_examples/recorded_full_pipeline_case/run_output/stages/block_c/provider/C4/attempt_02/tool_calls.json
754	DealTech/agents/agents/buyer-side-acquisition-loop-agent/06_examples/recorded_full_pipeline_case/run_output/stages/block_c/provider/C4/attempt_02/validation_result.json
3867	DealTech/agents/agents/buyer-side-acquisition-loop-agent/06_examples/recorded_full_pipeline_case/run_output/stages/block_c/provider/C5/attempt_01/admitted_objects.json
13923	DealTech/agents/agents/buyer-side-acquisition-loop-agent/06_examples/recorded_full_pipeline_case/run_output/stages/block_c/provider/C5/attempt_01/provider_request.json
6014	DealTech/agents/agents/buyer-side-acquisition-loop-agent/06_examples/recorded_full_pipeline_case/run_output/stages/block_c/provider/C5/attempt_01/provider_response_raw.json
895	DealTech/agents/agents/buyer-side-acquisition-loop-agent/06_examples/recorded_full_pipeline_case/run_output/stages/block_c/provider/C5/attempt_01/provider_trace.json
3	DealTech/agents/agents/buyer-side-acquisition-loop-agent/06_examples/recorded_full_pipeline_case/run_output/stages/block_c/provider/C5/attempt_01/rejected_objects.json
3	DealTech/agents/agents/buyer-side-acquisition-loop-agent/06_examples/recorded_full_pipeline_case/run_output/stages/block_c/provider/C5/attempt_01/returned_citations.json
3	DealTech/agents/agents/buyer-side-acquisition-loop-agent/06_examples/recorded_full_pipeline_case/run_output/stages/block_c/provider/C5/attempt_01/search_queries.json
76	DealTech/agents/agents/buyer-side-acquisition-loop-agent/06_examples/recorded_full_pipeline_case/run_output/stages/block_c/provider/C5/attempt_01/tool_calls.json
785	DealTech/agents/agents/buyer-side-acquisition-loop-agent/06_examples/recorded_full_pipeline_case/run_output/stages/block_c/provider/C5/attempt_01/validation_result.json
3017	DealTech/agents/agents/buyer-side-acquisition-loop-agent/06_examples/recorded_full_pipeline_case/run_output/stages/block_c/provider/C5/attempt_02/admitted_objects.json
18552	DealTech/agents/agents/buyer-side-acquisition-loop-agent/06_examples/recorded_full_pipeline_case/run_output/stages/block_c/provider/C5/attempt_02/provider_request.json
6028	DealTech/agents/agents/buyer-side-acquisition-loop-agent/06_examples/recorded_full_pipeline_case/run_output/stages/block_c/provider/C5/attempt_02/provider_response_raw.json
1126	DealTech/agents/agents/buyer-side-acquisition-loop-agent/06_examples/recorded_full_pipeline_case/run_output/stages/block_c/provider/C5/attempt_02/provider_trace.json
245	DealTech/agents/agents/buyer-side-acquisition-loop-agent/06_examples/recorded_full_pipeline_case/run_output/stages/block_c/provider/C5/attempt_02/rejected_objects.json
3	DealTech/agents/agents/buyer-side-acquisition-loop-agent/06_examples/recorded_full_pipeline_case/run_output/stages/block_c/provider/C5/attempt_02/returned_citations.json
3	DealTech/agents/agents/buyer-side-acquisition-loop-agent/06_examples/recorded_full_pipeline_case/run_output/stages/block_c/provider/C5/attempt_02/search_queries.json
82	DealTech/agents/agents/buyer-side-acquisition-loop-agent/06_examples/recorded_full_pipeline_case/run_output/stages/block_c/provider/C5/attempt_02/tool_calls.json
754	DealTech/agents/agents/buyer-side-acquisition-loop-agent/06_examples/recorded_full_pipeline_case/run_output/stages/block_c/provider/C5/attempt_02/validation_result.json
10338	DealTech/agents/agents/buyer-side-acquisition-loop-agent/06_examples/recorded_full_pipeline_case/run_output/stages/block_c/reporting/calculation_appendix.md
10259	DealTech/agents/agents/buyer-side-acquisition-loop-agent/06_examples/recorded_full_pipeline_case/run_output/stages/block_c/reporting/evidence_appendix.md
4186	DealTech/agents/agents/buyer-side-acquisition-loop-agent/06_examples/recorded_full_pipeline_case/run_output/stages/block_c/reporting/executive_decision_summary.md
63246	DealTech/agents/agents/buyer-side-acquisition-loop-agent/06_examples/recorded_full_pipeline_case/run_output/stages/block_c/reporting/final_acquisition_strategy_report.md
719	DealTech/agents/agents/buyer-side-acquisition-loop-agent/06_examples/recorded_full_pipeline_case/run_output/stages/block_c/reporting/final_delivery_certificate.json
1758	DealTech/agents/agents/buyer-side-acquisition-loop-agent/06_examples/recorded_full_pipeline_case/run_output/stages/block_c/reporting/final_delivery_verification.json
7037	DealTech/agents/agents/buyer-side-acquisition-loop-agent/06_examples/recorded_full_pipeline_case/run_output/stages/block_c/reporting/human_review_pack.md
45096	DealTech/agents/agents/buyer-side-acquisition-loop-agent/06_examples/recorded_full_pipeline_case/run_output/stages/block_c/reporting/report_manifest.json
958	DealTech/agents/agents/buyer-side-acquisition-loop-agent/06_examples/recorded_full_pipeline_case/run_output/stages/block_c/run_summary.json
4295	DealTech/agents/agents/buyer-side-acquisition-loop-agent/06_examples/recorded_full_pipeline_case/run_output/stages/block_c/state/final_terminal_state.json
4437	DealTech/agents/agents/buyer-side-acquisition-loop-agent/06_examples/recorded_full_pipeline_case/run_output/stages/block_c/state/terminal_state_history.json
420	DealTech/agents/agents/buyer-side-acquisition-loop-agent/06_examples/recorded_full_pipeline_case/sample_output/cross_block_consistency_result.json
4435	DealTech/agents/agents/buyer-side-acquisition-loop-agent/06_examples/recorded_full_pipeline_case/sample_output/decision_state.json
63246	DealTech/agents/agents/buyer-side-acquisition-loop-agent/06_examples/recorded_full_pipeline_case/sample_output/final_acquisition_strategy_report.md
1758	DealTech/agents/agents/buyer-side-acquisition-loop-agent/06_examples/recorded_full_pipeline_case/sample_output/final_delivery_verification.json
38277	DealTech/agents/agents/buyer-side-acquisition-loop-agent/06_examples/recorded_full_pipeline_case/sample_output/gate_a_result.json
14735	DealTech/agents/agents/buyer-side-acquisition-loop-agent/06_examples/recorded_full_pipeline_case/sample_output/gate_b_result.json
20328	DealTech/agents/agents/buyer-side-acquisition-loop-agent/06_examples/recorded_full_pipeline_case/sample_output/gate_c_result.json
1821	DealTech/agents/agents/buyer-side-acquisition-loop-agent/06_examples/recorded_full_pipeline_case/sample_output/run_manifest.json
869	DealTech/agents/agents/buyer-side-acquisition-loop-agent/06_examples/recorded_full_pipeline_case/sample_output/run_summary.json
35288	DealTech/agents/agents/buyer-side-acquisition-loop-agent/06_examples/synthetic_complete_acquisition_case/case.yaml
4631	DealTech/agents/agents/buyer-side-acquisition-loop-agent/06_examples/synthetic_human_only_information_case/case.yaml
1861	DealTech/agents/agents/buyer-side-acquisition-loop-agent/06_examples/synthetic_human_only_information_case/invalid_unauthorized_response.json
2882	DealTech/agents/agents/buyer-side-acquisition-loop-agent/06_examples/synthetic_human_only_information_case/valid_human_review_response.json
4291	DealTech/agents/agents/buyer-side-acquisition-loop-agent/06_examples/synthetic_iteration_budget_case/case.yaml
4722	DealTech/agents/agents/buyer-side-acquisition-loop-agent/06_examples/synthetic_minimal_loop_case/case.yaml
1042	DealTech/agents/agents/buyer-side-acquisition-loop-agent/06_examples/synthetic_minimal_loop_case/expected_behavior.md
3551	DealTech/agents/agents/buyer-side-acquisition-loop-agent/06_examples/synthetic_no_progress_case/case.yaml
5926	DealTech/agents/agents/buyer-side-acquisition-loop-agent/06_examples/synthetic_repeated_evidence_failure_case/case.yaml
366	DealTech/agents/agents/buyer-side-acquisition-loop-agent/06_examples/teacher_case_template/attachment_manifest.json
1598	DealTech/agents/agents/buyer-side-acquisition-loop-agent/06_examples/teacher_case_template/case.yaml
1426	DealTech/agents/agents/buyer-side-acquisition-loop-agent/CASE_INPUT_GUIDE.md
1365	DealTech/agents/agents/merger-strategy-agent/03_prompts/merger_case_prompt.md
666	DealTech/agents/agents/merger-strategy-agent/04_schemas/merger_case_schema.md
282	DealTech/agents/agents/merger-strategy-agent/05_ER_BRB/ER_BRB_case_result.md
388	DealTech/agents/agents/merger-strategy-agent/06_PCE/PCE_case_result.md
329	DealTech/agents/agents/merger-strategy-agent/07_case_studies/README.md
268	DealTech/agents/agents/merger-strategy-agent/07_case_studies/_framework_only_run/final_output.md
321	DealTech/agents/agents/merger-strategy-agent/07_case_studies/_framework_only_run/framework_status.json
268	DealTech/agents/agents/merger-strategy-agent/07_case_studies/_framework_only_run/framework_status.md
2496	DealTech/agents/agents/shell-company-screening-agent/03_prompts/case_study_generation_prompt.md
1719	DealTech/agents/agents/shell-company-screening-agent/05_ER_BRB/ER_BRB_case_result.md
1747	DealTech/agents/agents/shell-company-screening-agent/06_PCE/PCE_case_result.md
5571	DealTech/agents/agents/shell-company-screening-agent/07_case_studies/case_001_tonton_shell_company_screening/ER_BRB_case_result.md
5571	DealTech/agents/agents/shell-company-screening-agent/07_case_studies/case_001_tonton_shell_company_screening/ER_BRB_result.md
7141	DealTech/agents/agents/shell-company-screening-agent/07_case_studies/case_001_tonton_shell_company_screening/PCE_case_result.md
7141	DealTech/agents/agents/shell-company-screening-agent/07_case_studies/case_001_tonton_shell_company_screening/PCE_result.md
541	DealTech/agents/agents/shell-company-screening-agent/07_case_studies/case_001_tonton_shell_company_screening/case_brief.md
19332	DealTech/agents/agents/shell-company-screening-agent/07_case_studies/case_001_tonton_shell_company_screening/certification_result.json
839	DealTech/agents/agents/shell-company-screening-agent/07_case_studies/case_001_tonton_shell_company_screening/claim_to_evidence_map.csv
1187	DealTech/agents/agents/shell-company-screening-agent/07_case_studies/case_001_tonton_shell_company_screening/evidence_table.md
594	DealTech/agents/agents/shell-company-screening-agent/07_case_studies/case_001_tonton_shell_company_screening/final_delivery_certificate.md
1164	DealTech/agents/agents/shell-company-screening-agent/07_case_studies/case_001_tonton_shell_company_screening/final_output.md
2052	DealTech/agents/agents/shell-company-screening-agent/07_case_studies/case_001_tonton_shell_company_screening/input_setting.md
340	DealTech/agents/agents/shell-company-screening-agent/07_case_studies/case_001_tonton_shell_company_screening/limitations.md
16737	DealTech/agents/agents/shell-company-screening-agent/07_case_studies/case_001_tonton_shell_company_screening/research_trace.md
3804	DealTech/agents/agents/shell-company-screening-agent/07_case_studies/case_001_tonton_shell_company_screening/scoped_claim_audit_result.md
3364	DealTech/agents/agents/shell-company-screening-agent/07_case_studies/case_001_tonton_shell_company_screening/scoped_claim_audit_sample.csv
1326	DealTech/agents/agents/shell-company-screening-agent/07_case_studies/case_001_tonton_shell_company_screening/source_registry.md
11500	DealTech/agents/agents/shell-company-screening-agent/07_case_studies/case_001_tonton_shell_company_screening/supporting_files/delivery/delivery_manifest.json
10849	DealTech/agents/agents/shell-company-screening-agent/07_case_studies/case_001_tonton_shell_company_screening/supporting_files/delivery/final_delivery_certificate.md
1281	DealTech/agents/agents/shell-company-screening-agent/07_case_studies/case_001_tonton_shell_company_screening/supporting_files/delivery/final_delivery_gate.md
1535	DealTech/agents/agents/shell-company-screening-agent/07_case_studies/case_001_tonton_shell_company_screening/supporting_files/delivery/readiness_result.json
6243	DealTech/agents/agents/shell-company-screening-agent/07_case_studies/case_001_tonton_shell_company_screening/supporting_files/delivery/top_candidate_dd_review_pack.md
7939	DealTech/agents/agents/shell-company-screening-agent/07_case_studies/case_001_tonton_shell_company_screening/supporting_files/delivery/tuntun_hk_case_study.md
904	DealTech/agents/agents/shell-company-screening-agent/07_case_studies/case_001_tonton_shell_company_screening/supporting_files/pce_audit/certification_decision.md
2901	DealTech/agents/agents/shell-company-screening-agent/07_case_studies/case_001_tonton_shell_company_screening/supporting_files/pce_audit/certification_result.json
196	DealTech/agents/agents/shell-company-screening-agent/07_case_studies/case_001_tonton_shell_company_screening/supporting_files/pce_audit/final_delivery_gate.md
10825245	DealTech/agents/agents/shell-company-screening-agent/07_case_studies/case_001_tonton_shell_company_screening/supporting_files/pce_audit/pce_audit_current_run.csv
84443	DealTech/agents/agents/shell-company-screening-agent/07_case_studies/case_001_tonton_shell_company_screening/supporting_files/pce_audit/pce_audit_current_run.xlsx
3443	DealTech/agents/agents/shell-company-screening-agent/07_case_studies/case_001_tonton_shell_company_screening/supporting_files/pce_audit/trajectory_certification_report.md
419200	DealTech/agents/agents/shell-company-screening-agent/07_case_studies/case_001_tonton_shell_company_screening/supporting_files/trace/candidate_universe_table.csv
8293	DealTech/agents/agents/shell-company-screening-agent/07_case_studies/case_001_tonton_shell_company_screening/supporting_files/trace/certified_research_trace_definition.md
165473	DealTech/agents/agents/shell-company-screening-agent/07_case_studies/case_001_tonton_shell_company_screening/supporting_files/trace/claim_to_evidence_map.csv
252917	DealTech/agents/agents/shell-company-screening-agent/07_case_studies/case_001_tonton_shell_company_screening/supporting_files/trace/dd_evidence_table.csv
2202183	DealTech/agents/agents/shell-company-screening-agent/07_case_studies/case_001_tonton_shell_company_screening/supporting_files/trace/er_brb_scoring_table.csv
516544	DealTech/agents/agents/shell-company-screening-agent/07_case_studies/case_001_tonton_shell_company_screening/supporting_files/trace/exclusion_reason_table.csv
374753	DealTech/agents/agents/shell-company-screening-agent/07_case_studies/case_001_tonton_shell_company_screening/supporting_files/trace/financial_calculation_sheet.csv
663377	DealTech/agents/agents/shell-company-screening-agent/07_case_studies/case_001_tonton_shell_company_screening/supporting_files/trace/hard_filter_table.csv
212	DealTech/agents/agents/shell-company-screening-agent/07_case_studies/case_001_tonton_shell_company_screening/supporting_files/trace/human_review_checklist.csv
853	DealTech/agents/agents/shell-company-screening-agent/07_case_studies/case_001_tonton_shell_company_screening/supporting_files/trace/mandate_record.md
549	DealTech/agents/agents/shell-company-screening-agent/07_case_studies/case_001_tonton_shell_company_screening/supporting_files/trace/retrieval_log.csv
2831399	DealTech/agents/agents/shell-company-screening-agent/07_case_studies/case_001_tonton_shell_company_screening/supporting_files/trace/risk_matrix.csv
1322	DealTech/agents/agents/shell-company-screening-agent/07_case_studies/case_001_tonton_shell_company_screening/supporting_files/trace/source_inventory.csv
1765	DealTech/agents/agents/shell-company-screening-agent/07_case_studies/case_001_tonton_shell_company_screening/supporting_files/trace/workflow_pce_er_brb_map.csv
206	DealTech/agents/agents/shell-company-screening-agent/src/shell_company_screening_agent/mandate/case_profile.py
1365	DealTech/agents/agents/spac-target-acquisition-agent/05_ER_BRB/ER_BRB_case_result.md
1655	DealTech/agents/agents/spac-target-acquisition-agent/06_PCE/PCE_case_result.md
4008	DealTech/agents/agents/spac-target-acquisition-agent/07_case_studies/case_001_soren_spac_target_acquisition/ER_BRB_case_result.md
4008	DealTech/agents/agents/spac-target-acquisition-agent/07_case_studies/case_001_soren_spac_target_acquisition/ER_BRB_result.md
3436	DealTech/agents/agents/spac-target-acquisition-agent/07_case_studies/case_001_soren_spac_target_acquisition/PCE_case_result.md
3436	DealTech/agents/agents/spac-target-acquisition-agent/07_case_studies/case_001_soren_spac_target_acquisition/PCE_result.md
616	DealTech/agents/agents/spac-target-acquisition-agent/07_case_studies/case_001_soren_spac_target_acquisition/case_brief.md
15852	DealTech/agents/agents/spac-target-acquisition-agent/07_case_studies/case_001_soren_spac_target_acquisition/certification_result.json
2086	DealTech/agents/agents/spac-target-acquisition-agent/07_case_studies/case_001_soren_spac_target_acquisition/claim_to_evidence_map.csv
4315	DealTech/agents/agents/spac-target-acquisition-agent/07_case_studies/case_001_soren_spac_target_acquisition/evidence_table.md
1734	DealTech/agents/agents/spac-target-acquisition-agent/07_case_studies/case_001_soren_spac_target_acquisition/final_delivery_certificate.md
2633	DealTech/agents/agents/spac-target-acquisition-agent/07_case_studies/case_001_soren_spac_target_acquisition/final_output.md
535	DealTech/agents/agents/spac-target-acquisition-agent/07_case_studies/case_001_soren_spac_target_acquisition/input_setting.md
761	DealTech/agents/agents/spac-target-acquisition-agent/07_case_studies/case_001_soren_spac_target_acquisition/limitations.md
1928	DealTech/agents/agents/spac-target-acquisition-agent/07_case_studies/case_001_soren_spac_target_acquisition/research_trace.md
818	DealTech/agents/agents/spac-target-acquisition-agent/07_case_studies/case_001_soren_spac_target_acquisition/scoped_claim_audit_result.md
2539	DealTech/agents/agents/spac-target-acquisition-agent/07_case_studies/case_001_soren_spac_target_acquisition/scoped_claim_audit_sample.csv
3396	DealTech/agents/agents/spac-target-acquisition-agent/07_case_studies/case_001_soren_spac_target_acquisition/source_registry.md
4741	DealTech/agents/agents/spac-target-acquisition-agent/07_case_studies/case_001_soren_spac_target_acquisition/supporting_files/DD_evidence_table.csv
3008	DealTech/agents/agents/spac-target-acquisition-agent/07_case_studies/case_001_soren_spac_target_acquisition/supporting_files/ER_BRB_scoring.csv
3989	DealTech/agents/agents/spac-target-acquisition-agent/07_case_studies/case_001_soren_spac_target_acquisition/supporting_files/PCE_audit.csv
379	DealTech/agents/agents/spac-target-acquisition-agent/07_case_studies/case_001_soren_spac_target_acquisition/supporting_files/calculation_sheet.csv
5094	DealTech/agents/agents/spac-target-acquisition-agent/07_case_studies/case_001_soren_spac_target_acquisition/supporting_files/candidate_universe.csv
984	DealTech/agents/agents/spac-target-acquisition-agent/07_case_studies/case_001_soren_spac_target_acquisition/supporting_files/excluded_candidates.csv
2653	DealTech/agents/agents/spac-target-acquisition-agent/07_case_studies/case_001_soren_spac_target_acquisition/supporting_files/hard_filter_table.csv
3262	DealTech/agents/agents/spac-target-acquisition-agent/07_case_studies/case_001_soren_spac_target_acquisition/supporting_files/retained_candidates.csv
2250	DealTech/agents/agents/spac-target-acquisition-agent/07_case_studies/case_001_soren_spac_target_acquisition/supporting_files/risk_matrix.csv
396	DealTech/agents/docs/07_case_study_standard.md
1427	DealTech/agents/examples/sample_ER_BRB_tables/apple_darwinai_buyer_ER_BRB_result.md
1399	DealTech/agents/examples/sample_ER_BRB_tables/apple_darwinai_target_ER_BRB_result.md
1438	DealTech/agents/examples/sample_ER_BRB_tables/soren_spac_ER_BRB_result.md
1477	DealTech/agents/examples/sample_PCE_results/apple_darwinai_buyer_PCE_result.md
1449	DealTech/agents/examples/sample_PCE_results/apple_darwinai_target_PCE_result.md
1501	DealTech/agents/examples/sample_PCE_results/soren_spac_PCE_result.md
421	DealTech/agents/examples/sample_inputs/apple_darwinai_shared_deal_context.md
535	DealTech/agents/examples/sample_inputs/soren_spac_input_setting.md
1031	DealTech/agents/examples/sample_outputs/apple_darwinai_buyer_final_output.md
1035	DealTech/agents/examples/sample_outputs/apple_darwinai_target_final_output.md
854	DealTech/agents/examples/sample_outputs/soren_spac_final_output.md
1043	DealTech/agents/examples/sample_outputs/spac_soren_run_output.md
126	DealTech/agents/shared/templates/case_study_template.md
1426	DealTech/agents/tests/test_case_outputs.py
1246	DealTech/buyer-side-acquisition-loop-agent/06_examples/live_case_mvp/README.md
1363	DealTech/buyer-side-acquisition-loop-agent/06_examples/live_case_mvp/case.json
1563	DealTech/buyer-side-acquisition-loop-agent/06_examples/live_case_mvp/run_live_case.py
3272	DealTech/buyer-side-acquisition-loop-agent/06_examples/recorded_end_to_end_case/analysis_output.json
1043	DealTech/buyer-side-acquisition-loop-agent/06_examples/recorded_end_to_end_case/case.json
35437	DealTech/buyer-side-acquisition-loop-agent/06_examples/synthetic_complete_acquisition_case/case.yaml
24349	DealTech/buyer_side_acquisition_loop_agent/run_case.py
876	DealTech/case.json
1754	DealTech/cases/fronthera_2021.json
922	DealTech/cases/fronthera_2021_live_sourced.json
3778	DealTech/cases/fronthera_2021_live_sourced_analysis.json
96756	DealTech/cases/fronthera_2021_live_sourced_fixture.json
1720	DealTech/cases/fronthera_2021_recorded.json
4782	DealTech/cases/fronthera_2021_recorded_analysis.json
126329	DealTech/cases/fronthera_2021_recorded_fixture.json
8256	DealTech/deliverables/fronthera_2021_live_sourced_outputs.zip
3991022	DealTech/live_sources/fronthera_2021/alumis_424b4_2024.htm
37560	DealTech/live_sources/fronthera_2021/alumis_submissions.json
247523	DealTech/live_sources/fronthera_2021/clinicaltrials_esk001.json
1058	DealTech/local_cases/fronthera_2021/block_a/attachments/target_capability_brief.md
5421	DealTech/local_cases/fronthera_2021/block_a/case.yaml
89938	DealTech/local_cases/fronthera_2021/block_a/recordings/responses.json
4135	DealTech/local_cases/fronthera_2021/block_b/attachments/target_financials.xlsx
8709	DealTech/local_cases/fronthera_2021/block_b/case.yaml
129529	DealTech/local_cases/fronthera_2021/block_b/recordings/responses.json
447	DealTech/local_cases/fronthera_2021/block_c/attachments/management_representation.md
35690	DealTech/local_cases/fronthera_2021/block_c/case.yaml
78117	DealTech/local_cases/fronthera_2021/block_c/recordings/responses.json
3991022	DealTech/local_cases/fronthera_2021/evidence_raw/alumis_424b4_2024.htm
4054208	DealTech/local_cases/fronthera_2021/evidence_raw/alumis_s1_2024.htm
3870	DealTech/local_cases/fronthera_2021/full_pipeline/case.yaml
1058	DealTech/local_cases/fronthera_2021/run_output_fronthera_001/pipeline_cases/block_a/attachments/target_capability_brief.md
5505	DealTech/local_cases/fronthera_2021/run_output_fronthera_001/pipeline_cases/block_a/case.json
89697	DealTech/local_cases/fronthera_2021/run_output_fronthera_001/pipeline_cases/block_a/recordings/responses.json
4135	DealTech/local_cases/fronthera_2021/run_output_fronthera_001/pipeline_cases/block_b/attachments/target_financials.xlsx
129334	DealTech/local_cases/fronthera_2021/run_output_fronthera_001/pipeline_cases/block_b/recordings/responses.json
8283	DealTech/local_cases/fronthera_2021/run_output_fronthera_001/run_manifest.json
3	DealTech/local_cases/fronthera_2021/run_output_fronthera_001/stages/block_a/gate_a/criterion_results.json
1080	DealTech/local_cases/fronthera_2021/run_output_fronthera_001/stages/block_a/gate_a/gate_a_result.json
226	DealTech/local_cases/fronthera_2021/run_output_fronthera_001/stages/block_a/loop/controller_decisions.json
3	DealTech/local_cases/fronthera_2021/run_output_fronthera_001/stages/block_a/loop/dependency_invalidations.json
3	DealTech/local_cases/fronthera_2021/run_output_fronthera_001/stages/block_a/loop/gaps.json
119	DealTech/local_cases/fronthera_2021/run_output_fronthera_001/stages/block_a/loop/iteration_records.json
220	DealTech/local_cases/fronthera_2021/run_output_fronthera_001/stages/block_a/loop/loop_state.json
3	DealTech/local_cases/fronthera_2021/run_output_fronthera_001/stages/block_a/loop/replans.json
3	DealTech/local_cases/fronthera_2021/run_output_fronthera_001/stages/block_a/loop/research_attempts.json
44	DealTech/local_cases/fronthera_2021/run_output_fronthera_001/stages/block_a/modules/a1_transaction_context.json
44	DealTech/local_cases/fronthera_2021/run_output_fronthera_001/stages/block_a/modules/a2_buyer_strategic_need.json
44	DealTech/local_cases/fronthera_2021/run_output_fronthera_001/stages/block_a/modules/a3_strategic_rationale.json
44	DealTech/local_cases/fronthera_2021/run_output_fronthera_001/stages/block_a/modules/a4_target_attractiveness.json
44	DealTech/local_cases/fronthera_2021/run_output_fronthera_001/stages/block_a/modules/a5_target_capability_business_quality.json
44	DealTech/local_cases/fronthera_2021/run_output_fronthera_001/stages/block_a/modules/a6_industry_competitive_position.json
44	DealTech/local_cases/fronthera_2021/run_output_fronthera_001/stages/block_a/modules/a7_strategic_fit.json
6715	DealTech/local_cases/fronthera_2021/run_output_fronthera_001/stages/block_a/planning/block_a_research_plan.json
279	DealTech/local_cases/fronthera_2021/run_output_fronthera_001/stages/block_a/planning/dependency_graph.json
487	DealTech/local_cases/fronthera_2021/run_output_fronthera_001/stages/block_a/planning/prompt_manifest.json
985	DealTech/local_cases/fronthera_2021/run_output_fronthera_001/stages/block_a/planning/research_questions.json
118	DealTech/local_cases/fronthera_2021/run_output_fronthera_001/stages/block_a/provider/A1/attempt_01/admitted_objects.json
6069	DealTech/local_cases/fronthera_2021/run_output_fronthera_001/stages/block_a/provider/A1/attempt_01/provider_request.json
7166	DealTech/local_cases/fronthera_2021/run_output_fronthera_001/stages/block_a/provider/A1/attempt_01/provider_response_raw.json
1165	DealTech/local_cases/fronthera_2021/run_output_fronthera_001/stages/block_a/provider/A1/attempt_01/provider_trace.json
155	DealTech/local_cases/fronthera_2021/run_output_fronthera_001/stages/block_a/provider/A1/attempt_01/rejected_objects.json
181	DealTech/local_cases/fronthera_2021/run_output_fronthera_001/stages/block_a/provider/A1/attempt_01/returned_citations.json
131	DealTech/local_cases/fronthera_2021/run_output_fronthera_001/stages/block_a/provider/A1/attempt_01/search_queries.json
3	DealTech/local_cases/fronthera_2021/run_output_fronthera_001/stages/block_a/provider/A1/attempt_01/tool_calls.json
949	DealTech/local_cases/fronthera_2021/run_output_fronthera_001/stages/block_a/provider/A1/attempt_01/validation_result.json
715	DealTech/local_cases/fronthera_2021/run_output_fronthera_001/stages/block_a/provider/attachment_manifest.json
3	DealTech/local_cases/fronthera_2021/run_output_fronthera_001/stages/block_a/research/assumptions.json
3	DealTech/local_cases/fronthera_2021/run_output_fronthera_001/stages/block_a/research/claim_dependencies.json
3	DealTech/local_cases/fronthera_2021/run_output_fronthera_001/stages/block_a/research/claims.json
3	DealTech/local_cases/fronthera_2021/run_output_fronthera_001/stages/block_a/research/conflicts.json
3	DealTech/local_cases/fronthera_2021/run_output_fronthera_001/stages/block_a/research/counterevidence.json
3	DealTech/local_cases/fronthera_2021/run_output_fronthera_001/stages/block_a/research/evidence.json
3	DealTech/local_cases/fronthera_2021/run_output_fronthera_001/stages/block_a/research/sources.json
3	DealTech/local_cases/fronthera_2021/run_output_fronthera_001/stages/block_a/research/unknowns.json
558	DealTech/local_cases/fronthera_2021/run_output_fronthera_001/stages/block_a/run_summary.json
665	DealTech/local_cases/fronthera_2021/run_output_fronthera_001/stages/block_a/state/final_terminal_state.json
701	DealTech/local_cases/fronthera_2021/run_output_fronthera_001/stages/block_a/state/terminal_state_history.json
3	DealTech/local_cases/fronthera_2021/run_output_fronthera_001/stages/block_a/verification/er_brb_results.json
3	DealTech/local_cases/fronthera_2021/run_output_fronthera_001/stages/block_a/verification/evidence_quality_results.json
3	DealTech/local_cases/fronthera_2021/run_output_fronthera_001/stages/block_a/verification/pce_results.json
1058	DealTech/local_cases/fronthera_2021/run_output_fronthera_002/pipeline_cases/block_a/attachments/target_capability_brief.md
5505	DealTech/local_cases/fronthera_2021/run_output_fronthera_002/pipeline_cases/block_a/case.json
89938	DealTech/local_cases/fronthera_2021/run_output_fronthera_002/pipeline_cases/block_a/recordings/responses.json
4135	DealTech/local_cases/fronthera_2021/run_output_fronthera_002/pipeline_cases/block_b/attachments/target_financials.xlsx
126605	DealTech/local_cases/fronthera_2021/run_output_fronthera_002/pipeline_cases/block_b/case.json
129334	DealTech/local_cases/fronthera_2021/run_output_fronthera_002/pipeline_cases/block_b/recordings/responses.json
23976	DealTech/local_cases/fronthera_2021/run_output_fronthera_002/run_manifest.json
8578	DealTech/local_cases/fronthera_2021/run_output_fronthera_002/stages/block_a/gate_a/criterion_results.json
38824	DealTech/local_cases/fronthera_2021/run_output_fronthera_002/stages/block_a/gate_a/gate_a_result.json
287	DealTech/local_cases/fronthera_2021/run_output_fronthera_002/stages/block_a/loop/controller_decisions.json
597	DealTech/local_cases/fronthera_2021/run_output_fronthera_002/stages/block_a/loop/dependency_invalidations.json
514	DealTech/local_cases/fronthera_2021/run_output_fronthera_002/stages/block_a/loop/gaps.json
682	DealTech/local_cases/fronthera_2021/run_output_fronthera_002/stages/block_a/loop/iteration_records.json
221	DealTech/local_cases/fronthera_2021/run_output_fronthera_002/stages/block_a/loop/loop_state.json
519	DealTech/local_cases/fronthera_2021/run_output_fronthera_002/stages/block_a/loop/replans.json
9073	DealTech/local_cases/fronthera_2021/run_output_fronthera_002/stages/block_a/loop/research_attempts.json
6204	DealTech/local_cases/fronthera_2021/run_output_fronthera_002/stages/block_a/modules/a1_transaction_context.json
6222	DealTech/local_cases/fronthera_2021/run_output_fronthera_002/stages/block_a/modules/a2_buyer_strategic_need.json
9556	DealTech/local_cases/fronthera_2021/run_output_fronthera_002/stages/block_a/modules/a3_strategic_rationale.json
6436	DealTech/local_cases/fronthera_2021/run_output_fronthera_002/stages/block_a/modules/a4_target_attractiveness.json
6992	DealTech/local_cases/fronthera_2021/run_output_fronthera_002/stages/block_a/modules/a5_target_capability_business_quality.json
10384	DealTech/local_cases/fronthera_2021/run_output_fronthera_002/stages/block_a/modules/a6_industry_competitive_position.json
10084	DealTech/local_cases/fronthera_2021/run_output_fronthera_002/stages/block_a/modules/a7_strategic_fit.json
6715	DealTech/local_cases/fronthera_2021/run_output_fronthera_002/stages/block_a/planning/block_a_research_plan.json
279	DealTech/local_cases/fronthera_2021/run_output_fronthera_002/stages/block_a/planning/dependency_graph.json
487	DealTech/local_cases/fronthera_2021/run_output_fronthera_002/stages/block_a/planning/prompt_manifest.json
985	DealTech/local_cases/fronthera_2021/run_output_fronthera_002/stages/block_a/planning/research_questions.json
4665	DealTech/local_cases/fronthera_2021/run_output_fronthera_002/stages/block_a/provider/A1/attempt_01/admitted_objects.json
6069	DealTech/local_cases/fronthera_2021/run_output_fronthera_002/stages/block_a/provider/A1/attempt_01/provider_request.json
7209	DealTech/local_cases/fronthera_2021/run_output_fronthera_002/stages/block_a/provider/A1/attempt_01/provider_response_raw.json
1160	DealTech/local_cases/fronthera_2021/run_output_fronthera_002/stages/block_a/provider/A1/attempt_01/provider_trace.json
3	DealTech/local_cases/fronthera_2021/run_output_fronthera_002/stages/block_a/provider/A1/attempt_01/rejected_objects.json
224	DealTech/local_cases/fronthera_2021/run_output_fronthera_002/stages/block_a/provider/A1/attempt_01/returned_citations.json
131	DealTech/local_cases/fronthera_2021/run_output_fronthera_002/stages/block_a/provider/A1/attempt_01/search_queries.json
3	DealTech/local_cases/fronthera_2021/run_output_fronthera_002/stages/block_a/provider/A1/attempt_01/tool_calls.json
772	DealTech/local_cases/fronthera_2021/run_output_fronthera_002/stages/block_a/provider/A1/attempt_01/validation_result.json
4279	DealTech/local_cases/fronthera_2021/run_output_fronthera_002/stages/block_a/provider/A2/attempt_01/admitted_objects.json
11461	DealTech/local_cases/fronthera_2021/run_output_fronthera_002/stages/block_a/provider/A2/attempt_01/provider_request.json
6784	DealTech/local_cases/fronthera_2021/run_output_fronthera_002/stages/block_a/provider/A2/attempt_01/provider_response_raw.json
1135	DealTech/local_cases/fronthera_2021/run_output_fronthera_002/stages/block_a/provider/A2/attempt_01/provider_trace.json
3	DealTech/local_cases/fronthera_2021/run_output_fronthera_002/stages/block_a/provider/A2/attempt_01/rejected_objects.json
219	DealTech/local_cases/fronthera_2021/run_output_fronthera_002/stages/block_a/provider/A2/attempt_01/returned_citations.json
131	DealTech/local_cases/fronthera_2021/run_output_fronthera_002/stages/block_a/provider/A2/attempt_01/search_queries.json
3	DealTech/local_cases/fronthera_2021/run_output_fronthera_002/stages/block_a/provider/A2/attempt_01/tool_calls.json
752	DealTech/local_cases/fronthera_2021/run_output_fronthera_002/stages/block_a/provider/A2/attempt_01/validation_result.json
4942	DealTech/local_cases/fronthera_2021/run_output_fronthera_002/stages/block_a/provider/A3/attempt_01/admitted_objects.json
33091	DealTech/local_cases/fronthera_2021/run_output_fronthera_002/stages/block_a/provider/A3/attempt_01/provider_request.json
7674	DealTech/local_cases/fronthera_2021/run_output_fronthera_002/stages/block_a/provider/A3/attempt_01/provider_response_raw.json
1167	DealTech/local_cases/fronthera_2021/run_output_fronthera_002/stages/block_a/provider/A3/attempt_01/provider_trace.json
3	DealTech/local_cases/fronthera_2021/run_output_fronthera_002/stages/block_a/provider/A3/attempt_01/rejected_objects.json
234	DealTech/local_cases/fronthera_2021/run_output_fronthera_002/stages/block_a/provider/A3/attempt_01/returned_citations.json
131	DealTech/local_cases/fronthera_2021/run_output_fronthera_002/stages/block_a/provider/A3/attempt_01/search_queries.json
3	DealTech/local_cases/fronthera_2021/run_output_fronthera_002/stages/block_a/provider/A3/attempt_01/tool_calls.json
769	DealTech/local_cases/fronthera_2021/run_output_fronthera_002/stages/block_a/provider/A3/attempt_01/validation_result.json
3244	DealTech/local_cases/fronthera_2021/run_output_fronthera_002/stages/block_a/provider/A3/attempt_02/admitted_objects.json
44554	DealTech/local_cases/fronthera_2021/run_output_fronthera_002/stages/block_a/provider/A3/attempt_02/provider_request.json
6733	DealTech/local_cases/fronthera_2021/run_output_fronthera_002/stages/block_a/provider/A3/attempt_02/provider_response_raw.json
1274	DealTech/local_cases/fronthera_2021/run_output_fronthera_002/stages/block_a/provider/A3/attempt_02/provider_trace.json
242	DealTech/local_cases/fronthera_2021/run_output_fronthera_002/stages/block_a/provider/A3/attempt_02/rejected_objects.json
195	DealTech/local_cases/fronthera_2021/run_output_fronthera_002/stages/block_a/provider/A3/attempt_02/returned_citations.json
55	DealTech/local_cases/fronthera_2021/run_output_fronthera_002/stages/block_a/provider/A3/attempt_02/search_queries.json
3	DealTech/local_cases/fronthera_2021/run_output_fronthera_002/stages/block_a/provider/A3/attempt_02/tool_calls.json
742	DealTech/local_cases/fronthera_2021/run_output_fronthera_002/stages/block_a/provider/A3/attempt_02/validation_result.json
4264	DealTech/local_cases/fronthera_2021/run_output_fronthera_002/stages/block_a/provider/A4/attempt_01/admitted_objects.json
16891	DealTech/local_cases/fronthera_2021/run_output_fronthera_002/stages/block_a/provider/A4/attempt_01/provider_request.json
6832	DealTech/local_cases/fronthera_2021/run_output_fronthera_002/stages/block_a/provider/A4/attempt_01/provider_response_raw.json
1092	DealTech/local_cases/fronthera_2021/run_output_fronthera_002/stages/block_a/provider/A4/attempt_01/provider_trace.json
3	DealTech/local_cases/fronthera_2021/run_output_fronthera_002/stages/block_a/provider/A4/attempt_01/rejected_objects.json
176	DealTech/local_cases/fronthera_2021/run_output_fronthera_002/stages/block_a/provider/A4/attempt_01/returned_citations.json
131	DealTech/local_cases/fronthera_2021/run_output_fronthera_002/stages/block_a/provider/A4/attempt_01/search_queries.json
3	DealTech/local_cases/fronthera_2021/run_output_fronthera_002/stages/block_a/provider/A4/attempt_01/tool_calls.json
752	DealTech/local_cases/fronthera_2021/run_output_fronthera_002/stages/block_a/provider/A4/attempt_01/validation_result.json
6181	DealTech/local_cases/fronthera_2021/run_output_fronthera_002/stages/block_a/provider/A5/attempt_01/admitted_objects.json
17803	DealTech/local_cases/fronthera_2021/run_output_fronthera_002/stages/block_a/provider/A5/attempt_01/provider_request.json
8976	DealTech/local_cases/fronthera_2021/run_output_fronthera_002/stages/block_a/provider/A5/attempt_01/provider_response_raw.json
1227	DealTech/local_cases/fronthera_2021/run_output_fronthera_002/stages/block_a/provider/A5/attempt_01/provider_trace.json
3	DealTech/local_cases/fronthera_2021/run_output_fronthera_002/stages/block_a/provider/A5/attempt_01/rejected_objects.json
221	DealTech/local_cases/fronthera_2021/run_output_fronthera_002/stages/block_a/provider/A5/attempt_01/returned_citations.json
131	DealTech/local_cases/fronthera_2021/run_output_fronthera_002/stages/block_a/provider/A5/attempt_01/search_queries.json
3	DealTech/local_cases/fronthera_2021/run_output_fronthera_002/stages/block_a/provider/A5/attempt_01/tool_calls.json
815	DealTech/local_cases/fronthera_2021/run_output_fronthera_002/stages/block_a/provider/A5/attempt_01/validation_result.json
4291	DealTech/local_cases/fronthera_2021/run_output_fronthera_002/stages/block_a/provider/A6/attempt_01/admitted_objects.json
23107	DealTech/local_cases/fronthera_2021/run_output_fronthera_002/stages/block_a/provider/A6/attempt_01/provider_request.json
7549	DealTech/local_cases/fronthera_2021/run_output_fronthera_002/stages/block_a/provider/A6/attempt_01/provider_response_raw.json
1090	DealTech/local_cases/fronthera_2021/run_output_fronthera_002/stages/block_a/provider/A6/attempt_01/provider_trace.json
3	DealTech/local_cases/fronthera_2021/run_output_fronthera_002/stages/block_a/provider/A6/attempt_01/rejected_objects.json
179	DealTech/local_cases/fronthera_2021/run_output_fronthera_002/stages/block_a/provider/A6/attempt_01/returned_citations.json
131	DealTech/local_cases/fronthera_2021/run_output_fronthera_002/stages/block_a/provider/A6/attempt_01/search_queries.json
3	DealTech/local_cases/fronthera_2021/run_output_fronthera_002/stages/block_a/provider/A6/attempt_01/tool_calls.json
747	DealTech/local_cases/fronthera_2021/run_output_fronthera_002/stages/block_a/provider/A6/attempt_01/validation_result.json
5566	DealTech/local_cases/fronthera_2021/run_output_fronthera_002/stages/block_a/provider/A6/attempt_02/admitted_objects.json
30710	DealTech/local_cases/fronthera_2021/run_output_fronthera_002/stages/block_a/provider/A6/attempt_02/provider_request.json
9115	DealTech/local_cases/fronthera_2021/run_output_fronthera_002/stages/block_a/provider/A6/attempt_02/provider_response_raw.json
1322	DealTech/local_cases/fronthera_2021/run_output_fronthera_002/stages/block_a/provider/A6/attempt_02/provider_trace.json
3	DealTech/local_cases/fronthera_2021/run_output_fronthera_002/stages/block_a/provider/A6/attempt_02/rejected_objects.json
377	DealTech/local_cases/fronthera_2021/run_output_fronthera_002/stages/block_a/provider/A6/attempt_02/returned_citations.json
131	DealTech/local_cases/fronthera_2021/run_output_fronthera_002/stages/block_a/provider/A6/attempt_02/search_queries.json
3	DealTech/local_cases/fronthera_2021/run_output_fronthera_002/stages/block_a/provider/A6/attempt_02/tool_calls.json
771	DealTech/local_cases/fronthera_2021/run_output_fronthera_002/stages/block_a/provider/A6/attempt_02/validation_result.json
4438	DealTech/local_cases/fronthera_2021/run_output_fronthera_002/stages/block_a/provider/A7/attempt_01/admitted_objects.json
33925	DealTech/local_cases/fronthera_2021/run_output_fronthera_002/stages/block_a/provider/A7/attempt_01/provider_request.json
7252	DealTech/local_cases/fronthera_2021/run_output_fronthera_002/stages/block_a/provider/A7/attempt_01/provider_response_raw.json
1151	DealTech/local_cases/fronthera_2021/run_output_fronthera_002/stages/block_a/provider/A7/attempt_01/provider_trace.json
3	DealTech/local_cases/fronthera_2021/run_output_fronthera_002/stages/block_a/provider/A7/attempt_01/rejected_objects.json
241	DealTech/local_cases/fronthera_2021/run_output_fronthera_002/stages/block_a/provider/A7/attempt_01/returned_citations.json
131	DealTech/local_cases/fronthera_2021/run_output_fronthera_002/stages/block_a/provider/A7/attempt_01/search_queries.json
3	DealTech/local_cases/fronthera_2021/run_output_fronthera_002/stages/block_a/provider/A7/attempt_01/tool_calls.json
746	DealTech/local_cases/fronthera_2021/run_output_fronthera_002/stages/block_a/provider/A7/attempt_01/validation_result.json
2883	DealTech/local_cases/fronthera_2021/run_output_fronthera_002/stages/block_a/provider/A7/attempt_02/admitted_objects.json
48541	DealTech/local_cases/fronthera_2021/run_output_fronthera_002/stages/block_a/provider/A7/attempt_02/provider_request.json
6615	DealTech/local_cases/fronthera_2021/run_output_fronthera_002/stages/block_a/provider/A7/attempt_02/provider_response_raw.json
1245	DealTech/local_cases/fronthera_2021/run_output_fronthera_002/stages/block_a/provider/A7/attempt_02/provider_trace.json
242	DealTech/local_cases/fronthera_2021/run_output_fronthera_002/stages/block_a/provider/A7/attempt_02/rejected_objects.json
195	DealTech/local_cases/fronthera_2021/run_output_fronthera_002/stages/block_a/provider/A7/attempt_02/returned_citations.json
49	DealTech/local_cases/fronthera_2021/run_output_fronthera_002/stages/block_a/provider/A7/attempt_02/search_queries.json
3	DealTech/local_cases/fronthera_2021/run_output_fronthera_002/stages/block_a/provider/A7/attempt_02/tool_calls.json
719	DealTech/local_cases/fronthera_2021/run_output_fronthera_002/stages/block_a/provider/A7/attempt_02/validation_result.json
715	DealTech/local_cases/fronthera_2021/run_output_fronthera_002/stages/block_a/provider/attachment_manifest.json
1570	DealTech/local_cases/fronthera_2021/run_output_fronthera_002/stages/block_a/research/assumptions.json
10312	DealTech/local_cases/fronthera_2021/run_output_fronthera_002/stages/block_a/research/claim_dependencies.json
22847	DealTech/local_cases/fronthera_2021/run_output_fronthera_002/stages/block_a/research/claims.json
1362	DealTech/local_cases/fronthera_2021/run_output_fronthera_002/stages/block_a/research/conflicts.json
7393	DealTech/local_cases/fronthera_2021/run_output_fronthera_002/stages/block_a/research/counterevidence.json
34946	DealTech/local_cases/fronthera_2021/run_output_fronthera_002/stages/block_a/research/evidence.json
21036	DealTech/local_cases/fronthera_2021/run_output_fronthera_002/stages/block_a/research/sources.json
1544	DealTech/local_cases/fronthera_2021/run_output_fronthera_002/stages/block_a/research/unknowns.json
571	DealTech/local_cases/fronthera_2021/run_output_fronthera_002/stages/block_a/run_summary.json
1119	DealTech/local_cases/fronthera_2021/run_output_fronthera_002/stages/block_a/state/final_terminal_state.json
1189	DealTech/local_cases/fronthera_2021/run_output_fronthera_002/stages/block_a/state/terminal_state_history.json
6698	DealTech/local_cases/fronthera_2021/run_output_fronthera_002/stages/block_a/verification/er_brb_results.json
860	DealTech/local_cases/fronthera_2021/run_output_fronthera_002/stages/block_a/verification/evidence_quality_results.json
11949	DealTech/local_cases/fronthera_2021/run_output_fronthera_002/stages/block_a/verification/pce_results.json
8365	DealTech/local_cases/fronthera_2021/run_output_fronthera_002/stages/block_b/provider/B1/attempt_01/admitted_objects.json
9547	DealTech/local_cases/fronthera_2021/run_output_fronthera_002/stages/block_b/provider/B1/attempt_01/provider_request.json
31578	DealTech/local_cases/fronthera_2021/run_output_fronthera_002/stages/block_b/provider/B1/attempt_01/provider_response_raw.json
1032	DealTech/local_cases/fronthera_2021/run_output_fronthera_002/stages/block_b/provider/B1/attempt_01/provider_trace.json
3	DealTech/local_cases/fronthera_2021/run_output_fronthera_002/stages/block_b/provider/B1/attempt_01/rejected_objects.json
3	DealTech/local_cases/fronthera_2021/run_output_fronthera_002/stages/block_b/provider/B1/attempt_01/returned_citations.json
86	DealTech/local_cases/fronthera_2021/run_output_fronthera_002/stages/block_b/provider/B1/attempt_01/search_queries.json
3	DealTech/local_cases/fronthera_2021/run_output_fronthera_002/stages/block_b/provider/B1/attempt_01/tool_calls.json
874	DealTech/local_cases/fronthera_2021/run_output_fronthera_002/stages/block_b/provider/B1/attempt_01/validation_result.json
6106	DealTech/local_cases/fronthera_2021/run_output_fronthera_002/stages/block_b/provider/B2/attempt_01/admitted_objects.json
9574	DealTech/local_cases/fronthera_2021/run_output_fronthera_002/stages/block_b/provider/B2/attempt_01/provider_request.json
19223	DealTech/local_cases/fronthera_2021/run_output_fronthera_002/stages/block_b/provider/B2/attempt_01/provider_response_raw.json
868	DealTech/local_cases/fronthera_2021/run_output_fronthera_002/stages/block_b/provider/B2/attempt_01/provider_trace.json
3	DealTech/local_cases/fronthera_2021/run_output_fronthera_002/stages/block_b/provider/B2/attempt_01/rejected_objects.json
3	DealTech/local_cases/fronthera_2021/run_output_fronthera_002/stages/block_b/provider/B2/attempt_01/returned_citations.json
3	DealTech/local_cases/fronthera_2021/run_output_fronthera_002/stages/block_b/provider/B2/attempt_01/search_queries.json
3	DealTech/local_cases/fronthera_2021/run_output_fronthera_002/stages/block_b/provider/B2/attempt_01/tool_calls.json
799	DealTech/local_cases/fronthera_2021/run_output_fronthera_002/stages/block_b/provider/B2/attempt_01/validation_result.json
6653	DealTech/local_cases/fronthera_2021/run_output_fronthera_002/stages/block_b/provider/B3/attempt_01/admitted_objects.json
11883	DealTech/local_cases/fronthera_2021/run_output_fronthera_002/stages/block_b/provider/B3/attempt_01/provider_request.json
13739	DealTech/local_cases/fronthera_2021/run_output_fronthera_002/stages/block_b/provider/B3/attempt_01/provider_response_raw.json
931	DealTech/local_cases/fronthera_2021/run_output_fronthera_002/stages/block_b/provider/B3/attempt_01/provider_trace.json
3	DealTech/local_cases/fronthera_2021/run_output_fronthera_002/stages/block_b/provider/B3/attempt_01/rejected_objects.json
3	DealTech/local_cases/fronthera_2021/run_output_fronthera_002/stages/block_b/provider/B3/attempt_01/returned_citations.json
35	DealTech/local_cases/fronthera_2021/run_output_fronthera_002/stages/block_b/provider/B3/attempt_01/search_queries.json
3	DealTech/local_cases/fronthera_2021/run_output_fronthera_002/stages/block_b/provider/B3/attempt_01/tool_calls.json
826	DealTech/local_cases/fronthera_2021/run_output_fronthera_002/stages/block_b/provider/B3/attempt_01/validation_result.json
5176	DealTech/local_cases/fronthera_2021/run_output_fronthera_002/stages/block_b/provider/B4/attempt_01/admitted_objects.json
10964	DealTech/local_cases/fronthera_2021/run_output_fronthera_002/stages/block_b/provider/B4/attempt_01/provider_request.json
14183	DealTech/local_cases/fronthera_2021/run_output_fronthera_002/stages/block_b/provider/B4/attempt_01/provider_response_raw.json
868	DealTech/local_cases/fronthera_2021/run_output_fronthera_002/stages/block_b/provider/B4/attempt_01/provider_trace.json
3	DealTech/local_cases/fronthera_2021/run_output_fronthera_002/stages/block_b/provider/B4/attempt_01/rejected_objects.json
3	DealTech/local_cases/fronthera_2021/run_output_fronthera_002/stages/block_b/provider/B4/attempt_01/returned_citations.json
3	DealTech/local_cases/fronthera_2021/run_output_fronthera_002/stages/block_b/provider/B4/attempt_01/search_queries.json
3	DealTech/local_cases/fronthera_2021/run_output_fronthera_002/stages/block_b/provider/B4/attempt_01/tool_calls.json
799	DealTech/local_cases/fronthera_2021/run_output_fronthera_002/stages/block_b/provider/B4/attempt_01/validation_result.json
4734	DealTech/local_cases/fronthera_2021/run_output_fronthera_002/stages/block_b/provider/B5/attempt_01/admitted_objects.json
14552	DealTech/local_cases/fronthera_2021/run_output_fronthera_002/stages/block_b/provider/B5/attempt_01/provider_request.json
14735	DealTech/local_cases/fronthera_2021/run_output_fronthera_002/stages/block_b/provider/B5/attempt_01/provider_response_raw.json
837	DealTech/local_cases/fronthera_2021/run_output_fronthera_002/stages/block_b/provider/B5/attempt_01/provider_trace.json
3	DealTech/local_cases/fronthera_2021/run_output_fronthera_002/stages/block_b/provider/B5/attempt_01/rejected_objects.json
3	DealTech/local_cases/fronthera_2021/run_output_fronthera_002/stages/block_b/provider/B5/attempt_01/returned_citations.json
3	DealTech/local_cases/fronthera_2021/run_output_fronthera_002/stages/block_b/provider/B5/attempt_01/search_queries.json
3	DealTech/local_cases/fronthera_2021/run_output_fronthera_002/stages/block_b/provider/B5/attempt_01/tool_calls.json
768	DealTech/local_cases/fronthera_2021/run_output_fronthera_002/stages/block_b/provider/B5/attempt_01/validation_result.json
1058	DealTech/local_cases/fronthera_2021/run_output_fronthera_003/pipeline_cases/block_a/attachments/target_capability_brief.md
5505	DealTech/local_cases/fronthera_2021/run_output_fronthera_003/pipeline_cases/block_a/case.json
89938	DealTech/local_cases/fronthera_2021/run_output_fronthera_003/pipeline_cases/block_a/recordings/responses.json
4135	DealTech/local_cases/fronthera_2021/run_output_fronthera_003/pipeline_cases/block_b/attachments/target_financials.xlsx
126605	DealTech/local_cases/fronthera_2021/run_output_fronthera_003/pipeline_cases/block_b/case.json
129376	DealTech/local_cases/fronthera_2021/run_output_fronthera_003/pipeline_cases/block_b/recordings/responses.json
447	DealTech/local_cases/fronthera_2021/run_output_fronthera_003/pipeline_cases/block_c/attachments/management_representation.md
255472	DealTech/local_cases/fronthera_2021/run_output_fronthera_003/pipeline_cases/block_c/case.json
62596	DealTech/local_cases/fronthera_2021/run_output_fronthera_003/pipeline_cases/block_c/recordings/responses.json
43402	DealTech/local_cases/fronthera_2021/run_output_fronthera_003/run_manifest.json
8578	DealTech/local_cases/fronthera_2021/run_output_fronthera_003/stages/block_a/gate_a/criterion_results.json
38824	DealTech/local_cases/fronthera_2021/run_output_fronthera_003/stages/block_a/gate_a/gate_a_result.json
287	DealTech/local_cases/fronthera_2021/run_output_fronthera_003/stages/block_a/loop/controller_decisions.json
597	DealTech/local_cases/fronthera_2021/run_output_fronthera_003/stages/block_a/loop/dependency_invalidations.json
514	DealTech/local_cases/fronthera_2021/run_output_fronthera_003/stages/block_a/loop/gaps.json
682	DealTech/local_cases/fronthera_2021/run_output_fronthera_003/stages/block_a/loop/iteration_records.json
221	DealTech/local_cases/fronthera_2021/run_output_fronthera_003/stages/block_a/loop/loop_state.json
519	DealTech/local_cases/fronthera_2021/run_output_fronthera_003/stages/block_a/loop/replans.json
9073	DealTech/local_cases/fronthera_2021/run_output_fronthera_003/stages/block_a/loop/research_attempts.json
6204	DealTech/local_cases/fronthera_2021/run_output_fronthera_003/stages/block_a/modules/a1_transaction_context.json
6222	DealTech/local_cases/fronthera_2021/run_output_fronthera_003/stages/block_a/modules/a2_buyer_strategic_need.json
9556	DealTech/local_cases/fronthera_2021/run_output_fronthera_003/stages/block_a/modules/a3_strategic_rationale.json
6436	DealTech/local_cases/fronthera_2021/run_output_fronthera_003/stages/block_a/modules/a4_target_attractiveness.json
6992	DealTech/local_cases/fronthera_2021/run_output_fronthera_003/stages/block_a/modules/a5_target_capability_business_quality.json
10384	DealTech/local_cases/fronthera_2021/run_output_fronthera_003/stages/block_a/modules/a6_industry_competitive_position.json
10084	DealTech/local_cases/fronthera_2021/run_output_fronthera_003/stages/block_a/modules/a7_strategic_fit.json
6715	DealTech/local_cases/fronthera_2021/run_output_fronthera_003/stages/block_a/planning/block_a_research_plan.json
279	DealTech/local_cases/fronthera_2021/run_output_fronthera_003/stages/block_a/planning/dependency_graph.json
487	DealTech/local_cases/fronthera_2021/run_output_fronthera_003/stages/block_a/planning/prompt_manifest.json
985	DealTech/local_cases/fronthera_2021/run_output_fronthera_003/stages/block_a/planning/research_questions.json
4665	DealTech/local_cases/fronthera_2021/run_output_fronthera_003/stages/block_a/provider/A1/attempt_01/admitted_objects.json
6069	DealTech/local_cases/fronthera_2021/run_output_fronthera_003/stages/block_a/provider/A1/attempt_01/provider_request.json
7209	DealTech/local_cases/fronthera_2021/run_output_fronthera_003/stages/block_a/provider/A1/attempt_01/provider_response_raw.json
1160	DealTech/local_cases/fronthera_2021/run_output_fronthera_003/stages/block_a/provider/A1/attempt_01/provider_trace.json
3	DealTech/local_cases/fronthera_2021/run_output_fronthera_003/stages/block_a/provider/A1/attempt_01/rejected_objects.json
224	DealTech/local_cases/fronthera_2021/run_output_fronthera_003/stages/block_a/provider/A1/attempt_01/returned_citations.json
131	DealTech/local_cases/fronthera_2021/run_output_fronthera_003/stages/block_a/provider/A1/attempt_01/search_queries.json
3	DealTech/local_cases/fronthera_2021/run_output_fronthera_003/stages/block_a/provider/A1/attempt_01/tool_calls.json
772	DealTech/local_cases/fronthera_2021/run_output_fronthera_003/stages/block_a/provider/A1/attempt_01/validation_result.json
4279	DealTech/local_cases/fronthera_2021/run_output_fronthera_003/stages/block_a/provider/A2/attempt_01/admitted_objects.json
11461	DealTech/local_cases/fronthera_2021/run_output_fronthera_003/stages/block_a/provider/A2/attempt_01/provider_request.json
6784	DealTech/local_cases/fronthera_2021/run_output_fronthera_003/stages/block_a/provider/A2/attempt_01/provider_response_raw.json
1135	DealTech/local_cases/fronthera_2021/run_output_fronthera_003/stages/block_a/provider/A2/attempt_01/provider_trace.json
3	DealTech/local_cases/fronthera_2021/run_output_fronthera_003/stages/block_a/provider/A2/attempt_01/rejected_objects.json
219	DealTech/local_cases/fronthera_2021/run_output_fronthera_003/stages/block_a/provider/A2/attempt_01/returned_citations.json
131	DealTech/local_cases/fronthera_2021/run_output_fronthera_003/stages/block_a/provider/A2/attempt_01/search_queries.json
3	DealTech/local_cases/fronthera_2021/run_output_fronthera_003/stages/block_a/provider/A2/attempt_01/tool_calls.json
752	DealTech/local_cases/fronthera_2021/run_output_fronthera_003/stages/block_a/provider/A2/attempt_01/validation_result.json
4942	DealTech/local_cases/fronthera_2021/run_output_fronthera_003/stages/block_a/provider/A3/attempt_01/admitted_objects.json
33091	DealTech/local_cases/fronthera_2021/run_output_fronthera_003/stages/block_a/provider/A3/attempt_01/provider_request.json
7674	DealTech/local_cases/fronthera_2021/run_output_fronthera_003/stages/block_a/provider/A3/attempt_01/provider_response_raw.json
1167	DealTech/local_cases/fronthera_2021/run_output_fronthera_003/stages/block_a/provider/A3/attempt_01/provider_trace.json
3	DealTech/local_cases/fronthera_2021/run_output_fronthera_003/stages/block_a/provider/A3/attempt_01/rejected_objects.json
234	DealTech/local_cases/fronthera_2021/run_output_fronthera_003/stages/block_a/provider/A3/attempt_01/returned_citations.json
131	DealTech/local_cases/fronthera_2021/run_output_fronthera_003/stages/block_a/provider/A3/attempt_01/search_queries.json
3	DealTech/local_cases/fronthera_2021/run_output_fronthera_003/stages/block_a/provider/A3/attempt_01/tool_calls.json
769	DealTech/local_cases/fronthera_2021/run_output_fronthera_003/stages/block_a/provider/A3/attempt_01/validation_result.json
3244	DealTech/local_cases/fronthera_2021/run_output_fronthera_003/stages/block_a/provider/A3/attempt_02/admitted_objects.json
44554	DealTech/local_cases/fronthera_2021/run_output_fronthera_003/stages/block_a/provider/A3/attempt_02/provider_request.json
6733	DealTech/local_cases/fronthera_2021/run_output_fronthera_003/stages/block_a/provider/A3/attempt_02/provider_response_raw.json
1274	DealTech/local_cases/fronthera_2021/run_output_fronthera_003/stages/block_a/provider/A3/attempt_02/provider_trace.json
242	DealTech/local_cases/fronthera_2021/run_output_fronthera_003/stages/block_a/provider/A3/attempt_02/rejected_objects.json
195	DealTech/local_cases/fronthera_2021/run_output_fronthera_003/stages/block_a/provider/A3/attempt_02/returned_citations.json
55	DealTech/local_cases/fronthera_2021/run_output_fronthera_003/stages/block_a/provider/A3/attempt_02/search_queries.json
3	DealTech/local_cases/fronthera_2021/run_output_fronthera_003/stages/block_a/provider/A3/attempt_02/tool_calls.json
742	DealTech/local_cases/fronthera_2021/run_output_fronthera_003/stages/block_a/provider/A3/attempt_02/validation_result.json
4264	DealTech/local_cases/fronthera_2021/run_output_fronthera_003/stages/block_a/provider/A4/attempt_01/admitted_objects.json
16891	DealTech/local_cases/fronthera_2021/run_output_fronthera_003/stages/block_a/provider/A4/attempt_01/provider_request.json
6832	DealTech/local_cases/fronthera_2021/run_output_fronthera_003/stages/block_a/provider/A4/attempt_01/provider_response_raw.json
1092	DealTech/local_cases/fronthera_2021/run_output_fronthera_003/stages/block_a/provider/A4/attempt_01/provider_trace.json
3	DealTech/local_cases/fronthera_2021/run_output_fronthera_003/stages/block_a/provider/A4/attempt_01/rejected_objects.json
176	DealTech/local_cases/fronthera_2021/run_output_fronthera_003/stages/block_a/provider/A4/attempt_01/returned_citations.json
131	DealTech/local_cases/fronthera_2021/run_output_fronthera_003/stages/block_a/provider/A4/attempt_01/search_queries.json
3	DealTech/local_cases/fronthera_2021/run_output_fronthera_003/stages/block_a/provider/A4/attempt_01/tool_calls.json
752	DealTech/local_cases/fronthera_2021/run_output_fronthera_003/stages/block_a/provider/A4/attempt_01/validation_result.json
6181	DealTech/local_cases/fronthera_2021/run_output_fronthera_003/stages/block_a/provider/A5/attempt_01/admitted_objects.json
17803	DealTech/local_cases/fronthera_2021/run_output_fronthera_003/stages/block_a/provider/A5/attempt_01/provider_request.json
8976	DealTech/local_cases/fronthera_2021/run_output_fronthera_003/stages/block_a/provider/A5/attempt_01/provider_response_raw.json
1227	DealTech/local_cases/fronthera_2021/run_output_fronthera_003/stages/block_a/provider/A5/attempt_01/provider_trace.json
3	DealTech/local_cases/fronthera_2021/run_output_fronthera_003/stages/block_a/provider/A5/attempt_01/rejected_objects.json
221	DealTech/local_cases/fronthera_2021/run_output_fronthera_003/stages/block_a/provider/A5/attempt_01/returned_citations.json
131	DealTech/local_cases/fronthera_2021/run_output_fronthera_003/stages/block_a/provider/A5/attempt_01/search_queries.json
3	DealTech/local_cases/fronthera_2021/run_output_fronthera_003/stages/block_a/provider/A5/attempt_01/tool_calls.json
815	DealTech/local_cases/fronthera_2021/run_output_fronthera_003/stages/block_a/provider/A5/attempt_01/validation_result.json
4291	DealTech/local_cases/fronthera_2021/run_output_fronthera_003/stages/block_a/provider/A6/attempt_01/admitted_objects.json
23107	DealTech/local_cases/fronthera_2021/run_output_fronthera_003/stages/block_a/provider/A6/attempt_01/provider_request.json
7549	DealTech/local_cases/fronthera_2021/run_output_fronthera_003/stages/block_a/provider/A6/attempt_01/provider_response_raw.json
1090	DealTech/local_cases/fronthera_2021/run_output_fronthera_003/stages/block_a/provider/A6/attempt_01/provider_trace.json
3	DealTech/local_cases/fronthera_2021/run_output_fronthera_003/stages/block_a/provider/A6/attempt_01/rejected_objects.json
179	DealTech/local_cases/fronthera_2021/run_output_fronthera_003/stages/block_a/provider/A6/attempt_01/returned_citations.json
131	DealTech/local_cases/fronthera_2021/run_output_fronthera_003/stages/block_a/provider/A6/attempt_01/search_queries.json
3	DealTech/local_cases/fronthera_2021/run_output_fronthera_003/stages/block_a/provider/A6/attempt_01/tool_calls.json
747	DealTech/local_cases/fronthera_2021/run_output_fronthera_003/stages/block_a/provider/A6/attempt_01/validation_result.json
5566	DealTech/local_cases/fronthera_2021/run_output_fronthera_003/stages/block_a/provider/A6/attempt_02/admitted_objects.json
30710	DealTech/local_cases/fronthera_2021/run_output_fronthera_003/stages/block_a/provider/A6/attempt_02/provider_request.json
9115	DealTech/local_cases/fronthera_2021/run_output_fronthera_003/stages/block_a/provider/A6/attempt_02/provider_response_raw.json
1322	DealTech/local_cases/fronthera_2021/run_output_fronthera_003/stages/block_a/provider/A6/attempt_02/provider_trace.json
3	DealTech/local_cases/fronthera_2021/run_output_fronthera_003/stages/block_a/provider/A6/attempt_02/rejected_objects.json
377	DealTech/local_cases/fronthera_2021/run_output_fronthera_003/stages/block_a/provider/A6/attempt_02/returned_citations.json
131	DealTech/local_cases/fronthera_2021/run_output_fronthera_003/stages/block_a/provider/A6/attempt_02/search_queries.json
3	DealTech/local_cases/fronthera_2021/run_output_fronthera_003/stages/block_a/provider/A6/attempt_02/tool_calls.json
771	DealTech/local_cases/fronthera_2021/run_output_fronthera_003/stages/block_a/provider/A6/attempt_02/validation_result.json
4438	DealTech/local_cases/fronthera_2021/run_output_fronthera_003/stages/block_a/provider/A7/attempt_01/admitted_objects.json
33925	DealTech/local_cases/fronthera_2021/run_output_fronthera_003/stages/block_a/provider/A7/attempt_01/provider_request.json
7252	DealTech/local_cases/fronthera_2021/run_output_fronthera_003/stages/block_a/provider/A7/attempt_01/provider_response_raw.json
1151	DealTech/local_cases/fronthera_2021/run_output_fronthera_003/stages/block_a/provider/A7/attempt_01/provider_trace.json
3	DealTech/local_cases/fronthera_2021/run_output_fronthera_003/stages/block_a/provider/A7/attempt_01/rejected_objects.json
241	DealTech/local_cases/fronthera_2021/run_output_fronthera_003/stages/block_a/provider/A7/attempt_01/returned_citations.json
131	DealTech/local_cases/fronthera_2021/run_output_fronthera_003/stages/block_a/provider/A7/attempt_01/search_queries.json
3	DealTech/local_cases/fronthera_2021/run_output_fronthera_003/stages/block_a/provider/A7/attempt_01/tool_calls.json
746	DealTech/local_cases/fronthera_2021/run_output_fronthera_003/stages/block_a/provider/A7/attempt_01/validation_result.json
2883	DealTech/local_cases/fronthera_2021/run_output_fronthera_003/stages/block_a/provider/A7/attempt_02/admitted_objects.json
48541	DealTech/local_cases/fronthera_2021/run_output_fronthera_003/stages/block_a/provider/A7/attempt_02/provider_request.json
6615	DealTech/local_cases/fronthera_2021/run_output_fronthera_003/stages/block_a/provider/A7/attempt_02/provider_response_raw.json
1245	DealTech/local_cases/fronthera_2021/run_output_fronthera_003/stages/block_a/provider/A7/attempt_02/provider_trace.json
242	DealTech/local_cases/fronthera_2021/run_output_fronthera_003/stages/block_a/provider/A7/attempt_02/rejected_objects.json
195	DealTech/local_cases/fronthera_2021/run_output_fronthera_003/stages/block_a/provider/A7/attempt_02/returned_citations.json
49	DealTech/local_cases/fronthera_2021/run_output_fronthera_003/stages/block_a/provider/A7/attempt_02/search_queries.json
3	DealTech/local_cases/fronthera_2021/run_output_fronthera_003/stages/block_a/provider/A7/attempt_02/tool_calls.json
719	DealTech/local_cases/fronthera_2021/run_output_fronthera_003/stages/block_a/provider/A7/attempt_02/validation_result.json
715	DealTech/local_cases/fronthera_2021/run_output_fronthera_003/stages/block_a/provider/attachment_manifest.json
1570	DealTech/local_cases/fronthera_2021/run_output_fronthera_003/stages/block_a/research/assumptions.json
10312	DealTech/local_cases/fronthera_2021/run_output_fronthera_003/stages/block_a/research/claim_dependencies.json
22847	DealTech/local_cases/fronthera_2021/run_output_fronthera_003/stages/block_a/research/claims.json
1362	DealTech/local_cases/fronthera_2021/run_output_fronthera_003/stages/block_a/research/conflicts.json
7393	DealTech/local_cases/fronthera_2021/run_output_fronthera_003/stages/block_a/research/counterevidence.json
34946	DealTech/local_cases/fronthera_2021/run_output_fronthera_003/stages/block_a/research/evidence.json
21036	DealTech/local_cases/fronthera_2021/run_output_fronthera_003/stages/block_a/research/sources.json
1544	DealTech/local_cases/fronthera_2021/run_output_fronthera_003/stages/block_a/research/unknowns.json
571	DealTech/local_cases/fronthera_2021/run_output_fronthera_003/stages/block_a/run_summary.json
1119	DealTech/local_cases/fronthera_2021/run_output_fronthera_003/stages/block_a/state/final_terminal_state.json
1189	DealTech/local_cases/fronthera_2021/run_output_fronthera_003/stages/block_a/state/terminal_state_history.json
6698	DealTech/local_cases/fronthera_2021/run_output_fronthera_003/stages/block_a/verification/er_brb_results.json
860	DealTech/local_cases/fronthera_2021/run_output_fronthera_003/stages/block_a/verification/evidence_quality_results.json
11949	DealTech/local_cases/fronthera_2021/run_output_fronthera_003/stages/block_a/verification/pce_results.json
26936	DealTech/local_cases/fronthera_2021/run_output_fronthera_003/stages/block_b/00_input/admitted_gate_a_result.json
814	DealTech/local_cases/fronthera_2021/run_output_fronthera_003/stages/block_b/00_input/attachment_manifest.json
85439	DealTech/local_cases/fronthera_2021/run_output_fronthera_003/stages/block_b/00_input/block_b_input_bundle.json
3627	DealTech/local_cases/fronthera_2021/run_output_fronthera_003/stages/block_b/00_input/block_b_research_plan.json
1756	DealTech/local_cases/fronthera_2021/run_output_fronthera_003/stages/block_b/00_input/business_mandate.json
126605	DealTech/local_cases/fronthera_2021/run_output_fronthera_003/stages/block_b/00_input/case.json
1134	DealTech/local_cases/fronthera_2021/run_output_fronthera_003/stages/block_b/00_input/research_contract.json
2865	DealTech/local_cases/fronthera_2021/run_output_fronthera_003/stages/block_b/00_input/xlsx_extraction.json
4587	DealTech/local_cases/fronthera_2021/run_output_fronthera_003/stages/block_b/01_research/assumptions.json
16921	DealTech/local_cases/fronthera_2021/run_output_fronthera_003/stages/block_b/01_research/claims.json
4565	DealTech/local_cases/fronthera_2021/run_output_fronthera_003/stages/block_b/01_research/counterevidence.json
3	DealTech/local_cases/fronthera_2021/run_output_fronthera_003/stages/block_b/01_research/duplicate_source_rejections.json
31441	DealTech/local_cases/fronthera_2021/run_output_fronthera_003/stages/block_b/01_research/evidence.json
21442	DealTech/local_cases/fronthera_2021/run_output_fronthera_003/stages/block_b/01_research/source_registry.json
1344	DealTech/local_cases/fronthera_2021/run_output_fronthera_003/stages/block_b/01_research/unknowns.json
3453	DealTech/local_cases/fronthera_2021/run_output_fronthera_003/stages/block_b/02_modules/b1_executions.json
3064	DealTech/local_cases/fronthera_2021/run_output_fronthera_003/stages/block_b/02_modules/b2_executions.json
6016	DealTech/local_cases/fronthera_2021/run_output_fronthera_003/stages/block_b/02_modules/b3_executions.json
3232	DealTech/local_cases/fronthera_2021/run_output_fronthera_003/stages/block_b/02_modules/b4_executions.json
5848	DealTech/local_cases/fronthera_2021/run_output_fronthera_003/stages/block_b/02_modules/b5_executions.json
21601	DealTech/local_cases/fronthera_2021/run_output_fronthera_003/stages/block_b/02_modules/module_executions.json
39697	DealTech/local_cases/fronthera_2021/run_output_fronthera_003/stages/block_b/03_financial_data/financial_data_points.json
4828	DealTech/local_cases/fronthera_2021/run_output_fronthera_003/stages/block_b/03_financial_data/normalization_records.json
1892	DealTech/local_cases/fronthera_2021/run_output_fronthera_003/stages/block_b/03_financial_data/synergy_records.json
586	DealTech/local_cases/fronthera_2021/run_output_fronthera_003/stages/block_b/04_calculations/calculation_gap_history.json
11146	DealTech/local_cases/fronthera_2021/run_output_fronthera_003/stages/block_b/04_calculations/calculation_replays.json
48707	DealTech/local_cases/fronthera_2021/run_output_fronthera_003/stages/block_b/04_calculations/calculations.json
31880	DealTech/local_cases/fronthera_2021/run_output_fronthera_003/stages/block_b/04_calculations/latest_calculations.json
365	DealTech/local_cases/fronthera_2021/run_output_fronthera_003/stages/block_b/05_controls/certification_adapter_boundary.json
113	DealTech/local_cases/fronthera_2021/run_output_fronthera_003/stages/block_b/05_controls/control_execution_order.json
6161	DealTech/local_cases/fronthera_2021/run_output_fronthera_003/stages/block_b/05_controls/er_brb_results.json
1166	DealTech/local_cases/fronthera_2021/run_output_fronthera_003/stages/block_b/05_controls/human_review_items.json
14387	DealTech/local_cases/fronthera_2021/run_output_fronthera_003/stages/block_b/05_controls/pce_prechecks.json
8445	DealTech/local_cases/fronthera_2021/run_output_fronthera_003/stages/block_b/05_controls/pce_results.json
31493	DealTech/local_cases/fronthera_2021/run_output_fronthera_003/stages/block_b/06_gate_b/gate_b_history.json
15030	DealTech/local_cases/fronthera_2021/run_output_fronthera_003/stages/block_b/06_gate_b/gate_b_result.json
755	DealTech/local_cases/fronthera_2021/run_output_fronthera_003/stages/block_b/07_loop/iteration_records.json
2100	DealTech/local_cases/fronthera_2021/run_output_fronthera_003/stages/block_b/07_loop/loop_events.json
555	DealTech/local_cases/fronthera_2021/run_output_fronthera_003/stages/block_b/07_loop/terminal_state.json
8365	DealTech/local_cases/fronthera_2021/run_output_fronthera_003/stages/block_b/provider/B1/attempt_01/admitted_objects.json
9547	DealTech/local_cases/fronthera_2021/run_output_fronthera_003/stages/block_b/provider/B1/attempt_01/provider_request.json
31578	DealTech/local_cases/fronthera_2021/run_output_fronthera_003/stages/block_b/provider/B1/attempt_01/provider_response_raw.json
1032	DealTech/local_cases/fronthera_2021/run_output_fronthera_003/stages/block_b/provider/B1/attempt_01/provider_trace.json
3	DealTech/local_cases/fronthera_2021/run_output_fronthera_003/stages/block_b/provider/B1/attempt_01/rejected_objects.json
3	DealTech/local_cases/fronthera_2021/run_output_fronthera_003/stages/block_b/provider/B1/attempt_01/returned_citations.json
86	DealTech/local_cases/fronthera_2021/run_output_fronthera_003/stages/block_b/provider/B1/attempt_01/search_queries.json
3	DealTech/local_cases/fronthera_2021/run_output_fronthera_003/stages/block_b/provider/B1/attempt_01/tool_calls.json
874	DealTech/local_cases/fronthera_2021/run_output_fronthera_003/stages/block_b/provider/B1/attempt_01/validation_result.json
6106	DealTech/local_cases/fronthera_2021/run_output_fronthera_003/stages/block_b/provider/B2/attempt_01/admitted_objects.json
9574	DealTech/local_cases/fronthera_2021/run_output_fronthera_003/stages/block_b/provider/B2/attempt_01/provider_request.json
19259	DealTech/local_cases/fronthera_2021/run_output_fronthera_003/stages/block_b/provider/B2/attempt_01/provider_response_raw.json
868	DealTech/local_cases/fronthera_2021/run_output_fronthera_003/stages/block_b/provider/B2/attempt_01/provider_trace.json
3	DealTech/local_cases/fronthera_2021/run_output_fronthera_003/stages/block_b/provider/B2/attempt_01/rejected_objects.json
3	DealTech/local_cases/fronthera_2021/run_output_fronthera_003/stages/block_b/provider/B2/attempt_01/returned_citations.json
3	DealTech/local_cases/fronthera_2021/run_output_fronthera_003/stages/block_b/provider/B2/attempt_01/search_queries.json
3	DealTech/local_cases/fronthera_2021/run_output_fronthera_003/stages/block_b/provider/B2/attempt_01/tool_calls.json
799	DealTech/local_cases/fronthera_2021/run_output_fronthera_003/stages/block_b/provider/B2/attempt_01/validation_result.json
6653	DealTech/local_cases/fronthera_2021/run_output_fronthera_003/stages/block_b/provider/B3/attempt_01/admitted_objects.json
11883	DealTech/local_cases/fronthera_2021/run_output_fronthera_003/stages/block_b/provider/B3/attempt_01/provider_request.json
13739	DealTech/local_cases/fronthera_2021/run_output_fronthera_003/stages/block_b/provider/B3/attempt_01/provider_response_raw.json
931	DealTech/local_cases/fronthera_2021/run_output_fronthera_003/stages/block_b/provider/B3/attempt_01/provider_trace.json
3	DealTech/local_cases/fronthera_2021/run_output_fronthera_003/stages/block_b/provider/B3/attempt_01/rejected_objects.json
3	DealTech/local_cases/fronthera_2021/run_output_fronthera_003/stages/block_b/provider/B3/attempt_01/returned_citations.json
35	DealTech/local_cases/fronthera_2021/run_output_fronthera_003/stages/block_b/provider/B3/attempt_01/search_queries.json
3	DealTech/local_cases/fronthera_2021/run_output_fronthera_003/stages/block_b/provider/B3/attempt_01/tool_calls.json
826	DealTech/local_cases/fronthera_2021/run_output_fronthera_003/stages/block_b/provider/B3/attempt_01/validation_result.json
4173	DealTech/local_cases/fronthera_2021/run_output_fronthera_003/stages/block_b/provider/B3/attempt_02/admitted_objects.json
22089	DealTech/local_cases/fronthera_2021/run_output_fronthera_003/stages/block_b/provider/B3/attempt_02/provider_request.json
7161	DealTech/local_cases/fronthera_2021/run_output_fronthera_003/stages/block_b/provider/B3/attempt_02/provider_response_raw.json
893	DealTech/local_cases/fronthera_2021/run_output_fronthera_003/stages/block_b/provider/B3/attempt_02/provider_trace.json
3	DealTech/local_cases/fronthera_2021/run_output_fronthera_003/stages/block_b/provider/B3/attempt_02/rejected_objects.json
3	DealTech/local_cases/fronthera_2021/run_output_fronthera_003/stages/block_b/provider/B3/attempt_02/returned_citations.json
41	DealTech/local_cases/fronthera_2021/run_output_fronthera_003/stages/block_b/provider/B3/attempt_02/search_queries.json
3	DealTech/local_cases/fronthera_2021/run_output_fronthera_003/stages/block_b/provider/B3/attempt_02/tool_calls.json
783	DealTech/local_cases/fronthera_2021/run_output_fronthera_003/stages/block_b/provider/B3/attempt_02/validation_result.json
5176	DealTech/local_cases/fronthera_2021/run_output_fronthera_003/stages/block_b/provider/B4/attempt_01/admitted_objects.json
10964	DealTech/local_cases/fronthera_2021/run_output_fronthera_003/stages/block_b/provider/B4/attempt_01/provider_request.json
14183	DealTech/local_cases/fronthera_2021/run_output_fronthera_003/stages/block_b/provider/B4/attempt_01/provider_response_raw.json
868	DealTech/local_cases/fronthera_2021/run_output_fronthera_003/stages/block_b/provider/B4/attempt_01/provider_trace.json
3	DealTech/local_cases/fronthera_2021/run_output_fronthera_003/stages/block_b/provider/B4/attempt_01/rejected_objects.json
3	DealTech/local_cases/fronthera_2021/run_output_fronthera_003/stages/block_b/provider/B4/attempt_01/returned_citations.json
3	DealTech/local_cases/fronthera_2021/run_output_fronthera_003/stages/block_b/provider/B4/attempt_01/search_queries.json
3	DealTech/local_cases/fronthera_2021/run_output_fronthera_003/stages/block_b/provider/B4/attempt_01/tool_calls.json
799	DealTech/local_cases/fronthera_2021/run_output_fronthera_003/stages/block_b/provider/B4/attempt_01/validation_result.json
4734	DealTech/local_cases/fronthera_2021/run_output_fronthera_003/stages/block_b/provider/B5/attempt_01/admitted_objects.json
14552	DealTech/local_cases/fronthera_2021/run_output_fronthera_003/stages/block_b/provider/B5/attempt_01/provider_request.json
14741	DealTech/local_cases/fronthera_2021/run_output_fronthera_003/stages/block_b/provider/B5/attempt_01/provider_response_raw.json
837	DealTech/local_cases/fronthera_2021/run_output_fronthera_003/stages/block_b/provider/B5/attempt_01/provider_trace.json
3	DealTech/local_cases/fronthera_2021/run_output_fronthera_003/stages/block_b/provider/B5/attempt_01/rejected_objects.json
3	DealTech/local_cases/fronthera_2021/run_output_fronthera_003/stages/block_b/provider/B5/attempt_01/returned_citations.json
3	DealTech/local_cases/fronthera_2021/run_output_fronthera_003/stages/block_b/provider/B5/attempt_01/search_queries.json
3	DealTech/local_cases/fronthera_2021/run_output_fronthera_003/stages/block_b/provider/B5/attempt_01/tool_calls.json
768	DealTech/local_cases/fronthera_2021/run_output_fronthera_003/stages/block_b/provider/B5/attempt_01/validation_result.json
3730	DealTech/local_cases/fronthera_2021/run_output_fronthera_003/stages/block_b/provider/B5/attempt_02/admitted_objects.json
19622	DealTech/local_cases/fronthera_2021/run_output_fronthera_003/stages/block_b/provider/B5/attempt_02/provider_request.json
5736	DealTech/local_cases/fronthera_2021/run_output_fronthera_003/stages/block_b/provider/B5/attempt_02/provider_response_raw.json
815	DealTech/local_cases/fronthera_2021/run_output_fronthera_003/stages/block_b/provider/B5/attempt_02/provider_trace.json
3	DealTech/local_cases/fronthera_2021/run_output_fronthera_003/stages/block_b/provider/B5/attempt_02/rejected_objects.json
3	DealTech/local_cases/fronthera_2021/run_output_fronthera_003/stages/block_b/provider/B5/attempt_02/returned_citations.json
3	DealTech/local_cases/fronthera_2021/run_output_fronthera_003/stages/block_b/provider/B5/attempt_02/search_queries.json
3	DealTech/local_cases/fronthera_2021/run_output_fronthera_003/stages/block_b/provider/B5/attempt_02/tool_calls.json
748	DealTech/local_cases/fronthera_2021/run_output_fronthera_003/stages/block_b/provider/B5/attempt_02/validation_result.json
1478	DealTech/local_cases/fronthera_2021/run_output_fronthera_003/stages/block_b/run_summary.json
1058	DealTech/local_cases/fronthera_2021/run_output_fronthera_004/pipeline_cases/block_a/attachments/target_capability_brief.md
5505	DealTech/local_cases/fronthera_2021/run_output_fronthera_004/pipeline_cases/block_a/case.json
89938	DealTech/local_cases/fronthera_2021/run_output_fronthera_004/pipeline_cases/block_a/recordings/responses.json
4135	DealTech/local_cases/fronthera_2021/run_output_fronthera_004/pipeline_cases/block_b/attachments/target_financials.xlsx
126605	DealTech/local_cases/fronthera_2021/run_output_fronthera_004/pipeline_cases/block_b/case.json
129529	DealTech/local_cases/fronthera_2021/run_output_fronthera_004/pipeline_cases/block_b/recordings/responses.json
447	DealTech/local_cases/fronthera_2021/run_output_fronthera_004/pipeline_cases/block_c/attachments/management_representation.md
255707	DealTech/local_cases/fronthera_2021/run_output_fronthera_004/pipeline_cases/block_c/case.json
62596	DealTech/local_cases/fronthera_2021/run_output_fronthera_004/pipeline_cases/block_c/recordings/responses.json
43402	DealTech/local_cases/fronthera_2021/run_output_fronthera_004/run_manifest.json
8578	DealTech/local_cases/fronthera_2021/run_output_fronthera_004/stages/block_a/gate_a/criterion_results.json
38824	DealTech/local_cases/fronthera_2021/run_output_fronthera_004/stages/block_a/gate_a/gate_a_result.json
287	DealTech/local_cases/fronthera_2021/run_output_fronthera_004/stages/block_a/loop/controller_decisions.json
597	DealTech/local_cases/fronthera_2021/run_output_fronthera_004/stages/block_a/loop/dependency_invalidations.json
514	DealTech/local_cases/fronthera_2021/run_output_fronthera_004/stages/block_a/loop/gaps.json
682	DealTech/local_cases/fronthera_2021/run_output_fronthera_004/stages/block_a/loop/iteration_records.json
221	DealTech/local_cases/fronthera_2021/run_output_fronthera_004/stages/block_a/loop/loop_state.json
519	DealTech/local_cases/fronthera_2021/run_output_fronthera_004/stages/block_a/loop/replans.json
9073	DealTech/local_cases/fronthera_2021/run_output_fronthera_004/stages/block_a/loop/research_attempts.json
6204	DealTech/local_cases/fronthera_2021/run_output_fronthera_004/stages/block_a/modules/a1_transaction_context.json
6222	DealTech/local_cases/fronthera_2021/run_output_fronthera_004/stages/block_a/modules/a2_buyer_strategic_need.json
9556	DealTech/local_cases/fronthera_2021/run_output_fronthera_004/stages/block_a/modules/a3_strategic_rationale.json
6436	DealTech/local_cases/fronthera_2021/run_output_fronthera_004/stages/block_a/modules/a4_target_attractiveness.json
6992	DealTech/local_cases/fronthera_2021/run_output_fronthera_004/stages/block_a/modules/a5_target_capability_business_quality.json
10384	DealTech/local_cases/fronthera_2021/run_output_fronthera_004/stages/block_a/modules/a6_industry_competitive_position.json
10084	DealTech/local_cases/fronthera_2021/run_output_fronthera_004/stages/block_a/modules/a7_strategic_fit.json
6715	DealTech/local_cases/fronthera_2021/run_output_fronthera_004/stages/block_a/planning/block_a_research_plan.json
279	DealTech/local_cases/fronthera_2021/run_output_fronthera_004/stages/block_a/planning/dependency_graph.json
487	DealTech/local_cases/fronthera_2021/run_output_fronthera_004/stages/block_a/planning/prompt_manifest.json
985	DealTech/local_cases/fronthera_2021/run_output_fronthera_004/stages/block_a/planning/research_questions.json
4665	DealTech/local_cases/fronthera_2021/run_output_fronthera_004/stages/block_a/provider/A1/attempt_01/admitted_objects.json
6069	DealTech/local_cases/fronthera_2021/run_output_fronthera_004/stages/block_a/provider/A1/attempt_01/provider_request.json
7209	DealTech/local_cases/fronthera_2021/run_output_fronthera_004/stages/block_a/provider/A1/attempt_01/provider_response_raw.json
1160	DealTech/local_cases/fronthera_2021/run_output_fronthera_004/stages/block_a/provider/A1/attempt_01/provider_trace.json
3	DealTech/local_cases/fronthera_2021/run_output_fronthera_004/stages/block_a/provider/A1/attempt_01/rejected_objects.json
224	DealTech/local_cases/fronthera_2021/run_output_fronthera_004/stages/block_a/provider/A1/attempt_01/returned_citations.json
131	DealTech/local_cases/fronthera_2021/run_output_fronthera_004/stages/block_a/provider/A1/attempt_01/search_queries.json
3	DealTech/local_cases/fronthera_2021/run_output_fronthera_004/stages/block_a/provider/A1/attempt_01/tool_calls.json
772	DealTech/local_cases/fronthera_2021/run_output_fronthera_004/stages/block_a/provider/A1/attempt_01/validation_result.json
4279	DealTech/local_cases/fronthera_2021/run_output_fronthera_004/stages/block_a/provider/A2/attempt_01/admitted_objects.json
11461	DealTech/local_cases/fronthera_2021/run_output_fronthera_004/stages/block_a/provider/A2/attempt_01/provider_request.json
6784	DealTech/local_cases/fronthera_2021/run_output_fronthera_004/stages/block_a/provider/A2/attempt_01/provider_response_raw.json
1135	DealTech/local_cases/fronthera_2021/run_output_fronthera_004/stages/block_a/provider/A2/attempt_01/provider_trace.json
3	DealTech/local_cases/fronthera_2021/run_output_fronthera_004/stages/block_a/provider/A2/attempt_01/rejected_objects.json
219	DealTech/local_cases/fronthera_2021/run_output_fronthera_004/stages/block_a/provider/A2/attempt_01/returned_citations.json
131	DealTech/local_cases/fronthera_2021/run_output_fronthera_004/stages/block_a/provider/A2/attempt_01/search_queries.json
3	DealTech/local_cases/fronthera_2021/run_output_fronthera_004/stages/block_a/provider/A2/attempt_01/tool_calls.json
752	DealTech/local_cases/fronthera_2021/run_output_fronthera_004/stages/block_a/provider/A2/attempt_01/validation_result.json
4942	DealTech/local_cases/fronthera_2021/run_output_fronthera_004/stages/block_a/provider/A3/attempt_01/admitted_objects.json
33091	DealTech/local_cases/fronthera_2021/run_output_fronthera_004/stages/block_a/provider/A3/attempt_01/provider_request.json
7674	DealTech/local_cases/fronthera_2021/run_output_fronthera_004/stages/block_a/provider/A3/attempt_01/provider_response_raw.json
1167	DealTech/local_cases/fronthera_2021/run_output_fronthera_004/stages/block_a/provider/A3/attempt_01/provider_trace.json
3	DealTech/local_cases/fronthera_2021/run_output_fronthera_004/stages/block_a/provider/A3/attempt_01/rejected_objects.json
234	DealTech/local_cases/fronthera_2021/run_output_fronthera_004/stages/block_a/provider/A3/attempt_01/returned_citations.json
131	DealTech/local_cases/fronthera_2021/run_output_fronthera_004/stages/block_a/provider/A3/attempt_01/search_queries.json
3	DealTech/local_cases/fronthera_2021/run_output_fronthera_004/stages/block_a/provider/A3/attempt_01/tool_calls.json
769	DealTech/local_cases/fronthera_2021/run_output_fronthera_004/stages/block_a/provider/A3/attempt_01/validation_result.json
3244	DealTech/local_cases/fronthera_2021/run_output_fronthera_004/stages/block_a/provider/A3/attempt_02/admitted_objects.json
44554	DealTech/local_cases/fronthera_2021/run_output_fronthera_004/stages/block_a/provider/A3/attempt_02/provider_request.json
6733	DealTech/local_cases/fronthera_2021/run_output_fronthera_004/stages/block_a/provider/A3/attempt_02/provider_response_raw.json
1274	DealTech/local_cases/fronthera_2021/run_output_fronthera_004/stages/block_a/provider/A3/attempt_02/provider_trace.json
242	DealTech/local_cases/fronthera_2021/run_output_fronthera_004/stages/block_a/provider/A3/attempt_02/rejected_objects.json
195	DealTech/local_cases/fronthera_2021/run_output_fronthera_004/stages/block_a/provider/A3/attempt_02/returned_citations.json
55	DealTech/local_cases/fronthera_2021/run_output_fronthera_004/stages/block_a/provider/A3/attempt_02/search_queries.json
3	DealTech/local_cases/fronthera_2021/run_output_fronthera_004/stages/block_a/provider/A3/attempt_02/tool_calls.json
742	DealTech/local_cases/fronthera_2021/run_output_fronthera_004/stages/block_a/provider/A3/attempt_02/validation_result.json
4264	DealTech/local_cases/fronthera_2021/run_output_fronthera_004/stages/block_a/provider/A4/attempt_01/admitted_objects.json
16891	DealTech/local_cases/fronthera_2021/run_output_fronthera_004/stages/block_a/provider/A4/attempt_01/provider_request.json
6832	DealTech/local_cases/fronthera_2021/run_output_fronthera_004/stages/block_a/provider/A4/attempt_01/provider_response_raw.json
1092	DealTech/local_cases/fronthera_2021/run_output_fronthera_004/stages/block_a/provider/A4/attempt_01/provider_trace.json
3	DealTech/local_cases/fronthera_2021/run_output_fronthera_004/stages/block_a/provider/A4/attempt_01/rejected_objects.json
176	DealTech/local_cases/fronthera_2021/run_output_fronthera_004/stages/block_a/provider/A4/attempt_01/returned_citations.json
131	DealTech/local_cases/fronthera_2021/run_output_fronthera_004/stages/block_a/provider/A4/attempt_01/search_queries.json
3	DealTech/local_cases/fronthera_2021/run_output_fronthera_004/stages/block_a/provider/A4/attempt_01/tool_calls.json
752	DealTech/local_cases/fronthera_2021/run_output_fronthera_004/stages/block_a/provider/A4/attempt_01/validation_result.json
6181	DealTech/local_cases/fronthera_2021/run_output_fronthera_004/stages/block_a/provider/A5/attempt_01/admitted_objects.json
17803	DealTech/local_cases/fronthera_2021/run_output_fronthera_004/stages/block_a/provider/A5/attempt_01/provider_request.json
8976	DealTech/local_cases/fronthera_2021/run_output_fronthera_004/stages/block_a/provider/A5/attempt_01/provider_response_raw.json
1227	DealTech/local_cases/fronthera_2021/run_output_fronthera_004/stages/block_a/provider/A5/attempt_01/provider_trace.json
3	DealTech/local_cases/fronthera_2021/run_output_fronthera_004/stages/block_a/provider/A5/attempt_01/rejected_objects.json
221	DealTech/local_cases/fronthera_2021/run_output_fronthera_004/stages/block_a/provider/A5/attempt_01/returned_citations.json
131	DealTech/local_cases/fronthera_2021/run_output_fronthera_004/stages/block_a/provider/A5/attempt_01/search_queries.json
3	DealTech/local_cases/fronthera_2021/run_output_fronthera_004/stages/block_a/provider/A5/attempt_01/tool_calls.json
815	DealTech/local_cases/fronthera_2021/run_output_fronthera_004/stages/block_a/provider/A5/attempt_01/validation_result.json
4291	DealTech/local_cases/fronthera_2021/run_output_fronthera_004/stages/block_a/provider/A6/attempt_01/admitted_objects.json
23107	DealTech/local_cases/fronthera_2021/run_output_fronthera_004/stages/block_a/provider/A6/attempt_01/provider_request.json
7549	DealTech/local_cases/fronthera_2021/run_output_fronthera_004/stages/block_a/provider/A6/attempt_01/provider_response_raw.json
1090	DealTech/local_cases/fronthera_2021/run_output_fronthera_004/stages/block_a/provider/A6/attempt_01/provider_trace.json
3	DealTech/local_cases/fronthera_2021/run_output_fronthera_004/stages/block_a/provider/A6/attempt_01/rejected_objects.json
179	DealTech/local_cases/fronthera_2021/run_output_fronthera_004/stages/block_a/provider/A6/attempt_01/returned_citations.json
131	DealTech/local_cases/fronthera_2021/run_output_fronthera_004/stages/block_a/provider/A6/attempt_01/search_queries.json
3	DealTech/local_cases/fronthera_2021/run_output_fronthera_004/stages/block_a/provider/A6/attempt_01/tool_calls.json
747	DealTech/local_cases/fronthera_2021/run_output_fronthera_004/stages/block_a/provider/A6/attempt_01/validation_result.json
5566	DealTech/local_cases/fronthera_2021/run_output_fronthera_004/stages/block_a/provider/A6/attempt_02/admitted_objects.json
30710	DealTech/local_cases/fronthera_2021/run_output_fronthera_004/stages/block_a/provider/A6/attempt_02/provider_request.json
9115	DealTech/local_cases/fronthera_2021/run_output_fronthera_004/stages/block_a/provider/A6/attempt_02/provider_response_raw.json
1322	DealTech/local_cases/fronthera_2021/run_output_fronthera_004/stages/block_a/provider/A6/attempt_02/provider_trace.json
3	DealTech/local_cases/fronthera_2021/run_output_fronthera_004/stages/block_a/provider/A6/attempt_02/rejected_objects.json
377	DealTech/local_cases/fronthera_2021/run_output_fronthera_004/stages/block_a/provider/A6/attempt_02/returned_citations.json
131	DealTech/local_cases/fronthera_2021/run_output_fronthera_004/stages/block_a/provider/A6/attempt_02/search_queries.json
3	DealTech/local_cases/fronthera_2021/run_output_fronthera_004/stages/block_a/provider/A6/attempt_02/tool_calls.json
771	DealTech/local_cases/fronthera_2021/run_output_fronthera_004/stages/block_a/provider/A6/attempt_02/validation_result.json
4438	DealTech/local_cases/fronthera_2021/run_output_fronthera_004/stages/block_a/provider/A7/attempt_01/admitted_objects.json
33925	DealTech/local_cases/fronthera_2021/run_output_fronthera_004/stages/block_a/provider/A7/attempt_01/provider_request.json
7252	DealTech/local_cases/fronthera_2021/run_output_fronthera_004/stages/block_a/provider/A7/attempt_01/provider_response_raw.json
1151	DealTech/local_cases/fronthera_2021/run_output_fronthera_004/stages/block_a/provider/A7/attempt_01/provider_trace.json
3	DealTech/local_cases/fronthera_2021/run_output_fronthera_004/stages/block_a/provider/A7/attempt_01/rejected_objects.json
241	DealTech/local_cases/fronthera_2021/run_output_fronthera_004/stages/block_a/provider/A7/attempt_01/returned_citations.json
131	DealTech/local_cases/fronthera_2021/run_output_fronthera_004/stages/block_a/provider/A7/attempt_01/search_queries.json
3	DealTech/local_cases/fronthera_2021/run_output_fronthera_004/stages/block_a/provider/A7/attempt_01/tool_calls.json
746	DealTech/local_cases/fronthera_2021/run_output_fronthera_004/stages/block_a/provider/A7/attempt_01/validation_result.json
2883	DealTech/local_cases/fronthera_2021/run_output_fronthera_004/stages/block_a/provider/A7/attempt_02/admitted_objects.json
48541	DealTech/local_cases/fronthera_2021/run_output_fronthera_004/stages/block_a/provider/A7/attempt_02/provider_request.json
6615	DealTech/local_cases/fronthera_2021/run_output_fronthera_004/stages/block_a/provider/A7/attempt_02/provider_response_raw.json
1245	DealTech/local_cases/fronthera_2021/run_output_fronthera_004/stages/block_a/provider/A7/attempt_02/provider_trace.json
242	DealTech/local_cases/fronthera_2021/run_output_fronthera_004/stages/block_a/provider/A7/attempt_02/rejected_objects.json
195	DealTech/local_cases/fronthera_2021/run_output_fronthera_004/stages/block_a/provider/A7/attempt_02/returned_citations.json
49	DealTech/local_cases/fronthera_2021/run_output_fronthera_004/stages/block_a/provider/A7/attempt_02/search_queries.json
3	DealTech/local_cases/fronthera_2021/run_output_fronthera_004/stages/block_a/provider/A7/attempt_02/tool_calls.json
719	DealTech/local_cases/fronthera_2021/run_output_fronthera_004/stages/block_a/provider/A7/attempt_02/validation_result.json
715	DealTech/local_cases/fronthera_2021/run_output_fronthera_004/stages/block_a/provider/attachment_manifest.json
1570	DealTech/local_cases/fronthera_2021/run_output_fronthera_004/stages/block_a/research/assumptions.json
10312	DealTech/local_cases/fronthera_2021/run_output_fronthera_004/stages/block_a/research/claim_dependencies.json
22847	DealTech/local_cases/fronthera_2021/run_output_fronthera_004/stages/block_a/research/claims.json
1362	DealTech/local_cases/fronthera_2021/run_output_fronthera_004/stages/block_a/research/conflicts.json
7393	DealTech/local_cases/fronthera_2021/run_output_fronthera_004/stages/block_a/research/counterevidence.json
34946	DealTech/local_cases/fronthera_2021/run_output_fronthera_004/stages/block_a/research/evidence.json
21036	DealTech/local_cases/fronthera_2021/run_output_fronthera_004/stages/block_a/research/sources.json
1544	DealTech/local_cases/fronthera_2021/run_output_fronthera_004/stages/block_a/research/unknowns.json
571	DealTech/local_cases/fronthera_2021/run_output_fronthera_004/stages/block_a/run_summary.json
1119	DealTech/local_cases/fronthera_2021/run_output_fronthera_004/stages/block_a/state/final_terminal_state.json
1189	DealTech/local_cases/fronthera_2021/run_output_fronthera_004/stages/block_a/state/terminal_state_history.json
6698	DealTech/local_cases/fronthera_2021/run_output_fronthera_004/stages/block_a/verification/er_brb_results.json
860	DealTech/local_cases/fronthera_2021/run_output_fronthera_004/stages/block_a/verification/evidence_quality_results.json
11949	DealTech/local_cases/fronthera_2021/run_output_fronthera_004/stages/block_a/verification/pce_results.json
26936	DealTech/local_cases/fronthera_2021/run_output_fronthera_004/stages/block_b/00_input/admitted_gate_a_result.json
814	DealTech/local_cases/fronthera_2021/run_output_fronthera_004/stages/block_b/00_input/attachment_manifest.json
85439	DealTech/local_cases/fronthera_2021/run_output_fronthera_004/stages/block_b/00_input/block_b_input_bundle.json
3627	DealTech/local_cases/fronthera_2021/run_output_fronthera_004/stages/block_b/00_input/block_b_research_plan.json
1756	DealTech/local_cases/fronthera_2021/run_output_fronthera_004/stages/block_b/00_input/business_mandate.json
126605	DealTech/local_cases/fronthera_2021/run_output_fronthera_004/stages/block_b/00_input/case.json
1134	DealTech/local_cases/fronthera_2021/run_output_fronthera_004/stages/block_b/00_input/research_contract.json
2865	DealTech/local_cases/fronthera_2021/run_output_fronthera_004/stages/block_b/00_input/xlsx_extraction.json
4587	DealTech/local_cases/fronthera_2021/run_output_fronthera_004/stages/block_b/01_research/assumptions.json
16895	DealTech/local_cases/fronthera_2021/run_output_fronthera_004/stages/block_b/01_research/claims.json
4565	DealTech/local_cases/fronthera_2021/run_output_fronthera_004/stages/block_b/01_research/counterevidence.json
3	DealTech/local_cases/fronthera_2021/run_output_fronthera_004/stages/block_b/01_research/duplicate_source_rejections.json
31477	DealTech/local_cases/fronthera_2021/run_output_fronthera_004/stages/block_b/01_research/evidence.json
21469	DealTech/local_cases/fronthera_2021/run_output_fronthera_004/stages/block_b/01_research/source_registry.json
1344	DealTech/local_cases/fronthera_2021/run_output_fronthera_004/stages/block_b/01_research/unknowns.json
3453	DealTech/local_cases/fronthera_2021/run_output_fronthera_004/stages/block_b/02_modules/b1_executions.json
3064	DealTech/local_cases/fronthera_2021/run_output_fronthera_004/stages/block_b/02_modules/b2_executions.json
6016	DealTech/local_cases/fronthera_2021/run_output_fronthera_004/stages/block_b/02_modules/b3_executions.json
3232	DealTech/local_cases/fronthera_2021/run_output_fronthera_004/stages/block_b/02_modules/b4_executions.json
5848	DealTech/local_cases/fronthera_2021/run_output_fronthera_004/stages/block_b/02_modules/b5_executions.json
21601	DealTech/local_cases/fronthera_2021/run_output_fronthera_004/stages/block_b/02_modules/module_executions.json
39697	DealTech/local_cases/fronthera_2021/run_output_fronthera_004/stages/block_b/03_financial_data/financial_data_points.json
4828	DealTech/local_cases/fronthera_2021/run_output_fronthera_004/stages/block_b/03_financial_data/normalization_records.json
1892	DealTech/local_cases/fronthera_2021/run_output_fronthera_004/stages/block_b/03_financial_data/synergy_records.json
586	DealTech/local_cases/fronthera_2021/run_output_fronthera_004/stages/block_b/04_calculations/calculation_gap_history.json
11146	DealTech/local_cases/fronthera_2021/run_output_fronthera_004/stages/block_b/04_calculations/calculation_replays.json
48707	DealTech/local_cases/fronthera_2021/run_output_fronthera_004/stages/block_b/04_calculations/calculations.json
31880	DealTech/local_cases/fronthera_2021/run_output_fronthera_004/stages/block_b/04_calculations/latest_calculations.json
365	DealTech/local_cases/fronthera_2021/run_output_fronthera_004/stages/block_b/05_controls/certification_adapter_boundary.json
113	DealTech/local_cases/fronthera_2021/run_output_fronthera_004/stages/block_b/05_controls/control_execution_order.json
6166	DealTech/local_cases/fronthera_2021/run_output_fronthera_004/stages/block_b/05_controls/er_brb_results.json
1166	DealTech/local_cases/fronthera_2021/run_output_fronthera_004/stages/block_b/05_controls/human_review_items.json
14387	DealTech/local_cases/fronthera_2021/run_output_fronthera_004/stages/block_b/05_controls/pce_prechecks.json
8445	DealTech/local_cases/fronthera_2021/run_output_fronthera_004/stages/block_b/05_controls/pce_results.json
31689	DealTech/local_cases/fronthera_2021/run_output_fronthera_004/stages/block_b/06_gate_b/gate_b_history.json
15124	DealTech/local_cases/fronthera_2021/run_output_fronthera_004/stages/block_b/06_gate_b/gate_b_result.json
755	DealTech/local_cases/fronthera_2021/run_output_fronthera_004/stages/block_b/07_loop/iteration_records.json
1625	DealTech/local_cases/fronthera_2021/run_output_fronthera_004/stages/block_b/07_loop/loop_events.json
557	DealTech/local_cases/fronthera_2021/run_output_fronthera_004/stages/block_b/07_loop/terminal_state.json
8365	DealTech/local_cases/fronthera_2021/run_output_fronthera_004/stages/block_b/provider/B1/attempt_01/admitted_objects.json
9547	DealTech/local_cases/fronthera_2021/run_output_fronthera_004/stages/block_b/provider/B1/attempt_01/provider_request.json
31578	DealTech/local_cases/fronthera_2021/run_output_fronthera_004/stages/block_b/provider/B1/attempt_01/provider_response_raw.json
1032	DealTech/local_cases/fronthera_2021/run_output_fronthera_004/stages/block_b/provider/B1/attempt_01/provider_trace.json
3	DealTech/local_cases/fronthera_2021/run_output_fronthera_004/stages/block_b/provider/B1/attempt_01/rejected_objects.json
3	DealTech/local_cases/fronthera_2021/run_output_fronthera_004/stages/block_b/provider/B1/attempt_01/returned_citations.json
86	DealTech/local_cases/fronthera_2021/run_output_fronthera_004/stages/block_b/provider/B1/attempt_01/search_queries.json
3	DealTech/local_cases/fronthera_2021/run_output_fronthera_004/stages/block_b/provider/B1/attempt_01/tool_calls.json
874	DealTech/local_cases/fronthera_2021/run_output_fronthera_004/stages/block_b/provider/B1/attempt_01/validation_result.json
6106	DealTech/local_cases/fronthera_2021/run_output_fronthera_004/stages/block_b/provider/B2/attempt_01/admitted_objects.json
9574	DealTech/local_cases/fronthera_2021/run_output_fronthera_004/stages/block_b/provider/B2/attempt_01/provider_request.json
19259	DealTech/local_cases/fronthera_2021/run_output_fronthera_004/stages/block_b/provider/B2/attempt_01/provider_response_raw.json
868	DealTech/local_cases/fronthera_2021/run_output_fronthera_004/stages/block_b/provider/B2/attempt_01/provider_trace.json
3	DealTech/local_cases/fronthera_2021/run_output_fronthera_004/stages/block_b/provider/B2/attempt_01/rejected_objects.json
3	DealTech/local_cases/fronthera_2021/run_output_fronthera_004/stages/block_b/provider/B2/attempt_01/returned_citations.json
3	DealTech/local_cases/fronthera_2021/run_output_fronthera_004/stages/block_b/provider/B2/attempt_01/search_queries.json
3	DealTech/local_cases/fronthera_2021/run_output_fronthera_004/stages/block_b/provider/B2/attempt_01/tool_calls.json
799	DealTech/local_cases/fronthera_2021/run_output_fronthera_004/stages/block_b/provider/B2/attempt_01/validation_result.json
6806	DealTech/local_cases/fronthera_2021/run_output_fronthera_004/stages/block_b/provider/B3/attempt_01/admitted_objects.json
11883	DealTech/local_cases/fronthera_2021/run_output_fronthera_004/stages/block_b/provider/B3/attempt_01/provider_request.json
13892	DealTech/local_cases/fronthera_2021/run_output_fronthera_004/stages/block_b/provider/B3/attempt_01/provider_response_raw.json
931	DealTech/local_cases/fronthera_2021/run_output_fronthera_004/stages/block_b/provider/B3/attempt_01/provider_trace.json
3	DealTech/local_cases/fronthera_2021/run_output_fronthera_004/stages/block_b/provider/B3/attempt_01/rejected_objects.json
3	DealTech/local_cases/fronthera_2021/run_output_fronthera_004/stages/block_b/provider/B3/attempt_01/returned_citations.json
35	DealTech/local_cases/fronthera_2021/run_output_fronthera_004/stages/block_b/provider/B3/attempt_01/search_queries.json
3	DealTech/local_cases/fronthera_2021/run_output_fronthera_004/stages/block_b/provider/B3/attempt_01/tool_calls.json
826	DealTech/local_cases/fronthera_2021/run_output_fronthera_004/stages/block_b/provider/B3/attempt_01/validation_result.json
4173	DealTech/local_cases/fronthera_2021/run_output_fronthera_004/stages/block_b/provider/B3/attempt_02/admitted_objects.json
22125	DealTech/local_cases/fronthera_2021/run_output_fronthera_004/stages/block_b/provider/B3/attempt_02/provider_request.json
7161	DealTech/local_cases/fronthera_2021/run_output_fronthera_004/stages/block_b/provider/B3/attempt_02/provider_response_raw.json
893	DealTech/local_cases/fronthera_2021/run_output_fronthera_004/stages/block_b/provider/B3/attempt_02/provider_trace.json
3	DealTech/local_cases/fronthera_2021/run_output_fronthera_004/stages/block_b/provider/B3/attempt_02/rejected_objects.json
3	DealTech/local_cases/fronthera_2021/run_output_fronthera_004/stages/block_b/provider/B3/attempt_02/returned_citations.json
41	DealTech/local_cases/fronthera_2021/run_output_fronthera_004/stages/block_b/provider/B3/attempt_02/search_queries.json
3	DealTech/local_cases/fronthera_2021/run_output_fronthera_004/stages/block_b/provider/B3/attempt_02/tool_calls.json
783	DealTech/local_cases/fronthera_2021/run_output_fronthera_004/stages/block_b/provider/B3/attempt_02/validation_result.json
5176	DealTech/local_cases/fronthera_2021/run_output_fronthera_004/stages/block_b/provider/B4/attempt_01/admitted_objects.json
10964	DealTech/local_cases/fronthera_2021/run_output_fronthera_004/stages/block_b/provider/B4/attempt_01/provider_request.json
14183	DealTech/local_cases/fronthera_2021/run_output_fronthera_004/stages/block_b/provider/B4/attempt_01/provider_response_raw.json
868	DealTech/local_cases/fronthera_2021/run_output_fronthera_004/stages/block_b/provider/B4/attempt_01/provider_trace.json
3	DealTech/local_cases/fronthera_2021/run_output_fronthera_004/stages/block_b/provider/B4/attempt_01/rejected_objects.json
3	DealTech/local_cases/fronthera_2021/run_output_fronthera_004/stages/block_b/provider/B4/attempt_01/returned_citations.json
3	DealTech/local_cases/fronthera_2021/run_output_fronthera_004/stages/block_b/provider/B4/attempt_01/search_queries.json
3	DealTech/local_cases/fronthera_2021/run_output_fronthera_004/stages/block_b/provider/B4/attempt_01/tool_calls.json
799	DealTech/local_cases/fronthera_2021/run_output_fronthera_004/stages/block_b/provider/B4/attempt_01/validation_result.json
4734	DealTech/local_cases/fronthera_2021/run_output_fronthera_004/stages/block_b/provider/B5/attempt_01/admitted_objects.json
14521	DealTech/local_cases/fronthera_2021/run_output_fronthera_004/stages/block_b/provider/B5/attempt_01/provider_request.json
14741	DealTech/local_cases/fronthera_2021/run_output_fronthera_004/stages/block_b/provider/B5/attempt_01/provider_response_raw.json
837	DealTech/local_cases/fronthera_2021/run_output_fronthera_004/stages/block_b/provider/B5/attempt_01/provider_trace.json
3	DealTech/local_cases/fronthera_2021/run_output_fronthera_004/stages/block_b/provider/B5/attempt_01/rejected_objects.json
3	DealTech/local_cases/fronthera_2021/run_output_fronthera_004/stages/block_b/provider/B5/attempt_01/returned_citations.json
3	DealTech/local_cases/fronthera_2021/run_output_fronthera_004/stages/block_b/provider/B5/attempt_01/search_queries.json
3	DealTech/local_cases/fronthera_2021/run_output_fronthera_004/stages/block_b/provider/B5/attempt_01/tool_calls.json
768	DealTech/local_cases/fronthera_2021/run_output_fronthera_004/stages/block_b/provider/B5/attempt_01/validation_result.json
3730	DealTech/local_cases/fronthera_2021/run_output_fronthera_004/stages/block_b/provider/B5/attempt_02/admitted_objects.json
19622	DealTech/local_cases/fronthera_2021/run_output_fronthera_004/stages/block_b/provider/B5/attempt_02/provider_request.json
5736	DealTech/local_cases/fronthera_2021/run_output_fronthera_004/stages/block_b/provider/B5/attempt_02/provider_response_raw.json
815	DealTech/local_cases/fronthera_2021/run_output_fronthera_004/stages/block_b/provider/B5/attempt_02/provider_trace.json
3	DealTech/local_cases/fronthera_2021/run_output_fronthera_004/stages/block_b/provider/B5/attempt_02/rejected_objects.json
3	DealTech/local_cases/fronthera_2021/run_output_fronthera_004/stages/block_b/provider/B5/attempt_02/returned_citations.json
3	DealTech/local_cases/fronthera_2021/run_output_fronthera_004/stages/block_b/provider/B5/attempt_02/search_queries.json
3	DealTech/local_cases/fronthera_2021/run_output_fronthera_004/stages/block_b/provider/B5/attempt_02/tool_calls.json
748	DealTech/local_cases/fronthera_2021/run_output_fronthera_004/stages/block_b/provider/B5/attempt_02/validation_result.json
1478	DealTech/local_cases/fronthera_2021/run_output_fronthera_004/stages/block_b/run_summary.json
1058	DealTech/local_cases/fronthera_2021/run_output_fronthera_005/pipeline_cases/block_a/attachments/target_capability_brief.md
5505	DealTech/local_cases/fronthera_2021/run_output_fronthera_005/pipeline_cases/block_a/case.json
89938	DealTech/local_cases/fronthera_2021/run_output_fronthera_005/pipeline_cases/block_a/recordings/responses.json
4135	DealTech/local_cases/fronthera_2021/run_output_fronthera_005/pipeline_cases/block_b/attachments/target_financials.xlsx
126605	DealTech/local_cases/fronthera_2021/run_output_fronthera_005/pipeline_cases/block_b/case.json
129529	DealTech/local_cases/fronthera_2021/run_output_fronthera_005/pipeline_cases/block_b/recordings/responses.json
447	DealTech/local_cases/fronthera_2021/run_output_fronthera_005/pipeline_cases/block_c/attachments/management_representation.md
255707	DealTech/local_cases/fronthera_2021/run_output_fronthera_005/pipeline_cases/block_c/case.json
62560	DealTech/local_cases/fronthera_2021/run_output_fronthera_005/pipeline_cases/block_c/recordings/responses.json
43402	DealTech/local_cases/fronthera_2021/run_output_fronthera_005/run_manifest.json
8578	DealTech/local_cases/fronthera_2021/run_output_fronthera_005/stages/block_a/gate_a/criterion_results.json
38824	DealTech/local_cases/fronthera_2021/run_output_fronthera_005/stages/block_a/gate_a/gate_a_result.json
287	DealTech/local_cases/fronthera_2021/run_output_fronthera_005/stages/block_a/loop/controller_decisions.json
597	DealTech/local_cases/fronthera_2021/run_output_fronthera_005/stages/block_a/loop/dependency_invalidations.json
514	DealTech/local_cases/fronthera_2021/run_output_fronthera_005/stages/block_a/loop/gaps.json
682	DealTech/local_cases/fronthera_2021/run_output_fronthera_005/stages/block_a/loop/iteration_records.json
221	DealTech/local_cases/fronthera_2021/run_output_fronthera_005/stages/block_a/loop/loop_state.json
519	DealTech/local_cases/fronthera_2021/run_output_fronthera_005/stages/block_a/loop/replans.json
9073	DealTech/local_cases/fronthera_2021/run_output_fronthera_005/stages/block_a/loop/research_attempts.json
6204	DealTech/local_cases/fronthera_2021/run_output_fronthera_005/stages/block_a/modules/a1_transaction_context.json
6222	DealTech/local_cases/fronthera_2021/run_output_fronthera_005/stages/block_a/modules/a2_buyer_strategic_need.json
9556	DealTech/local_cases/fronthera_2021/run_output_fronthera_005/stages/block_a/modules/a3_strategic_rationale.json
6436	DealTech/local_cases/fronthera_2021/run_output_fronthera_005/stages/block_a/modules/a4_target_attractiveness.json
6992	DealTech/local_cases/fronthera_2021/run_output_fronthera_005/stages/block_a/modules/a5_target_capability_business_quality.json
10384	DealTech/local_cases/fronthera_2021/run_output_fronthera_005/stages/block_a/modules/a6_industry_competitive_position.json
10084	DealTech/local_cases/fronthera_2021/run_output_fronthera_005/stages/block_a/modules/a7_strategic_fit.json
6715	DealTech/local_cases/fronthera_2021/run_output_fronthera_005/stages/block_a/planning/block_a_research_plan.json
279	DealTech/local_cases/fronthera_2021/run_output_fronthera_005/stages/block_a/planning/dependency_graph.json
487	DealTech/local_cases/fronthera_2021/run_output_fronthera_005/stages/block_a/planning/prompt_manifest.json
985	DealTech/local_cases/fronthera_2021/run_output_fronthera_005/stages/block_a/planning/research_questions.json
4665	DealTech/local_cases/fronthera_2021/run_output_fronthera_005/stages/block_a/provider/A1/attempt_01/admitted_objects.json
6069	DealTech/local_cases/fronthera_2021/run_output_fronthera_005/stages/block_a/provider/A1/attempt_01/provider_request.json
7209	DealTech/local_cases/fronthera_2021/run_output_fronthera_005/stages/block_a/provider/A1/attempt_01/provider_response_raw.json
1160	DealTech/local_cases/fronthera_2021/run_output_fronthera_005/stages/block_a/provider/A1/attempt_01/provider_trace.json
3	DealTech/local_cases/fronthera_2021/run_output_fronthera_005/stages/block_a/provider/A1/attempt_01/rejected_objects.json
224	DealTech/local_cases/fronthera_2021/run_output_fronthera_005/stages/block_a/provider/A1/attempt_01/returned_citations.json
131	DealTech/local_cases/fronthera_2021/run_output_fronthera_005/stages/block_a/provider/A1/attempt_01/search_queries.json
3	DealTech/local_cases/fronthera_2021/run_output_fronthera_005/stages/block_a/provider/A1/attempt_01/tool_calls.json
772	DealTech/local_cases/fronthera_2021/run_output_fronthera_005/stages/block_a/provider/A1/attempt_01/validation_result.json
4279	DealTech/local_cases/fronthera_2021/run_output_fronthera_005/stages/block_a/provider/A2/attempt_01/admitted_objects.json
11461	DealTech/local_cases/fronthera_2021/run_output_fronthera_005/stages/block_a/provider/A2/attempt_01/provider_request.json
6784	DealTech/local_cases/fronthera_2021/run_output_fronthera_005/stages/block_a/provider/A2/attempt_01/provider_response_raw.json
1135	DealTech/local_cases/fronthera_2021/run_output_fronthera_005/stages/block_a/provider/A2/attempt_01/provider_trace.json
3	DealTech/local_cases/fronthera_2021/run_output_fronthera_005/stages/block_a/provider/A2/attempt_01/rejected_objects.json
219	DealTech/local_cases/fronthera_2021/run_output_fronthera_005/stages/block_a/provider/A2/attempt_01/returned_citations.json
131	DealTech/local_cases/fronthera_2021/run_output_fronthera_005/stages/block_a/provider/A2/attempt_01/search_queries.json
3	DealTech/local_cases/fronthera_2021/run_output_fronthera_005/stages/block_a/provider/A2/attempt_01/tool_calls.json
752	DealTech/local_cases/fronthera_2021/run_output_fronthera_005/stages/block_a/provider/A2/attempt_01/validation_result.json
4942	DealTech/local_cases/fronthera_2021/run_output_fronthera_005/stages/block_a/provider/A3/attempt_01/admitted_objects.json
33091	DealTech/local_cases/fronthera_2021/run_output_fronthera_005/stages/block_a/provider/A3/attempt_01/provider_request.json
7674	DealTech/local_cases/fronthera_2021/run_output_fronthera_005/stages/block_a/provider/A3/attempt_01/provider_response_raw.json
1167	DealTech/local_cases/fronthera_2021/run_output_fronthera_005/stages/block_a/provider/A3/attempt_01/provider_trace.json
3	DealTech/local_cases/fronthera_2021/run_output_fronthera_005/stages/block_a/provider/A3/attempt_01/rejected_objects.json
234	DealTech/local_cases/fronthera_2021/run_output_fronthera_005/stages/block_a/provider/A3/attempt_01/returned_citations.json
131	DealTech/local_cases/fronthera_2021/run_output_fronthera_005/stages/block_a/provider/A3/attempt_01/search_queries.json
3	DealTech/local_cases/fronthera_2021/run_output_fronthera_005/stages/block_a/provider/A3/attempt_01/tool_calls.json
769	DealTech/local_cases/fronthera_2021/run_output_fronthera_005/stages/block_a/provider/A3/attempt_01/validation_result.json
3244	DealTech/local_cases/fronthera_2021/run_output_fronthera_005/stages/block_a/provider/A3/attempt_02/admitted_objects.json
44554	DealTech/local_cases/fronthera_2021/run_output_fronthera_005/stages/block_a/provider/A3/attempt_02/provider_request.json
6733	DealTech/local_cases/fronthera_2021/run_output_fronthera_005/stages/block_a/provider/A3/attempt_02/provider_response_raw.json
1274	DealTech/local_cases/fronthera_2021/run_output_fronthera_005/stages/block_a/provider/A3/attempt_02/provider_trace.json
242	DealTech/local_cases/fronthera_2021/run_output_fronthera_005/stages/block_a/provider/A3/attempt_02/rejected_objects.json
195	DealTech/local_cases/fronthera_2021/run_output_fronthera_005/stages/block_a/provider/A3/attempt_02/returned_citations.json
55	DealTech/local_cases/fronthera_2021/run_output_fronthera_005/stages/block_a/provider/A3/attempt_02/search_queries.json
3	DealTech/local_cases/fronthera_2021/run_output_fronthera_005/stages/block_a/provider/A3/attempt_02/tool_calls.json
742	DealTech/local_cases/fronthera_2021/run_output_fronthera_005/stages/block_a/provider/A3/attempt_02/validation_result.json
4264	DealTech/local_cases/fronthera_2021/run_output_fronthera_005/stages/block_a/provider/A4/attempt_01/admitted_objects.json
16891	DealTech/local_cases/fronthera_2021/run_output_fronthera_005/stages/block_a/provider/A4/attempt_01/provider_request.json
6832	DealTech/local_cases/fronthera_2021/run_output_fronthera_005/stages/block_a/provider/A4/attempt_01/provider_response_raw.json
1092	DealTech/local_cases/fronthera_2021/run_output_fronthera_005/stages/block_a/provider/A4/attempt_01/provider_trace.json
3	DealTech/local_cases/fronthera_2021/run_output_fronthera_005/stages/block_a/provider/A4/attempt_01/rejected_objects.json
176	DealTech/local_cases/fronthera_2021/run_output_fronthera_005/stages/block_a/provider/A4/attempt_01/returned_citations.json
131	DealTech/local_cases/fronthera_2021/run_output_fronthera_005/stages/block_a/provider/A4/attempt_01/search_queries.json
3	DealTech/local_cases/fronthera_2021/run_output_fronthera_005/stages/block_a/provider/A4/attempt_01/tool_calls.json
752	DealTech/local_cases/fronthera_2021/run_output_fronthera_005/stages/block_a/provider/A4/attempt_01/validation_result.json
6181	DealTech/local_cases/fronthera_2021/run_output_fronthera_005/stages/block_a/provider/A5/attempt_01/admitted_objects.json
17803	DealTech/local_cases/fronthera_2021/run_output_fronthera_005/stages/block_a/provider/A5/attempt_01/provider_request.json
8976	DealTech/local_cases/fronthera_2021/run_output_fronthera_005/stages/block_a/provider/A5/attempt_01/provider_response_raw.json
1227	DealTech/local_cases/fronthera_2021/run_output_fronthera_005/stages/block_a/provider/A5/attempt_01/provider_trace.json
3	DealTech/local_cases/fronthera_2021/run_output_fronthera_005/stages/block_a/provider/A5/attempt_01/rejected_objects.json
221	DealTech/local_cases/fronthera_2021/run_output_fronthera_005/stages/block_a/provider/A5/attempt_01/returned_citations.json
131	DealTech/local_cases/fronthera_2021/run_output_fronthera_005/stages/block_a/provider/A5/attempt_01/search_queries.json
3	DealTech/local_cases/fronthera_2021/run_output_fronthera_005/stages/block_a/provider/A5/attempt_01/tool_calls.json
815	DealTech/local_cases/fronthera_2021/run_output_fronthera_005/stages/block_a/provider/A5/attempt_01/validation_result.json
4291	DealTech/local_cases/fronthera_2021/run_output_fronthera_005/stages/block_a/provider/A6/attempt_01/admitted_objects.json
23107	DealTech/local_cases/fronthera_2021/run_output_fronthera_005/stages/block_a/provider/A6/attempt_01/provider_request.json
7549	DealTech/local_cases/fronthera_2021/run_output_fronthera_005/stages/block_a/provider/A6/attempt_01/provider_response_raw.json
1090	DealTech/local_cases/fronthera_2021/run_output_fronthera_005/stages/block_a/provider/A6/attempt_01/provider_trace.json
3	DealTech/local_cases/fronthera_2021/run_output_fronthera_005/stages/block_a/provider/A6/attempt_01/rejected_objects.json
179	DealTech/local_cases/fronthera_2021/run_output_fronthera_005/stages/block_a/provider/A6/attempt_01/returned_citations.json
131	DealTech/local_cases/fronthera_2021/run_output_fronthera_005/stages/block_a/provider/A6/attempt_01/search_queries.json
3	DealTech/local_cases/fronthera_2021/run_output_fronthera_005/stages/block_a/provider/A6/attempt_01/tool_calls.json
747	DealTech/local_cases/fronthera_2021/run_output_fronthera_005/stages/block_a/provider/A6/attempt_01/validation_result.json
5566	DealTech/local_cases/fronthera_2021/run_output_fronthera_005/stages/block_a/provider/A6/attempt_02/admitted_objects.json
30710	DealTech/local_cases/fronthera_2021/run_output_fronthera_005/stages/block_a/provider/A6/attempt_02/provider_request.json
9115	DealTech/local_cases/fronthera_2021/run_output_fronthera_005/stages/block_a/provider/A6/attempt_02/provider_response_raw.json
1322	DealTech/local_cases/fronthera_2021/run_output_fronthera_005/stages/block_a/provider/A6/attempt_02/provider_trace.json
3	DealTech/local_cases/fronthera_2021/run_output_fronthera_005/stages/block_a/provider/A6/attempt_02/rejected_objects.json
377	DealTech/local_cases/fronthera_2021/run_output_fronthera_005/stages/block_a/provider/A6/attempt_02/returned_citations.json
131	DealTech/local_cases/fronthera_2021/run_output_fronthera_005/stages/block_a/provider/A6/attempt_02/search_queries.json
3	DealTech/local_cases/fronthera_2021/run_output_fronthera_005/stages/block_a/provider/A6/attempt_02/tool_calls.json
771	DealTech/local_cases/fronthera_2021/run_output_fronthera_005/stages/block_a/provider/A6/attempt_02/validation_result.json
4438	DealTech/local_cases/fronthera_2021/run_output_fronthera_005/stages/block_a/provider/A7/attempt_01/admitted_objects.json
33925	DealTech/local_cases/fronthera_2021/run_output_fronthera_005/stages/block_a/provider/A7/attempt_01/provider_request.json
7252	DealTech/local_cases/fronthera_2021/run_output_fronthera_005/stages/block_a/provider/A7/attempt_01/provider_response_raw.json
1151	DealTech/local_cases/fronthera_2021/run_output_fronthera_005/stages/block_a/provider/A7/attempt_01/provider_trace.json
3	DealTech/local_cases/fronthera_2021/run_output_fronthera_005/stages/block_a/provider/A7/attempt_01/rejected_objects.json
241	DealTech/local_cases/fronthera_2021/run_output_fronthera_005/stages/block_a/provider/A7/attempt_01/returned_citations.json
131	DealTech/local_cases/fronthera_2021/run_output_fronthera_005/stages/block_a/provider/A7/attempt_01/search_queries.json
3	DealTech/local_cases/fronthera_2021/run_output_fronthera_005/stages/block_a/provider/A7/attempt_01/tool_calls.json
746	DealTech/local_cases/fronthera_2021/run_output_fronthera_005/stages/block_a/provider/A7/attempt_01/validation_result.json
2883	DealTech/local_cases/fronthera_2021/run_output_fronthera_005/stages/block_a/provider/A7/attempt_02/admitted_objects.json
48541	DealTech/local_cases/fronthera_2021/run_output_fronthera_005/stages/block_a/provider/A7/attempt_02/provider_request.json
6615	DealTech/local_cases/fronthera_2021/run_output_fronthera_005/stages/block_a/provider/A7/attempt_02/provider_response_raw.json
1245	DealTech/local_cases/fronthera_2021/run_output_fronthera_005/stages/block_a/provider/A7/attempt_02/provider_trace.json
242	DealTech/local_cases/fronthera_2021/run_output_fronthera_005/stages/block_a/provider/A7/attempt_02/rejected_objects.json
195	DealTech/local_cases/fronthera_2021/run_output_fronthera_005/stages/block_a/provider/A7/attempt_02/returned_citations.json
49	DealTech/local_cases/fronthera_2021/run_output_fronthera_005/stages/block_a/provider/A7/attempt_02/search_queries.json
3	DealTech/local_cases/fronthera_2021/run_output_fronthera_005/stages/block_a/provider/A7/attempt_02/tool_calls.json
719	DealTech/local_cases/fronthera_2021/run_output_fronthera_005/stages/block_a/provider/A7/attempt_02/validation_result.json
715	DealTech/local_cases/fronthera_2021/run_output_fronthera_005/stages/block_a/provider/attachment_manifest.json
1570	DealTech/local_cases/fronthera_2021/run_output_fronthera_005/stages/block_a/research/assumptions.json
10312	DealTech/local_cases/fronthera_2021/run_output_fronthera_005/stages/block_a/research/claim_dependencies.json
22847	DealTech/local_cases/fronthera_2021/run_output_fronthera_005/stages/block_a/research/claims.json
1362	DealTech/local_cases/fronthera_2021/run_output_fronthera_005/stages/block_a/research/conflicts.json
7393	DealTech/local_cases/fronthera_2021/run_output_fronthera_005/stages/block_a/research/counterevidence.json
34946	DealTech/local_cases/fronthera_2021/run_output_fronthera_005/stages/block_a/research/evidence.json
21036	DealTech/local_cases/fronthera_2021/run_output_fronthera_005/stages/block_a/research/sources.json
1544	DealTech/local_cases/fronthera_2021/run_output_fronthera_005/stages/block_a/research/unknowns.json
571	DealTech/local_cases/fronthera_2021/run_output_fronthera_005/stages/block_a/run_summary.json
1119	DealTech/local_cases/fronthera_2021/run_output_fronthera_005/stages/block_a/state/final_terminal_state.json
1189	DealTech/local_cases/fronthera_2021/run_output_fronthera_005/stages/block_a/state/terminal_state_history.json
6698	DealTech/local_cases/fronthera_2021/run_output_fronthera_005/stages/block_a/verification/er_brb_results.json
860	DealTech/local_cases/fronthera_2021/run_output_fronthera_005/stages/block_a/verification/evidence_quality_results.json
11949	DealTech/local_cases/fronthera_2021/run_output_fronthera_005/stages/block_a/verification/pce_results.json
26936	DealTech/local_cases/fronthera_2021/run_output_fronthera_005/stages/block_b/00_input/admitted_gate_a_result.json
814	DealTech/local_cases/fronthera_2021/run_output_fronthera_005/stages/block_b/00_input/attachment_manifest.json
85439	DealTech/local_cases/fronthera_2021/run_output_fronthera_005/stages/block_b/00_input/block_b_input_bundle.json
3627	DealTech/local_cases/fronthera_2021/run_output_fronthera_005/stages/block_b/00_input/block_b_research_plan.json
1756	DealTech/local_cases/fronthera_2021/run_output_fronthera_005/stages/block_b/00_input/business_mandate.json
126605	DealTech/local_cases/fronthera_2021/run_output_fronthera_005/stages/block_b/00_input/case.json
1134	DealTech/local_cases/fronthera_2021/run_output_fronthera_005/stages/block_b/00_input/research_contract.json
2865	DealTech/local_cases/fronthera_2021/run_output_fronthera_005/stages/block_b/00_input/xlsx_extraction.json
4587	DealTech/local_cases/fronthera_2021/run_output_fronthera_005/stages/block_b/01_research/assumptions.json
16895	DealTech/local_cases/fronthera_2021/run_output_fronthera_005/stages/block_b/01_research/claims.json
4565	DealTech/local_cases/fronthera_2021/run_output_fronthera_005/stages/block_b/01_research/counterevidence.json
3	DealTech/local_cases/fronthera_2021/run_output_fronthera_005/stages/block_b/01_research/duplicate_source_rejections.json
31477	DealTech/local_cases/fronthera_2021/run_output_fronthera_005/stages/block_b/01_research/evidence.json
21469	DealTech/local_cases/fronthera_2021/run_output_fronthera_005/stages/block_b/01_research/source_registry.json
1344	DealTech/local_cases/fronthera_2021/run_output_fronthera_005/stages/block_b/01_research/unknowns.json
3453	DealTech/local_cases/fronthera_2021/run_output_fronthera_005/stages/block_b/02_modules/b1_executions.json
3064	DealTech/local_cases/fronthera_2021/run_output_fronthera_005/stages/block_b/02_modules/b2_executions.json
6016	DealTech/local_cases/fronthera_2021/run_output_fronthera_005/stages/block_b/02_modules/b3_executions.json
3232	DealTech/local_cases/fronthera_2021/run_output_fronthera_005/stages/block_b/02_modules/b4_executions.json
5848	DealTech/local_cases/fronthera_2021/run_output_fronthera_005/stages/block_b/02_modules/b5_executions.json
21601	DealTech/local_cases/fronthera_2021/run_output_fronthera_005/stages/block_b/02_modules/module_executions.json
39697	DealTech/local_cases/fronthera_2021/run_output_fronthera_005/stages/block_b/03_financial_data/financial_data_points.json
4828	DealTech/local_cases/fronthera_2021/run_output_fronthera_005/stages/block_b/03_financial_data/normalization_records.json
1892	DealTech/local_cases/fronthera_2021/run_output_fronthera_005/stages/block_b/03_financial_data/synergy_records.json
586	DealTech/local_cases/fronthera_2021/run_output_fronthera_005/stages/block_b/04_calculations/calculation_gap_history.json
11146	DealTech/local_cases/fronthera_2021/run_output_fronthera_005/stages/block_b/04_calculations/calculation_replays.json
48707	DealTech/local_cases/fronthera_2021/run_output_fronthera_005/stages/block_b/04_calculations/calculations.json
31880	DealTech/local_cases/fronthera_2021/run_output_fronthera_005/stages/block_b/04_calculations/latest_calculations.json
365	DealTech/local_cases/fronthera_2021/run_output_fronthera_005/stages/block_b/05_controls/certification_adapter_boundary.json
113	DealTech/local_cases/fronthera_2021/run_output_fronthera_005/stages/block_b/05_controls/control_execution_order.json
6166	DealTech/local_cases/fronthera_2021/run_output_fronthera_005/stages/block_b/05_controls/er_brb_results.json
1166	DealTech/local_cases/fronthera_2021/run_output_fronthera_005/stages/block_b/05_controls/human_review_items.json
14387	DealTech/local_cases/fronthera_2021/run_output_fronthera_005/stages/block_b/05_controls/pce_prechecks.json
8445	DealTech/local_cases/fronthera_2021/run_output_fronthera_005/stages/block_b/05_controls/pce_results.json
31689	DealTech/local_cases/fronthera_2021/run_output_fronthera_005/stages/block_b/06_gate_b/gate_b_history.json
15124	DealTech/local_cases/fronthera_2021/run_output_fronthera_005/stages/block_b/06_gate_b/gate_b_result.json
755	DealTech/local_cases/fronthera_2021/run_output_fronthera_005/stages/block_b/07_loop/iteration_records.json
1625	DealTech/local_cases/fronthera_2021/run_output_fronthera_005/stages/block_b/07_loop/loop_events.json
557	DealTech/local_cases/fronthera_2021/run_output_fronthera_005/stages/block_b/07_loop/terminal_state.json
8365	DealTech/local_cases/fronthera_2021/run_output_fronthera_005/stages/block_b/provider/B1/attempt_01/admitted_objects.json
9547	DealTech/local_cases/fronthera_2021/run_output_fronthera_005/stages/block_b/provider/B1/attempt_01/provider_request.json
31578	DealTech/local_cases/fronthera_2021/run_output_fronthera_005/stages/block_b/provider/B1/attempt_01/provider_response_raw.json
1032	DealTech/local_cases/fronthera_2021/run_output_fronthera_005/stages/block_b/provider/B1/attempt_01/provider_trace.json
3	DealTech/local_cases/fronthera_2021/run_output_fronthera_005/stages/block_b/provider/B1/attempt_01/rejected_objects.json
3	DealTech/local_cases/fronthera_2021/run_output_fronthera_005/stages/block_b/provider/B1/attempt_01/returned_citations.json
86	DealTech/local_cases/fronthera_2021/run_output_fronthera_005/stages/block_b/provider/B1/attempt_01/search_queries.json
3	DealTech/local_cases/fronthera_2021/run_output_fronthera_005/stages/block_b/provider/B1/attempt_01/tool_calls.json
874	DealTech/local_cases/fronthera_2021/run_output_fronthera_005/stages/block_b/provider/B1/attempt_01/validation_result.json
6106	DealTech/local_cases/fronthera_2021/run_output_fronthera_005/stages/block_b/provider/B2/attempt_01/admitted_objects.json
9574	DealTech/local_cases/fronthera_2021/run_output_fronthera_005/stages/block_b/provider/B2/attempt_01/provider_request.json
19259	DealTech/local_cases/fronthera_2021/run_output_fronthera_005/stages/block_b/provider/B2/attempt_01/provider_response_raw.json
868	DealTech/local_cases/fronthera_2021/run_output_fronthera_005/stages/block_b/provider/B2/attempt_01/provider_trace.json
3	DealTech/local_cases/fronthera_2021/run_output_fronthera_005/stages/block_b/provider/B2/attempt_01/rejected_objects.json
3	DealTech/local_cases/fronthera_2021/run_output_fronthera_005/stages/block_b/provider/B2/attempt_01/returned_citations.json
3	DealTech/local_cases/fronthera_2021/run_output_fronthera_005/stages/block_b/provider/B2/attempt_01/search_queries.json
3	DealTech/local_cases/fronthera_2021/run_output_fronthera_005/stages/block_b/provider/B2/attempt_01/tool_calls.json
799	DealTech/local_cases/fronthera_2021/run_output_fronthera_005/stages/block_b/provider/B2/attempt_01/validation_result.json
6806	DealTech/local_cases/fronthera_2021/run_output_fronthera_005/stages/block_b/provider/B3/attempt_01/admitted_objects.json
11883	DealTech/local_cases/fronthera_2021/run_output_fronthera_005/stages/block_b/provider/B3/attempt_01/provider_request.json
13892	DealTech/local_cases/fronthera_2021/run_output_fronthera_005/stages/block_b/provider/B3/attempt_01/provider_response_raw.json
931	DealTech/local_cases/fronthera_2021/run_output_fronthera_005/stages/block_b/provider/B3/attempt_01/provider_trace.json
3	DealTech/local_cases/fronthera_2021/run_output_fronthera_005/stages/block_b/provider/B3/attempt_01/rejected_objects.json
3	DealTech/local_cases/fronthera_2021/run_output_fronthera_005/stages/block_b/provider/B3/attempt_01/returned_citations.json
35	DealTech/local_cases/fronthera_2021/run_output_fronthera_005/stages/block_b/provider/B3/attempt_01/search_queries.json
3	DealTech/local_cases/fronthera_2021/run_output_fronthera_005/stages/block_b/provider/B3/attempt_01/tool_calls.json
826	DealTech/local_cases/fronthera_2021/run_output_fronthera_005/stages/block_b/provider/B3/attempt_01/validation_result.json
4173	DealTech/local_cases/fronthera_2021/run_output_fronthera_005/stages/block_b/provider/B3/attempt_02/admitted_objects.json
22125	DealTech/local_cases/fronthera_2021/run_output_fronthera_005/stages/block_b/provider/B3/attempt_02/provider_request.json
7161	DealTech/local_cases/fronthera_2021/run_output_fronthera_005/stages/block_b/provider/B3/attempt_02/provider_response_raw.json
893	DealTech/local_cases/fronthera_2021/run_output_fronthera_005/stages/block_b/provider/B3/attempt_02/provider_trace.json
3	DealTech/local_cases/fronthera_2021/run_output_fronthera_005/stages/block_b/provider/B3/attempt_02/rejected_objects.json
3	DealTech/local_cases/fronthera_2021/run_output_fronthera_005/stages/block_b/provider/B3/attempt_02/returned_citations.json
41	DealTech/local_cases/fronthera_2021/run_output_fronthera_005/stages/block_b/provider/B3/attempt_02/search_queries.json
3	DealTech/local_cases/fronthera_2021/run_output_fronthera_005/stages/block_b/provider/B3/attempt_02/tool_calls.json
783	DealTech/local_cases/fronthera_2021/run_output_fronthera_005/stages/block_b/provider/B3/attempt_02/validation_result.json
5176	DealTech/local_cases/fronthera_2021/run_output_fronthera_005/stages/block_b/provider/B4/attempt_01/admitted_objects.json
10964	DealTech/local_cases/fronthera_2021/run_output_fronthera_005/stages/block_b/provider/B4/attempt_01/provider_request.json
14183	DealTech/local_cases/fronthera_2021/run_output_fronthera_005/stages/block_b/provider/B4/attempt_01/provider_response_raw.json
868	DealTech/local_cases/fronthera_2021/run_output_fronthera_005/stages/block_b/provider/B4/attempt_01/provider_trace.json
3	DealTech/local_cases/fronthera_2021/run_output_fronthera_005/stages/block_b/provider/B4/attempt_01/rejected_objects.json
3	DealTech/local_cases/fronthera_2021/run_output_fronthera_005/stages/block_b/provider/B4/attempt_01/returned_citations.json
3	DealTech/local_cases/fronthera_2021/run_output_fronthera_005/stages/block_b/provider/B4/attempt_01/search_queries.json
3	DealTech/local_cases/fronthera_2021/run_output_fronthera_005/stages/block_b/provider/B4/attempt_01/tool_calls.json
799	DealTech/local_cases/fronthera_2021/run_output_fronthera_005/stages/block_b/provider/B4/attempt_01/validation_result.json
4734	DealTech/local_cases/fronthera_2021/run_output_fronthera_005/stages/block_b/provider/B5/attempt_01/admitted_objects.json
14521	DealTech/local_cases/fronthera_2021/run_output_fronthera_005/stages/block_b/provider/B5/attempt_01/provider_request.json
14741	DealTech/local_cases/fronthera_2021/run_output_fronthera_005/stages/block_b/provider/B5/attempt_01/provider_response_raw.json
837	DealTech/local_cases/fronthera_2021/run_output_fronthera_005/stages/block_b/provider/B5/attempt_01/provider_trace.json
3	DealTech/local_cases/fronthera_2021/run_output_fronthera_005/stages/block_b/provider/B5/attempt_01/rejected_objects.json
3	DealTech/local_cases/fronthera_2021/run_output_fronthera_005/stages/block_b/provider/B5/attempt_01/returned_citations.json
3	DealTech/local_cases/fronthera_2021/run_output_fronthera_005/stages/block_b/provider/B5/attempt_01/search_queries.json
3	DealTech/local_cases/fronthera_2021/run_output_fronthera_005/stages/block_b/provider/B5/attempt_01/tool_calls.json
768	DealTech/local_cases/fronthera_2021/run_output_fronthera_005/stages/block_b/provider/B5/attempt_01/validation_result.json
3730	DealTech/local_cases/fronthera_2021/run_output_fronthera_005/stages/block_b/provider/B5/attempt_02/admitted_objects.json
19622	DealTech/local_cases/fronthera_2021/run_output_fronthera_005/stages/block_b/provider/B5/attempt_02/provider_request.json
5736	DealTech/local_cases/fronthera_2021/run_output_fronthera_005/stages/block_b/provider/B5/attempt_02/provider_response_raw.json
815	DealTech/local_cases/fronthera_2021/run_output_fronthera_005/stages/block_b/provider/B5/attempt_02/provider_trace.json
3	DealTech/local_cases/fronthera_2021/run_output_fronthera_005/stages/block_b/provider/B5/attempt_02/rejected_objects.json
3	DealTech/local_cases/fronthera_2021/run_output_fronthera_005/stages/block_b/provider/B5/attempt_02/returned_citations.json
3	DealTech/local_cases/fronthera_2021/run_output_fronthera_005/stages/block_b/provider/B5/attempt_02/search_queries.json
3	DealTech/local_cases/fronthera_2021/run_output_fronthera_005/stages/block_b/provider/B5/attempt_02/tool_calls.json
748	DealTech/local_cases/fronthera_2021/run_output_fronthera_005/stages/block_b/provider/B5/attempt_02/validation_result.json
1478	DealTech/local_cases/fronthera_2021/run_output_fronthera_005/stages/block_b/run_summary.json
5871	DealTech/local_cases/fronthera_2021/run_output_fronthera_005/stages/block_c/provider/C1/attempt_01/admitted_objects.json
9508	DealTech/local_cases/fronthera_2021/run_output_fronthera_005/stages/block_c/provider/C1/attempt_01/provider_request.json
11167	DealTech/local_cases/fronthera_2021/run_output_fronthera_005/stages/block_c/provider/C1/attempt_01/provider_response_raw.json
998	DealTech/local_cases/fronthera_2021/run_output_fronthera_005/stages/block_c/provider/C1/attempt_01/provider_trace.json
3	DealTech/local_cases/fronthera_2021/run_output_fronthera_005/stages/block_c/provider/C1/attempt_01/rejected_objects.json
3	DealTech/local_cases/fronthera_2021/run_output_fronthera_005/stages/block_c/provider/C1/attempt_01/returned_citations.json
50	DealTech/local_cases/fronthera_2021/run_output_fronthera_005/stages/block_c/provider/C1/attempt_01/search_queries.json
74	DealTech/local_cases/fronthera_2021/run_output_fronthera_005/stages/block_c/provider/C1/attempt_01/tool_calls.json
839	DealTech/local_cases/fronthera_2021/run_output_fronthera_005/stages/block_c/provider/C1/attempt_01/validation_result.json
4054	DealTech/local_cases/fronthera_2021/run_output_fronthera_005/stages/block_c/provider/C2/attempt_01/admitted_objects.json
9652	DealTech/local_cases/fronthera_2021/run_output_fronthera_005/stages/block_c/provider/C2/attempt_01/provider_request.json
6942	DealTech/local_cases/fronthera_2021/run_output_fronthera_005/stages/block_c/provider/C2/attempt_01/provider_response_raw.json
944	DealTech/local_cases/fronthera_2021/run_output_fronthera_005/stages/block_c/provider/C2/attempt_01/provider_trace.json
3	DealTech/local_cases/fronthera_2021/run_output_fronthera_005/stages/block_c/provider/C2/attempt_01/rejected_objects.json
3	DealTech/local_cases/fronthera_2021/run_output_fronthera_005/stages/block_c/provider/C2/attempt_01/returned_citations.json
50	DealTech/local_cases/fronthera_2021/run_output_fronthera_005/stages/block_c/provider/C2/attempt_01/search_queries.json
74	DealTech/local_cases/fronthera_2021/run_output_fronthera_005/stages/block_c/provider/C2/attempt_01/tool_calls.json
785	DealTech/local_cases/fronthera_2021/run_output_fronthera_005/stages/block_c/provider/C2/attempt_01/validation_result.json
4154	DealTech/local_cases/fronthera_2021/run_output_fronthera_005/stages/block_c/provider/C3/attempt_01/admitted_objects.json
10465	DealTech/local_cases/fronthera_2021/run_output_fronthera_005/stages/block_c/provider/C3/attempt_01/provider_request.json
7589	DealTech/local_cases/fronthera_2021/run_output_fronthera_005/stages/block_c/provider/C3/attempt_01/provider_response_raw.json
966	DealTech/local_cases/fronthera_2021/run_output_fronthera_005/stages/block_c/provider/C3/attempt_01/provider_trace.json
3	DealTech/local_cases/fronthera_2021/run_output_fronthera_005/stages/block_c/provider/C3/attempt_01/rejected_objects.json
3	DealTech/local_cases/fronthera_2021/run_output_fronthera_005/stages/block_c/provider/C3/attempt_01/returned_citations.json
72	DealTech/local_cases/fronthera_2021/run_output_fronthera_005/stages/block_c/provider/C3/attempt_01/search_queries.json
74	DealTech/local_cases/fronthera_2021/run_output_fronthera_005/stages/block_c/provider/C3/attempt_01/tool_calls.json
785	DealTech/local_cases/fronthera_2021/run_output_fronthera_005/stages/block_c/provider/C3/attempt_01/validation_result.json
4219	DealTech/local_cases/fronthera_2021/run_output_fronthera_005/stages/block_c/provider/C4/attempt_01/admitted_objects.json
12741	DealTech/local_cases/fronthera_2021/run_output_fronthera_005/stages/block_c/provider/C4/attempt_01/provider_request.json
7611	DealTech/local_cases/fronthera_2021/run_output_fronthera_005/stages/block_c/provider/C4/attempt_01/provider_response_raw.json
946	DealTech/local_cases/fronthera_2021/run_output_fronthera_005/stages/block_c/provider/C4/attempt_01/provider_trace.json
3	DealTech/local_cases/fronthera_2021/run_output_fronthera_005/stages/block_c/provider/C4/attempt_01/rejected_objects.json
3	DealTech/local_cases/fronthera_2021/run_output_fronthera_005/stages/block_c/provider/C4/attempt_01/returned_citations.json
60	DealTech/local_cases/fronthera_2021/run_output_fronthera_005/stages/block_c/provider/C4/attempt_01/search_queries.json
66	DealTech/local_cases/fronthera_2021/run_output_fronthera_005/stages/block_c/provider/C4/attempt_01/tool_calls.json
785	DealTech/local_cases/fronthera_2021/run_output_fronthera_005/stages/block_c/provider/C4/attempt_01/validation_result.json
4157	DealTech/local_cases/fronthera_2021/run_output_fronthera_005/stages/block_c/provider/C5/attempt_01/admitted_objects.json
14137	DealTech/local_cases/fronthera_2021/run_output_fronthera_005/stages/block_c/provider/C5/attempt_01/provider_request.json
6324	DealTech/local_cases/fronthera_2021/run_output_fronthera_005/stages/block_c/provider/C5/attempt_01/provider_response_raw.json
895	DealTech/local_cases/fronthera_2021/run_output_fronthera_005/stages/block_c/provider/C5/attempt_01/provider_trace.json
3	DealTech/local_cases/fronthera_2021/run_output_fronthera_005/stages/block_c/provider/C5/attempt_01/rejected_objects.json
3	DealTech/local_cases/fronthera_2021/run_output_fronthera_005/stages/block_c/provider/C5/attempt_01/returned_citations.json
3	DealTech/local_cases/fronthera_2021/run_output_fronthera_005/stages/block_c/provider/C5/attempt_01/search_queries.json
76	DealTech/local_cases/fronthera_2021/run_output_fronthera_005/stages/block_c/provider/C5/attempt_01/tool_calls.json
785	DealTech/local_cases/fronthera_2021/run_output_fronthera_005/stages/block_c/provider/C5/attempt_01/validation_result.json
1058	DealTech/local_cases/fronthera_2021/run_output_fronthera_006/pipeline_cases/block_a/attachments/target_capability_brief.md
5505	DealTech/local_cases/fronthera_2021/run_output_fronthera_006/pipeline_cases/block_a/case.json
89938	DealTech/local_cases/fronthera_2021/run_output_fronthera_006/pipeline_cases/block_a/recordings/responses.json
4135	DealTech/local_cases/fronthera_2021/run_output_fronthera_006/pipeline_cases/block_b/attachments/target_financials.xlsx
126605	DealTech/local_cases/fronthera_2021/run_output_fronthera_006/pipeline_cases/block_b/case.json
129529	DealTech/local_cases/fronthera_2021/run_output_fronthera_006/pipeline_cases/block_b/recordings/responses.json
447	DealTech/local_cases/fronthera_2021/run_output_fronthera_006/pipeline_cases/block_c/attachments/management_representation.md
255707	DealTech/local_cases/fronthera_2021/run_output_fronthera_006/pipeline_cases/block_c/case.json
78041	DealTech/local_cases/fronthera_2021/run_output_fronthera_006/pipeline_cases/block_c/recordings/responses.json
43402	DealTech/local_cases/fronthera_2021/run_output_fronthera_006/run_manifest.json
8578	DealTech/local_cases/fronthera_2021/run_output_fronthera_006/stages/block_a/gate_a/criterion_results.json
38824	DealTech/local_cases/fronthera_2021/run_output_fronthera_006/stages/block_a/gate_a/gate_a_result.json
287	DealTech/local_cases/fronthera_2021/run_output_fronthera_006/stages/block_a/loop/controller_decisions.json
597	DealTech/local_cases/fronthera_2021/run_output_fronthera_006/stages/block_a/loop/dependency_invalidations.json
514	DealTech/local_cases/fronthera_2021/run_output_fronthera_006/stages/block_a/loop/gaps.json
682	DealTech/local_cases/fronthera_2021/run_output_fronthera_006/stages/block_a/loop/iteration_records.json
221	DealTech/local_cases/fronthera_2021/run_output_fronthera_006/stages/block_a/loop/loop_state.json
519	DealTech/local_cases/fronthera_2021/run_output_fronthera_006/stages/block_a/loop/replans.json
9073	DealTech/local_cases/fronthera_2021/run_output_fronthera_006/stages/block_a/loop/research_attempts.json
6204	DealTech/local_cases/fronthera_2021/run_output_fronthera_006/stages/block_a/modules/a1_transaction_context.json
6222	DealTech/local_cases/fronthera_2021/run_output_fronthera_006/stages/block_a/modules/a2_buyer_strategic_need.json
9556	DealTech/local_cases/fronthera_2021/run_output_fronthera_006/stages/block_a/modules/a3_strategic_rationale.json
6436	DealTech/local_cases/fronthera_2021/run_output_fronthera_006/stages/block_a/modules/a4_target_attractiveness.json
6992	DealTech/local_cases/fronthera_2021/run_output_fronthera_006/stages/block_a/modules/a5_target_capability_business_quality.json
10384	DealTech/local_cases/fronthera_2021/run_output_fronthera_006/stages/block_a/modules/a6_industry_competitive_position.json
10084	DealTech/local_cases/fronthera_2021/run_output_fronthera_006/stages/block_a/modules/a7_strategic_fit.json
6715	DealTech/local_cases/fronthera_2021/run_output_fronthera_006/stages/block_a/planning/block_a_research_plan.json
279	DealTech/local_cases/fronthera_2021/run_output_fronthera_006/stages/block_a/planning/dependency_graph.json
487	DealTech/local_cases/fronthera_2021/run_output_fronthera_006/stages/block_a/planning/prompt_manifest.json
985	DealTech/local_cases/fronthera_2021/run_output_fronthera_006/stages/block_a/planning/research_questions.json
4665	DealTech/local_cases/fronthera_2021/run_output_fronthera_006/stages/block_a/provider/A1/attempt_01/admitted_objects.json
6069	DealTech/local_cases/fronthera_2021/run_output_fronthera_006/stages/block_a/provider/A1/attempt_01/provider_request.json
7209	DealTech/local_cases/fronthera_2021/run_output_fronthera_006/stages/block_a/provider/A1/attempt_01/provider_response_raw.json
1160	DealTech/local_cases/fronthera_2021/run_output_fronthera_006/stages/block_a/provider/A1/attempt_01/provider_trace.json
3	DealTech/local_cases/fronthera_2021/run_output_fronthera_006/stages/block_a/provider/A1/attempt_01/rejected_objects.json
224	DealTech/local_cases/fronthera_2021/run_output_fronthera_006/stages/block_a/provider/A1/attempt_01/returned_citations.json
131	DealTech/local_cases/fronthera_2021/run_output_fronthera_006/stages/block_a/provider/A1/attempt_01/search_queries.json
3	DealTech/local_cases/fronthera_2021/run_output_fronthera_006/stages/block_a/provider/A1/attempt_01/tool_calls.json
772	DealTech/local_cases/fronthera_2021/run_output_fronthera_006/stages/block_a/provider/A1/attempt_01/validation_result.json
4279	DealTech/local_cases/fronthera_2021/run_output_fronthera_006/stages/block_a/provider/A2/attempt_01/admitted_objects.json
11461	DealTech/local_cases/fronthera_2021/run_output_fronthera_006/stages/block_a/provider/A2/attempt_01/provider_request.json
6784	DealTech/local_cases/fronthera_2021/run_output_fronthera_006/stages/block_a/provider/A2/attempt_01/provider_response_raw.json
1135	DealTech/local_cases/fronthera_2021/run_output_fronthera_006/stages/block_a/provider/A2/attempt_01/provider_trace.json
3	DealTech/local_cases/fronthera_2021/run_output_fronthera_006/stages/block_a/provider/A2/attempt_01/rejected_objects.json
219	DealTech/local_cases/fronthera_2021/run_output_fronthera_006/stages/block_a/provider/A2/attempt_01/returned_citations.json
131	DealTech/local_cases/fronthera_2021/run_output_fronthera_006/stages/block_a/provider/A2/attempt_01/search_queries.json
3	DealTech/local_cases/fronthera_2021/run_output_fronthera_006/stages/block_a/provider/A2/attempt_01/tool_calls.json
752	DealTech/local_cases/fronthera_2021/run_output_fronthera_006/stages/block_a/provider/A2/attempt_01/validation_result.json
4942	DealTech/local_cases/fronthera_2021/run_output_fronthera_006/stages/block_a/provider/A3/attempt_01/admitted_objects.json
33091	DealTech/local_cases/fronthera_2021/run_output_fronthera_006/stages/block_a/provider/A3/attempt_01/provider_request.json
7674	DealTech/local_cases/fronthera_2021/run_output_fronthera_006/stages/block_a/provider/A3/attempt_01/provider_response_raw.json
1167	DealTech/local_cases/fronthera_2021/run_output_fronthera_006/stages/block_a/provider/A3/attempt_01/provider_trace.json
3	DealTech/local_cases/fronthera_2021/run_output_fronthera_006/stages/block_a/provider/A3/attempt_01/rejected_objects.json
234	DealTech/local_cases/fronthera_2021/run_output_fronthera_006/stages/block_a/provider/A3/attempt_01/returned_citations.json
131	DealTech/local_cases/fronthera_2021/run_output_fronthera_006/stages/block_a/provider/A3/attempt_01/search_queries.json
3	DealTech/local_cases/fronthera_2021/run_output_fronthera_006/stages/block_a/provider/A3/attempt_01/tool_calls.json
769	DealTech/local_cases/fronthera_2021/run_output_fronthera_006/stages/block_a/provider/A3/attempt_01/validation_result.json
3244	DealTech/local_cases/fronthera_2021/run_output_fronthera_006/stages/block_a/provider/A3/attempt_02/admitted_objects.json
44554	DealTech/local_cases/fronthera_2021/run_output_fronthera_006/stages/block_a/provider/A3/attempt_02/provider_request.json
6733	DealTech/local_cases/fronthera_2021/run_output_fronthera_006/stages/block_a/provider/A3/attempt_02/provider_response_raw.json
1274	DealTech/local_cases/fronthera_2021/run_output_fronthera_006/stages/block_a/provider/A3/attempt_02/provider_trace.json
242	DealTech/local_cases/fronthera_2021/run_output_fronthera_006/stages/block_a/provider/A3/attempt_02/rejected_objects.json
195	DealTech/local_cases/fronthera_2021/run_output_fronthera_006/stages/block_a/provider/A3/attempt_02/returned_citations.json
55	DealTech/local_cases/fronthera_2021/run_output_fronthera_006/stages/block_a/provider/A3/attempt_02/search_queries.json
3	DealTech/local_cases/fronthera_2021/run_output_fronthera_006/stages/block_a/provider/A3/attempt_02/tool_calls.json
742	DealTech/local_cases/fronthera_2021/run_output_fronthera_006/stages/block_a/provider/A3/attempt_02/validation_result.json
4264	DealTech/local_cases/fronthera_2021/run_output_fronthera_006/stages/block_a/provider/A4/attempt_01/admitted_objects.json
16891	DealTech/local_cases/fronthera_2021/run_output_fronthera_006/stages/block_a/provider/A4/attempt_01/provider_request.json
6832	DealTech/local_cases/fronthera_2021/run_output_fronthera_006/stages/block_a/provider/A4/attempt_01/provider_response_raw.json
1092	DealTech/local_cases/fronthera_2021/run_output_fronthera_006/stages/block_a/provider/A4/attempt_01/provider_trace.json
3	DealTech/local_cases/fronthera_2021/run_output_fronthera_006/stages/block_a/provider/A4/attempt_01/rejected_objects.json
176	DealTech/local_cases/fronthera_2021/run_output_fronthera_006/stages/block_a/provider/A4/attempt_01/returned_citations.json
131	DealTech/local_cases/fronthera_2021/run_output_fronthera_006/stages/block_a/provider/A4/attempt_01/search_queries.json
3	DealTech/local_cases/fronthera_2021/run_output_fronthera_006/stages/block_a/provider/A4/attempt_01/tool_calls.json
752	DealTech/local_cases/fronthera_2021/run_output_fronthera_006/stages/block_a/provider/A4/attempt_01/validation_result.json
6181	DealTech/local_cases/fronthera_2021/run_output_fronthera_006/stages/block_a/provider/A5/attempt_01/admitted_objects.json
17803	DealTech/local_cases/fronthera_2021/run_output_fronthera_006/stages/block_a/provider/A5/attempt_01/provider_request.json
8976	DealTech/local_cases/fronthera_2021/run_output_fronthera_006/stages/block_a/provider/A5/attempt_01/provider_response_raw.json
1227	DealTech/local_cases/fronthera_2021/run_output_fronthera_006/stages/block_a/provider/A5/attempt_01/provider_trace.json
3	DealTech/local_cases/fronthera_2021/run_output_fronthera_006/stages/block_a/provider/A5/attempt_01/rejected_objects.json
221	DealTech/local_cases/fronthera_2021/run_output_fronthera_006/stages/block_a/provider/A5/attempt_01/returned_citations.json
131	DealTech/local_cases/fronthera_2021/run_output_fronthera_006/stages/block_a/provider/A5/attempt_01/search_queries.json
3	DealTech/local_cases/fronthera_2021/run_output_fronthera_006/stages/block_a/provider/A5/attempt_01/tool_calls.json
815	DealTech/local_cases/fronthera_2021/run_output_fronthera_006/stages/block_a/provider/A5/attempt_01/validation_result.json
4291	DealTech/local_cases/fronthera_2021/run_output_fronthera_006/stages/block_a/provider/A6/attempt_01/admitted_objects.json
23107	DealTech/local_cases/fronthera_2021/run_output_fronthera_006/stages/block_a/provider/A6/attempt_01/provider_request.json
7549	DealTech/local_cases/fronthera_2021/run_output_fronthera_006/stages/block_a/provider/A6/attempt_01/provider_response_raw.json
1090	DealTech/local_cases/fronthera_2021/run_output_fronthera_006/stages/block_a/provider/A6/attempt_01/provider_trace.json
3	DealTech/local_cases/fronthera_2021/run_output_fronthera_006/stages/block_a/provider/A6/attempt_01/rejected_objects.json
179	DealTech/local_cases/fronthera_2021/run_output_fronthera_006/stages/block_a/provider/A6/attempt_01/returned_citations.json
131	DealTech/local_cases/fronthera_2021/run_output_fronthera_006/stages/block_a/provider/A6/attempt_01/search_queries.json
3	DealTech/local_cases/fronthera_2021/run_output_fronthera_006/stages/block_a/provider/A6/attempt_01/tool_calls.json
747	DealTech/local_cases/fronthera_2021/run_output_fronthera_006/stages/block_a/provider/A6/attempt_01/validation_result.json
5566	DealTech/local_cases/fronthera_2021/run_output_fronthera_006/stages/block_a/provider/A6/attempt_02/admitted_objects.json
30710	DealTech/local_cases/fronthera_2021/run_output_fronthera_006/stages/block_a/provider/A6/attempt_02/provider_request.json
9115	DealTech/local_cases/fronthera_2021/run_output_fronthera_006/stages/block_a/provider/A6/attempt_02/provider_response_raw.json
1322	DealTech/local_cases/fronthera_2021/run_output_fronthera_006/stages/block_a/provider/A6/attempt_02/provider_trace.json
3	DealTech/local_cases/fronthera_2021/run_output_fronthera_006/stages/block_a/provider/A6/attempt_02/rejected_objects.json
377	DealTech/local_cases/fronthera_2021/run_output_fronthera_006/stages/block_a/provider/A6/attempt_02/returned_citations.json
131	DealTech/local_cases/fronthera_2021/run_output_fronthera_006/stages/block_a/provider/A6/attempt_02/search_queries.json
3	DealTech/local_cases/fronthera_2021/run_output_fronthera_006/stages/block_a/provider/A6/attempt_02/tool_calls.json
771	DealTech/local_cases/fronthera_2021/run_output_fronthera_006/stages/block_a/provider/A6/attempt_02/validation_result.json
4438	DealTech/local_cases/fronthera_2021/run_output_fronthera_006/stages/block_a/provider/A7/attempt_01/admitted_objects.json
33925	DealTech/local_cases/fronthera_2021/run_output_fronthera_006/stages/block_a/provider/A7/attempt_01/provider_request.json
7252	DealTech/local_cases/fronthera_2021/run_output_fronthera_006/stages/block_a/provider/A7/attempt_01/provider_response_raw.json
1151	DealTech/local_cases/fronthera_2021/run_output_fronthera_006/stages/block_a/provider/A7/attempt_01/provider_trace.json
3	DealTech/local_cases/fronthera_2021/run_output_fronthera_006/stages/block_a/provider/A7/attempt_01/rejected_objects.json
241	DealTech/local_cases/fronthera_2021/run_output_fronthera_006/stages/block_a/provider/A7/attempt_01/returned_citations.json
131	DealTech/local_cases/fronthera_2021/run_output_fronthera_006/stages/block_a/provider/A7/attempt_01/search_queries.json
3	DealTech/local_cases/fronthera_2021/run_output_fronthera_006/stages/block_a/provider/A7/attempt_01/tool_calls.json
746	DealTech/local_cases/fronthera_2021/run_output_fronthera_006/stages/block_a/provider/A7/attempt_01/validation_result.json
2883	DealTech/local_cases/fronthera_2021/run_output_fronthera_006/stages/block_a/provider/A7/attempt_02/admitted_objects.json
48541	DealTech/local_cases/fronthera_2021/run_output_fronthera_006/stages/block_a/provider/A7/attempt_02/provider_request.json
6615	DealTech/local_cases/fronthera_2021/run_output_fronthera_006/stages/block_a/provider/A7/attempt_02/provider_response_raw.json
1245	DealTech/local_cases/fronthera_2021/run_output_fronthera_006/stages/block_a/provider/A7/attempt_02/provider_trace.json
242	DealTech/local_cases/fronthera_2021/run_output_fronthera_006/stages/block_a/provider/A7/attempt_02/rejected_objects.json
195	DealTech/local_cases/fronthera_2021/run_output_fronthera_006/stages/block_a/provider/A7/attempt_02/returned_citations.json
49	DealTech/local_cases/fronthera_2021/run_output_fronthera_006/stages/block_a/provider/A7/attempt_02/search_queries.json
3	DealTech/local_cases/fronthera_2021/run_output_fronthera_006/stages/block_a/provider/A7/attempt_02/tool_calls.json
719	DealTech/local_cases/fronthera_2021/run_output_fronthera_006/stages/block_a/provider/A7/attempt_02/validation_result.json
715	DealTech/local_cases/fronthera_2021/run_output_fronthera_006/stages/block_a/provider/attachment_manifest.json
1570	DealTech/local_cases/fronthera_2021/run_output_fronthera_006/stages/block_a/research/assumptions.json
10312	DealTech/local_cases/fronthera_2021/run_output_fronthera_006/stages/block_a/research/claim_dependencies.json
22847	DealTech/local_cases/fronthera_2021/run_output_fronthera_006/stages/block_a/research/claims.json
1362	DealTech/local_cases/fronthera_2021/run_output_fronthera_006/stages/block_a/research/conflicts.json
7393	DealTech/local_cases/fronthera_2021/run_output_fronthera_006/stages/block_a/research/counterevidence.json
34946	DealTech/local_cases/fronthera_2021/run_output_fronthera_006/stages/block_a/research/evidence.json
21036	DealTech/local_cases/fronthera_2021/run_output_fronthera_006/stages/block_a/research/sources.json
1544	DealTech/local_cases/fronthera_2021/run_output_fronthera_006/stages/block_a/research/unknowns.json
571	DealTech/local_cases/fronthera_2021/run_output_fronthera_006/stages/block_a/run_summary.json
1119	DealTech/local_cases/fronthera_2021/run_output_fronthera_006/stages/block_a/state/final_terminal_state.json
1189	DealTech/local_cases/fronthera_2021/run_output_fronthera_006/stages/block_a/state/terminal_state_history.json
6698	DealTech/local_cases/fronthera_2021/run_output_fronthera_006/stages/block_a/verification/er_brb_results.json
860	DealTech/local_cases/fronthera_2021/run_output_fronthera_006/stages/block_a/verification/evidence_quality_results.json
11949	DealTech/local_cases/fronthera_2021/run_output_fronthera_006/stages/block_a/verification/pce_results.json
26936	DealTech/local_cases/fronthera_2021/run_output_fronthera_006/stages/block_b/00_input/admitted_gate_a_result.json
814	DealTech/local_cases/fronthera_2021/run_output_fronthera_006/stages/block_b/00_input/attachment_manifest.json
85439	DealTech/local_cases/fronthera_2021/run_output_fronthera_006/stages/block_b/00_input/block_b_input_bundle.json
3627	DealTech/local_cases/fronthera_2021/run_output_fronthera_006/stages/block_b/00_input/block_b_research_plan.json
1756	DealTech/local_cases/fronthera_2021/run_output_fronthera_006/stages/block_b/00_input/business_mandate.json
126605	DealTech/local_cases/fronthera_2021/run_output_fronthera_006/stages/block_b/00_input/case.json
1134	DealTech/local_cases/fronthera_2021/run_output_fronthera_006/stages/block_b/00_input/research_contract.json
2865	DealTech/local_cases/fronthera_2021/run_output_fronthera_006/stages/block_b/00_input/xlsx_extraction.json
4587	DealTech/local_cases/fronthera_2021/run_output_fronthera_006/stages/block_b/01_research/assumptions.json
16895	DealTech/local_cases/fronthera_2021/run_output_fronthera_006/stages/block_b/01_research/claims.json
4565	DealTech/local_cases/fronthera_2021/run_output_fronthera_006/stages/block_b/01_research/counterevidence.json
3	DealTech/local_cases/fronthera_2021/run_output_fronthera_006/stages/block_b/01_research/duplicate_source_rejections.json
31477	DealTech/local_cases/fronthera_2021/run_output_fronthera_006/stages/block_b/01_research/evidence.json
21469	DealTech/local_cases/fronthera_2021/run_output_fronthera_006/stages/block_b/01_research/source_registry.json
1344	DealTech/local_cases/fronthera_2021/run_output_fronthera_006/stages/block_b/01_research/unknowns.json
3453	DealTech/local_cases/fronthera_2021/run_output_fronthera_006/stages/block_b/02_modules/b1_executions.json
3064	DealTech/local_cases/fronthera_2021/run_output_fronthera_006/stages/block_b/02_modules/b2_executions.json
6016	DealTech/local_cases/fronthera_2021/run_output_fronthera_006/stages/block_b/02_modules/b3_executions.json
3232	DealTech/local_cases/fronthera_2021/run_output_fronthera_006/stages/block_b/02_modules/b4_executions.json
5848	DealTech/local_cases/fronthera_2021/run_output_fronthera_006/stages/block_b/02_modules/b5_executions.json
21601	DealTech/local_cases/fronthera_2021/run_output_fronthera_006/stages/block_b/02_modules/module_executions.json
39697	DealTech/local_cases/fronthera_2021/run_output_fronthera_006/stages/block_b/03_financial_data/financial_data_points.json
4828	DealTech/local_cases/fronthera_2021/run_output_fronthera_006/stages/block_b/03_financial_data/normalization_records.json
1892	DealTech/local_cases/fronthera_2021/run_output_fronthera_006/stages/block_b/03_financial_data/synergy_records.json
586	DealTech/local_cases/fronthera_2021/run_output_fronthera_006/stages/block_b/04_calculations/calculation_gap_history.json
11146	DealTech/local_cases/fronthera_2021/run_output_fronthera_006/stages/block_b/04_calculations/calculation_replays.json
48707	DealTech/local_cases/fronthera_2021/run_output_fronthera_006/stages/block_b/04_calculations/calculations.json
31880	DealTech/local_cases/fronthera_2021/run_output_fronthera_006/stages/block_b/04_calculations/latest_calculations.json
365	DealTech/local_cases/fronthera_2021/run_output_fronthera_006/stages/block_b/05_controls/certification_adapter_boundary.json
113	DealTech/local_cases/fronthera_2021/run_output_fronthera_006/stages/block_b/05_controls/control_execution_order.json
6166	DealTech/local_cases/fronthera_2021/run_output_fronthera_006/stages/block_b/05_controls/er_brb_results.json
1166	DealTech/local_cases/fronthera_2021/run_output_fronthera_006/stages/block_b/05_controls/human_review_items.json
14387	DealTech/local_cases/fronthera_2021/run_output_fronthera_006/stages/block_b/05_controls/pce_prechecks.json
8445	DealTech/local_cases/fronthera_2021/run_output_fronthera_006/stages/block_b/05_controls/pce_results.json
31689	DealTech/local_cases/fronthera_2021/run_output_fronthera_006/stages/block_b/06_gate_b/gate_b_history.json
15124	DealTech/local_cases/fronthera_2021/run_output_fronthera_006/stages/block_b/06_gate_b/gate_b_result.json
755	DealTech/local_cases/fronthera_2021/run_output_fronthera_006/stages/block_b/07_loop/iteration_records.json
1625	DealTech/local_cases/fronthera_2021/run_output_fronthera_006/stages/block_b/07_loop/loop_events.json
557	DealTech/local_cases/fronthera_2021/run_output_fronthera_006/stages/block_b/07_loop/terminal_state.json
8365	DealTech/local_cases/fronthera_2021/run_output_fronthera_006/stages/block_b/provider/B1/attempt_01/admitted_objects.json
9547	DealTech/local_cases/fronthera_2021/run_output_fronthera_006/stages/block_b/provider/B1/attempt_01/provider_request.json
31578	DealTech/local_cases/fronthera_2021/run_output_fronthera_006/stages/block_b/provider/B1/attempt_01/provider_response_raw.json
1032	DealTech/local_cases/fronthera_2021/run_output_fronthera_006/stages/block_b/provider/B1/attempt_01/provider_trace.json
3	DealTech/local_cases/fronthera_2021/run_output_fronthera_006/stages/block_b/provider/B1/attempt_01/rejected_objects.json
3	DealTech/local_cases/fronthera_2021/run_output_fronthera_006/stages/block_b/provider/B1/attempt_01/returned_citations.json
86	DealTech/local_cases/fronthera_2021/run_output_fronthera_006/stages/block_b/provider/B1/attempt_01/search_queries.json
3	DealTech/local_cases/fronthera_2021/run_output_fronthera_006/stages/block_b/provider/B1/attempt_01/tool_calls.json
874	DealTech/local_cases/fronthera_2021/run_output_fronthera_006/stages/block_b/provider/B1/attempt_01/validation_result.json
6106	DealTech/local_cases/fronthera_2021/run_output_fronthera_006/stages/block_b/provider/B2/attempt_01/admitted_objects.json
9574	DealTech/local_cases/fronthera_2021/run_output_fronthera_006/stages/block_b/provider/B2/attempt_01/provider_request.json
19259	DealTech/local_cases/fronthera_2021/run_output_fronthera_006/stages/block_b/provider/B2/attempt_01/provider_response_raw.json
868	DealTech/local_cases/fronthera_2021/run_output_fronthera_006/stages/block_b/provider/B2/attempt_01/provider_trace.json
3	DealTech/local_cases/fronthera_2021/run_output_fronthera_006/stages/block_b/provider/B2/attempt_01/rejected_objects.json
3	DealTech/local_cases/fronthera_2021/run_output_fronthera_006/stages/block_b/provider/B2/attempt_01/returned_citations.json
3	DealTech/local_cases/fronthera_2021/run_output_fronthera_006/stages/block_b/provider/B2/attempt_01/search_queries.json
3	DealTech/local_cases/fronthera_2021/run_output_fronthera_006/stages/block_b/provider/B2/attempt_01/tool_calls.json
799	DealTech/local_cases/fronthera_2021/run_output_fronthera_006/stages/block_b/provider/B2/attempt_01/validation_result.json
6806	DealTech/local_cases/fronthera_2021/run_output_fronthera_006/stages/block_b/provider/B3/attempt_01/admitted_objects.json
11883	DealTech/local_cases/fronthera_2021/run_output_fronthera_006/stages/block_b/provider/B3/attempt_01/provider_request.json
13892	DealTech/local_cases/fronthera_2021/run_output_fronthera_006/stages/block_b/provider/B3/attempt_01/provider_response_raw.json
931	DealTech/local_cases/fronthera_2021/run_output_fronthera_006/stages/block_b/provider/B3/attempt_01/provider_trace.json
3	DealTech/local_cases/fronthera_2021/run_output_fronthera_006/stages/block_b/provider/B3/attempt_01/rejected_objects.json
3	DealTech/local_cases/fronthera_2021/run_output_fronthera_006/stages/block_b/provider/B3/attempt_01/returned_citations.json
35	DealTech/local_cases/fronthera_2021/run_output_fronthera_006/stages/block_b/provider/B3/attempt_01/search_queries.json
3	DealTech/local_cases/fronthera_2021/run_output_fronthera_006/stages/block_b/provider/B3/attempt_01/tool_calls.json
826	DealTech/local_cases/fronthera_2021/run_output_fronthera_006/stages/block_b/provider/B3/attempt_01/validation_result.json
4173	DealTech/local_cases/fronthera_2021/run_output_fronthera_006/stages/block_b/provider/B3/attempt_02/admitted_objects.json
22125	DealTech/local_cases/fronthera_2021/run_output_fronthera_006/stages/block_b/provider/B3/attempt_02/provider_request.json
7161	DealTech/local_cases/fronthera_2021/run_output_fronthera_006/stages/block_b/provider/B3/attempt_02/provider_response_raw.json
893	DealTech/local_cases/fronthera_2021/run_output_fronthera_006/stages/block_b/provider/B3/attempt_02/provider_trace.json
3	DealTech/local_cases/fronthera_2021/run_output_fronthera_006/stages/block_b/provider/B3/attempt_02/rejected_objects.json
3	DealTech/local_cases/fronthera_2021/run_output_fronthera_006/stages/block_b/provider/B3/attempt_02/returned_citations.json
41	DealTech/local_cases/fronthera_2021/run_output_fronthera_006/stages/block_b/provider/B3/attempt_02/search_queries.json
3	DealTech/local_cases/fronthera_2021/run_output_fronthera_006/stages/block_b/provider/B3/attempt_02/tool_calls.json
783	DealTech/local_cases/fronthera_2021/run_output_fronthera_006/stages/block_b/provider/B3/attempt_02/validation_result.json
5176	DealTech/local_cases/fronthera_2021/run_output_fronthera_006/stages/block_b/provider/B4/attempt_01/admitted_objects.json
10964	DealTech/local_cases/fronthera_2021/run_output_fronthera_006/stages/block_b/provider/B4/attempt_01/provider_request.json
14183	DealTech/local_cases/fronthera_2021/run_output_fronthera_006/stages/block_b/provider/B4/attempt_01/provider_response_raw.json
868	DealTech/local_cases/fronthera_2021/run_output_fronthera_006/stages/block_b/provider/B4/attempt_01/provider_trace.json
3	DealTech/local_cases/fronthera_2021/run_output_fronthera_006/stages/block_b/provider/B4/attempt_01/rejected_objects.json
3	DealTech/local_cases/fronthera_2021/run_output_fronthera_006/stages/block_b/provider/B4/attempt_01/returned_citations.json
3	DealTech/local_cases/fronthera_2021/run_output_fronthera_006/stages/block_b/provider/B4/attempt_01/search_queries.json
3	DealTech/local_cases/fronthera_2021/run_output_fronthera_006/stages/block_b/provider/B4/attempt_01/tool_calls.json
799	DealTech/local_cases/fronthera_2021/run_output_fronthera_006/stages/block_b/provider/B4/attempt_01/validation_result.json
4734	DealTech/local_cases/fronthera_2021/run_output_fronthera_006/stages/block_b/provider/B5/attempt_01/admitted_objects.json
14521	DealTech/local_cases/fronthera_2021/run_output_fronthera_006/stages/block_b/provider/B5/attempt_01/provider_request.json
14741	DealTech/local_cases/fronthera_2021/run_output_fronthera_006/stages/block_b/provider/B5/attempt_01/provider_response_raw.json
837	DealTech/local_cases/fronthera_2021/run_output_fronthera_006/stages/block_b/provider/B5/attempt_01/provider_trace.json
3	DealTech/local_cases/fronthera_2021/run_output_fronthera_006/stages/block_b/provider/B5/attempt_01/rejected_objects.json
3	DealTech/local_cases/fronthera_2021/run_output_fronthera_006/stages/block_b/provider/B5/attempt_01/returned_citations.json
3	DealTech/local_cases/fronthera_2021/run_output_fronthera_006/stages/block_b/provider/B5/attempt_01/search_queries.json
3	DealTech/local_cases/fronthera_2021/run_output_fronthera_006/stages/block_b/provider/B5/attempt_01/tool_calls.json
768	DealTech/local_cases/fronthera_2021/run_output_fronthera_006/stages/block_b/provider/B5/attempt_01/validation_result.json
3730	DealTech/local_cases/fronthera_2021/run_output_fronthera_006/stages/block_b/provider/B5/attempt_02/admitted_objects.json
19622	DealTech/local_cases/fronthera_2021/run_output_fronthera_006/stages/block_b/provider/B5/attempt_02/provider_request.json
5736	DealTech/local_cases/fronthera_2021/run_output_fronthera_006/stages/block_b/provider/B5/attempt_02/provider_response_raw.json
815	DealTech/local_cases/fronthera_2021/run_output_fronthera_006/stages/block_b/provider/B5/attempt_02/provider_trace.json
3	DealTech/local_cases/fronthera_2021/run_output_fronthera_006/stages/block_b/provider/B5/attempt_02/rejected_objects.json
3	DealTech/local_cases/fronthera_2021/run_output_fronthera_006/stages/block_b/provider/B5/attempt_02/returned_citations.json
3	DealTech/local_cases/fronthera_2021/run_output_fronthera_006/stages/block_b/provider/B5/attempt_02/search_queries.json
3	DealTech/local_cases/fronthera_2021/run_output_fronthera_006/stages/block_b/provider/B5/attempt_02/tool_calls.json
748	DealTech/local_cases/fronthera_2021/run_output_fronthera_006/stages/block_b/provider/B5/attempt_02/validation_result.json
1478	DealTech/local_cases/fronthera_2021/run_output_fronthera_006/stages/block_b/run_summary.json
5871	DealTech/local_cases/fronthera_2021/run_output_fronthera_006/stages/block_c/provider/C1/attempt_01/admitted_objects.json
9508	DealTech/local_cases/fronthera_2021/run_output_fronthera_006/stages/block_c/provider/C1/attempt_01/provider_request.json
11167	DealTech/local_cases/fronthera_2021/run_output_fronthera_006/stages/block_c/provider/C1/attempt_01/provider_response_raw.json
998	DealTech/local_cases/fronthera_2021/run_output_fronthera_006/stages/block_c/provider/C1/attempt_01/provider_trace.json
3	DealTech/local_cases/fronthera_2021/run_output_fronthera_006/stages/block_c/provider/C1/attempt_01/rejected_objects.json
3	DealTech/local_cases/fronthera_2021/run_output_fronthera_006/stages/block_c/provider/C1/attempt_01/returned_citations.json
50	DealTech/local_cases/fronthera_2021/run_output_fronthera_006/stages/block_c/provider/C1/attempt_01/search_queries.json
74	DealTech/local_cases/fronthera_2021/run_output_fronthera_006/stages/block_c/provider/C1/attempt_01/tool_calls.json
839	DealTech/local_cases/fronthera_2021/run_output_fronthera_006/stages/block_c/provider/C1/attempt_01/validation_result.json
4054	DealTech/local_cases/fronthera_2021/run_output_fronthera_006/stages/block_c/provider/C2/attempt_01/admitted_objects.json
9652	DealTech/local_cases/fronthera_2021/run_output_fronthera_006/stages/block_c/provider/C2/attempt_01/provider_request.json
6942	DealTech/local_cases/fronthera_2021/run_output_fronthera_006/stages/block_c/provider/C2/attempt_01/provider_response_raw.json
944	DealTech/local_cases/fronthera_2021/run_output_fronthera_006/stages/block_c/provider/C2/attempt_01/provider_trace.json
3	DealTech/local_cases/fronthera_2021/run_output_fronthera_006/stages/block_c/provider/C2/attempt_01/rejected_objects.json
3	DealTech/local_cases/fronthera_2021/run_output_fronthera_006/stages/block_c/provider/C2/attempt_01/returned_citations.json
50	DealTech/local_cases/fronthera_2021/run_output_fronthera_006/stages/block_c/provider/C2/attempt_01/search_queries.json
74	DealTech/local_cases/fronthera_2021/run_output_fronthera_006/stages/block_c/provider/C2/attempt_01/tool_calls.json
785	DealTech/local_cases/fronthera_2021/run_output_fronthera_006/stages/block_c/provider/C2/attempt_01/validation_result.json
4154	DealTech/local_cases/fronthera_2021/run_output_fronthera_006/stages/block_c/provider/C3/attempt_01/admitted_objects.json
10465	DealTech/local_cases/fronthera_2021/run_output_fronthera_006/stages/block_c/provider/C3/attempt_01/provider_request.json
7589	DealTech/local_cases/fronthera_2021/run_output_fronthera_006/stages/block_c/provider/C3/attempt_01/provider_response_raw.json
966	DealTech/local_cases/fronthera_2021/run_output_fronthera_006/stages/block_c/provider/C3/attempt_01/provider_trace.json
3	DealTech/local_cases/fronthera_2021/run_output_fronthera_006/stages/block_c/provider/C3/attempt_01/rejected_objects.json
3	DealTech/local_cases/fronthera_2021/run_output_fronthera_006/stages/block_c/provider/C3/attempt_01/returned_citations.json
72	DealTech/local_cases/fronthera_2021/run_output_fronthera_006/stages/block_c/provider/C3/attempt_01/search_queries.json
74	DealTech/local_cases/fronthera_2021/run_output_fronthera_006/stages/block_c/provider/C3/attempt_01/tool_calls.json
785	DealTech/local_cases/fronthera_2021/run_output_fronthera_006/stages/block_c/provider/C3/attempt_01/validation_result.json
4219	DealTech/local_cases/fronthera_2021/run_output_fronthera_006/stages/block_c/provider/C4/attempt_01/admitted_objects.json
12741	DealTech/local_cases/fronthera_2021/run_output_fronthera_006/stages/block_c/provider/C4/attempt_01/provider_request.json
7611	DealTech/local_cases/fronthera_2021/run_output_fronthera_006/stages/block_c/provider/C4/attempt_01/provider_response_raw.json
946	DealTech/local_cases/fronthera_2021/run_output_fronthera_006/stages/block_c/provider/C4/attempt_01/provider_trace.json
3	DealTech/local_cases/fronthera_2021/run_output_fronthera_006/stages/block_c/provider/C4/attempt_01/rejected_objects.json
3	DealTech/local_cases/fronthera_2021/run_output_fronthera_006/stages/block_c/provider/C4/attempt_01/returned_citations.json
60	DealTech/local_cases/fronthera_2021/run_output_fronthera_006/stages/block_c/provider/C4/attempt_01/search_queries.json
66	DealTech/local_cases/fronthera_2021/run_output_fronthera_006/stages/block_c/provider/C4/attempt_01/tool_calls.json
785	DealTech/local_cases/fronthera_2021/run_output_fronthera_006/stages/block_c/provider/C4/attempt_01/validation_result.json
4157	DealTech/local_cases/fronthera_2021/run_output_fronthera_006/stages/block_c/provider/C5/attempt_01/admitted_objects.json
14137	DealTech/local_cases/fronthera_2021/run_output_fronthera_006/stages/block_c/provider/C5/attempt_01/provider_request.json
6324	DealTech/local_cases/fronthera_2021/run_output_fronthera_006/stages/block_c/provider/C5/attempt_01/provider_response_raw.json
895	DealTech/local_cases/fronthera_2021/run_output_fronthera_006/stages/block_c/provider/C5/attempt_01/provider_trace.json
3	DealTech/local_cases/fronthera_2021/run_output_fronthera_006/stages/block_c/provider/C5/attempt_01/rejected_objects.json
3	DealTech/local_cases/fronthera_2021/run_output_fronthera_006/stages/block_c/provider/C5/attempt_01/returned_citations.json
3	DealTech/local_cases/fronthera_2021/run_output_fronthera_006/stages/block_c/provider/C5/attempt_01/search_queries.json
76	DealTech/local_cases/fronthera_2021/run_output_fronthera_006/stages/block_c/provider/C5/attempt_01/tool_calls.json
785	DealTech/local_cases/fronthera_2021/run_output_fronthera_006/stages/block_c/provider/C5/attempt_01/validation_result.json
1058	DealTech/local_cases/fronthera_2021/run_output_fronthera_007/pipeline_cases/block_a/attachments/target_capability_brief.md
5505	DealTech/local_cases/fronthera_2021/run_output_fronthera_007/pipeline_cases/block_a/case.json
89938	DealTech/local_cases/fronthera_2021/run_output_fronthera_007/pipeline_cases/block_a/recordings/responses.json
4135	DealTech/local_cases/fronthera_2021/run_output_fronthera_007/pipeline_cases/block_b/attachments/target_financials.xlsx
126605	DealTech/local_cases/fronthera_2021/run_output_fronthera_007/pipeline_cases/block_b/case.json
129529	DealTech/local_cases/fronthera_2021/run_output_fronthera_007/pipeline_cases/block_b/recordings/responses.json
447	DealTech/local_cases/fronthera_2021/run_output_fronthera_007/pipeline_cases/block_c/attachments/management_representation.md
255707	DealTech/local_cases/fronthera_2021/run_output_fronthera_007/pipeline_cases/block_c/case.json
78041	DealTech/local_cases/fronthera_2021/run_output_fronthera_007/pipeline_cases/block_c/recordings/responses.json
43402	DealTech/local_cases/fronthera_2021/run_output_fronthera_007/run_manifest.json
8578	DealTech/local_cases/fronthera_2021/run_output_fronthera_007/stages/block_a/gate_a/criterion_results.json
38824	DealTech/local_cases/fronthera_2021/run_output_fronthera_007/stages/block_a/gate_a/gate_a_result.json
287	DealTech/local_cases/fronthera_2021/run_output_fronthera_007/stages/block_a/loop/controller_decisions.json
597	DealTech/local_cases/fronthera_2021/run_output_fronthera_007/stages/block_a/loop/dependency_invalidations.json
514	DealTech/local_cases/fronthera_2021/run_output_fronthera_007/stages/block_a/loop/gaps.json
682	DealTech/local_cases/fronthera_2021/run_output_fronthera_007/stages/block_a/loop/iteration_records.json
221	DealTech/local_cases/fronthera_2021/run_output_fronthera_007/stages/block_a/loop/loop_state.json
519	DealTech/local_cases/fronthera_2021/run_output_fronthera_007/stages/block_a/loop/replans.json
9073	DealTech/local_cases/fronthera_2021/run_output_fronthera_007/stages/block_a/loop/research_attempts.json
6204	DealTech/local_cases/fronthera_2021/run_output_fronthera_007/stages/block_a/modules/a1_transaction_context.json
6222	DealTech/local_cases/fronthera_2021/run_output_fronthera_007/stages/block_a/modules/a2_buyer_strategic_need.json
9556	DealTech/local_cases/fronthera_2021/run_output_fronthera_007/stages/block_a/modules/a3_strategic_rationale.json
6436	DealTech/local_cases/fronthera_2021/run_output_fronthera_007/stages/block_a/modules/a4_target_attractiveness.json
6992	DealTech/local_cases/fronthera_2021/run_output_fronthera_007/stages/block_a/modules/a5_target_capability_business_quality.json
10384	DealTech/local_cases/fronthera_2021/run_output_fronthera_007/stages/block_a/modules/a6_industry_competitive_position.json
10084	DealTech/local_cases/fronthera_2021/run_output_fronthera_007/stages/block_a/modules/a7_strategic_fit.json
6715	DealTech/local_cases/fronthera_2021/run_output_fronthera_007/stages/block_a/planning/block_a_research_plan.json
279	DealTech/local_cases/fronthera_2021/run_output_fronthera_007/stages/block_a/planning/dependency_graph.json
487	DealTech/local_cases/fronthera_2021/run_output_fronthera_007/stages/block_a/planning/prompt_manifest.json
985	DealTech/local_cases/fronthera_2021/run_output_fronthera_007/stages/block_a/planning/research_questions.json
4665	DealTech/local_cases/fronthera_2021/run_output_fronthera_007/stages/block_a/provider/A1/attempt_01/admitted_objects.json
6069	DealTech/local_cases/fronthera_2021/run_output_fronthera_007/stages/block_a/provider/A1/attempt_01/provider_request.json
7209	DealTech/local_cases/fronthera_2021/run_output_fronthera_007/stages/block_a/provider/A1/attempt_01/provider_response_raw.json
1160	DealTech/local_cases/fronthera_2021/run_output_fronthera_007/stages/block_a/provider/A1/attempt_01/provider_trace.json
3	DealTech/local_cases/fronthera_2021/run_output_fronthera_007/stages/block_a/provider/A1/attempt_01/rejected_objects.json
224	DealTech/local_cases/fronthera_2021/run_output_fronthera_007/stages/block_a/provider/A1/attempt_01/returned_citations.json
131	DealTech/local_cases/fronthera_2021/run_output_fronthera_007/stages/block_a/provider/A1/attempt_01/search_queries.json
3	DealTech/local_cases/fronthera_2021/run_output_fronthera_007/stages/block_a/provider/A1/attempt_01/tool_calls.json
772	DealTech/local_cases/fronthera_2021/run_output_fronthera_007/stages/block_a/provider/A1/attempt_01/validation_result.json
4279	DealTech/local_cases/fronthera_2021/run_output_fronthera_007/stages/block_a/provider/A2/attempt_01/admitted_objects.json
11461	DealTech/local_cases/fronthera_2021/run_output_fronthera_007/stages/block_a/provider/A2/attempt_01/provider_request.json
6784	DealTech/local_cases/fronthera_2021/run_output_fronthera_007/stages/block_a/provider/A2/attempt_01/provider_response_raw.json
1135	DealTech/local_cases/fronthera_2021/run_output_fronthera_007/stages/block_a/provider/A2/attempt_01/provider_trace.json
3	DealTech/local_cases/fronthera_2021/run_output_fronthera_007/stages/block_a/provider/A2/attempt_01/rejected_objects.json
219	DealTech/local_cases/fronthera_2021/run_output_fronthera_007/stages/block_a/provider/A2/attempt_01/returned_citations.json
131	DealTech/local_cases/fronthera_2021/run_output_fronthera_007/stages/block_a/provider/A2/attempt_01/search_queries.json
3	DealTech/local_cases/fronthera_2021/run_output_fronthera_007/stages/block_a/provider/A2/attempt_01/tool_calls.json
752	DealTech/local_cases/fronthera_2021/run_output_fronthera_007/stages/block_a/provider/A2/attempt_01/validation_result.json
4942	DealTech/local_cases/fronthera_2021/run_output_fronthera_007/stages/block_a/provider/A3/attempt_01/admitted_objects.json
33091	DealTech/local_cases/fronthera_2021/run_output_fronthera_007/stages/block_a/provider/A3/attempt_01/provider_request.json
7674	DealTech/local_cases/fronthera_2021/run_output_fronthera_007/stages/block_a/provider/A3/attempt_01/provider_response_raw.json
1167	DealTech/local_cases/fronthera_2021/run_output_fronthera_007/stages/block_a/provider/A3/attempt_01/provider_trace.json
3	DealTech/local_cases/fronthera_2021/run_output_fronthera_007/stages/block_a/provider/A3/attempt_01/rejected_objects.json
234	DealTech/local_cases/fronthera_2021/run_output_fronthera_007/stages/block_a/provider/A3/attempt_01/returned_citations.json
131	DealTech/local_cases/fronthera_2021/run_output_fronthera_007/stages/block_a/provider/A3/attempt_01/search_queries.json
3	DealTech/local_cases/fronthera_2021/run_output_fronthera_007/stages/block_a/provider/A3/attempt_01/tool_calls.json
769	DealTech/local_cases/fronthera_2021/run_output_fronthera_007/stages/block_a/provider/A3/attempt_01/validation_result.json
3244	DealTech/local_cases/fronthera_2021/run_output_fronthera_007/stages/block_a/provider/A3/attempt_02/admitted_objects.json
44554	DealTech/local_cases/fronthera_2021/run_output_fronthera_007/stages/block_a/provider/A3/attempt_02/provider_request.json
6733	DealTech/local_cases/fronthera_2021/run_output_fronthera_007/stages/block_a/provider/A3/attempt_02/provider_response_raw.json
1274	DealTech/local_cases/fronthera_2021/run_output_fronthera_007/stages/block_a/provider/A3/attempt_02/provider_trace.json
242	DealTech/local_cases/fronthera_2021/run_output_fronthera_007/stages/block_a/provider/A3/attempt_02/rejected_objects.json
195	DealTech/local_cases/fronthera_2021/run_output_fronthera_007/stages/block_a/provider/A3/attempt_02/returned_citations.json
55	DealTech/local_cases/fronthera_2021/run_output_fronthera_007/stages/block_a/provider/A3/attempt_02/search_queries.json
3	DealTech/local_cases/fronthera_2021/run_output_fronthera_007/stages/block_a/provider/A3/attempt_02/tool_calls.json
742	DealTech/local_cases/fronthera_2021/run_output_fronthera_007/stages/block_a/provider/A3/attempt_02/validation_result.json
4264	DealTech/local_cases/fronthera_2021/run_output_fronthera_007/stages/block_a/provider/A4/attempt_01/admitted_objects.json
16891	DealTech/local_cases/fronthera_2021/run_output_fronthera_007/stages/block_a/provider/A4/attempt_01/provider_request.json
6832	DealTech/local_cases/fronthera_2021/run_output_fronthera_007/stages/block_a/provider/A4/attempt_01/provider_response_raw.json
1092	DealTech/local_cases/fronthera_2021/run_output_fronthera_007/stages/block_a/provider/A4/attempt_01/provider_trace.json
3	DealTech/local_cases/fronthera_2021/run_output_fronthera_007/stages/block_a/provider/A4/attempt_01/rejected_objects.json
176	DealTech/local_cases/fronthera_2021/run_output_fronthera_007/stages/block_a/provider/A4/attempt_01/returned_citations.json
131	DealTech/local_cases/fronthera_2021/run_output_fronthera_007/stages/block_a/provider/A4/attempt_01/search_queries.json
3	DealTech/local_cases/fronthera_2021/run_output_fronthera_007/stages/block_a/provider/A4/attempt_01/tool_calls.json
752	DealTech/local_cases/fronthera_2021/run_output_fronthera_007/stages/block_a/provider/A4/attempt_01/validation_result.json
6181	DealTech/local_cases/fronthera_2021/run_output_fronthera_007/stages/block_a/provider/A5/attempt_01/admitted_objects.json
17803	DealTech/local_cases/fronthera_2021/run_output_fronthera_007/stages/block_a/provider/A5/attempt_01/provider_request.json
8976	DealTech/local_cases/fronthera_2021/run_output_fronthera_007/stages/block_a/provider/A5/attempt_01/provider_response_raw.json
1227	DealTech/local_cases/fronthera_2021/run_output_fronthera_007/stages/block_a/provider/A5/attempt_01/provider_trace.json
3	DealTech/local_cases/fronthera_2021/run_output_fronthera_007/stages/block_a/provider/A5/attempt_01/rejected_objects.json
221	DealTech/local_cases/fronthera_2021/run_output_fronthera_007/stages/block_a/provider/A5/attempt_01/returned_citations.json
131	DealTech/local_cases/fronthera_2021/run_output_fronthera_007/stages/block_a/provider/A5/attempt_01/search_queries.json
3	DealTech/local_cases/fronthera_2021/run_output_fronthera_007/stages/block_a/provider/A5/attempt_01/tool_calls.json
815	DealTech/local_cases/fronthera_2021/run_output_fronthera_007/stages/block_a/provider/A5/attempt_01/validation_result.json
4291	DealTech/local_cases/fronthera_2021/run_output_fronthera_007/stages/block_a/provider/A6/attempt_01/admitted_objects.json
23107	DealTech/local_cases/fronthera_2021/run_output_fronthera_007/stages/block_a/provider/A6/attempt_01/provider_request.json
7549	DealTech/local_cases/fronthera_2021/run_output_fronthera_007/stages/block_a/provider/A6/attempt_01/provider_response_raw.json
1090	DealTech/local_cases/fronthera_2021/run_output_fronthera_007/stages/block_a/provider/A6/attempt_01/provider_trace.json
3	DealTech/local_cases/fronthera_2021/run_output_fronthera_007/stages/block_a/provider/A6/attempt_01/rejected_objects.json
179	DealTech/local_cases/fronthera_2021/run_output_fronthera_007/stages/block_a/provider/A6/attempt_01/returned_citations.json
131	DealTech/local_cases/fronthera_2021/run_output_fronthera_007/stages/block_a/provider/A6/attempt_01/search_queries.json
3	DealTech/local_cases/fronthera_2021/run_output_fronthera_007/stages/block_a/provider/A6/attempt_01/tool_calls.json
747	DealTech/local_cases/fronthera_2021/run_output_fronthera_007/stages/block_a/provider/A6/attempt_01/validation_result.json
5566	DealTech/local_cases/fronthera_2021/run_output_fronthera_007/stages/block_a/provider/A6/attempt_02/admitted_objects.json
30710	DealTech/local_cases/fronthera_2021/run_output_fronthera_007/stages/block_a/provider/A6/attempt_02/provider_request.json
9115	DealTech/local_cases/fronthera_2021/run_output_fronthera_007/stages/block_a/provider/A6/attempt_02/provider_response_raw.json
1322	DealTech/local_cases/fronthera_2021/run_output_fronthera_007/stages/block_a/provider/A6/attempt_02/provider_trace.json
3	DealTech/local_cases/fronthera_2021/run_output_fronthera_007/stages/block_a/provider/A6/attempt_02/rejected_objects.json
377	DealTech/local_cases/fronthera_2021/run_output_fronthera_007/stages/block_a/provider/A6/attempt_02/returned_citations.json
131	DealTech/local_cases/fronthera_2021/run_output_fronthera_007/stages/block_a/provider/A6/attempt_02/search_queries.json
3	DealTech/local_cases/fronthera_2021/run_output_fronthera_007/stages/block_a/provider/A6/attempt_02/tool_calls.json
771	DealTech/local_cases/fronthera_2021/run_output_fronthera_007/stages/block_a/provider/A6/attempt_02/validation_result.json
4438	DealTech/local_cases/fronthera_2021/run_output_fronthera_007/stages/block_a/provider/A7/attempt_01/admitted_objects.json
33925	DealTech/local_cases/fronthera_2021/run_output_fronthera_007/stages/block_a/provider/A7/attempt_01/provider_request.json
7252	DealTech/local_cases/fronthera_2021/run_output_fronthera_007/stages/block_a/provider/A7/attempt_01/provider_response_raw.json
1151	DealTech/local_cases/fronthera_2021/run_output_fronthera_007/stages/block_a/provider/A7/attempt_01/provider_trace.json
3	DealTech/local_cases/fronthera_2021/run_output_fronthera_007/stages/block_a/provider/A7/attempt_01/rejected_objects.json
241	DealTech/local_cases/fronthera_2021/run_output_fronthera_007/stages/block_a/provider/A7/attempt_01/returned_citations.json
131	DealTech/local_cases/fronthera_2021/run_output_fronthera_007/stages/block_a/provider/A7/attempt_01/search_queries.json
3	DealTech/local_cases/fronthera_2021/run_output_fronthera_007/stages/block_a/provider/A7/attempt_01/tool_calls.json
746	DealTech/local_cases/fronthera_2021/run_output_fronthera_007/stages/block_a/provider/A7/attempt_01/validation_result.json
2883	DealTech/local_cases/fronthera_2021/run_output_fronthera_007/stages/block_a/provider/A7/attempt_02/admitted_objects.json
48541	DealTech/local_cases/fronthera_2021/run_output_fronthera_007/stages/block_a/provider/A7/attempt_02/provider_request.json
6615	DealTech/local_cases/fronthera_2021/run_output_fronthera_007/stages/block_a/provider/A7/attempt_02/provider_response_raw.json
1245	DealTech/local_cases/fronthera_2021/run_output_fronthera_007/stages/block_a/provider/A7/attempt_02/provider_trace.json
242	DealTech/local_cases/fronthera_2021/run_output_fronthera_007/stages/block_a/provider/A7/attempt_02/rejected_objects.json
195	DealTech/local_cases/fronthera_2021/run_output_fronthera_007/stages/block_a/provider/A7/attempt_02/returned_citations.json
49	DealTech/local_cases/fronthera_2021/run_output_fronthera_007/stages/block_a/provider/A7/attempt_02/search_queries.json
3	DealTech/local_cases/fronthera_2021/run_output_fronthera_007/stages/block_a/provider/A7/attempt_02/tool_calls.json
719	DealTech/local_cases/fronthera_2021/run_output_fronthera_007/stages/block_a/provider/A7/attempt_02/validation_result.json
715	DealTech/local_cases/fronthera_2021/run_output_fronthera_007/stages/block_a/provider/attachment_manifest.json
1570	DealTech/local_cases/fronthera_2021/run_output_fronthera_007/stages/block_a/research/assumptions.json
10312	DealTech/local_cases/fronthera_2021/run_output_fronthera_007/stages/block_a/research/claim_dependencies.json
22847	DealTech/local_cases/fronthera_2021/run_output_fronthera_007/stages/block_a/research/claims.json
1362	DealTech/local_cases/fronthera_2021/run_output_fronthera_007/stages/block_a/research/conflicts.json
7393	DealTech/local_cases/fronthera_2021/run_output_fronthera_007/stages/block_a/research/counterevidence.json
34946	DealTech/local_cases/fronthera_2021/run_output_fronthera_007/stages/block_a/research/evidence.json
21036	DealTech/local_cases/fronthera_2021/run_output_fronthera_007/stages/block_a/research/sources.json
1544	DealTech/local_cases/fronthera_2021/run_output_fronthera_007/stages/block_a/research/unknowns.json
571	DealTech/local_cases/fronthera_2021/run_output_fronthera_007/stages/block_a/run_summary.json
1119	DealTech/local_cases/fronthera_2021/run_output_fronthera_007/stages/block_a/state/final_terminal_state.json
1189	DealTech/local_cases/fronthera_2021/run_output_fronthera_007/stages/block_a/state/terminal_state_history.json
6698	DealTech/local_cases/fronthera_2021/run_output_fronthera_007/stages/block_a/verification/er_brb_results.json
860	DealTech/local_cases/fronthera_2021/run_output_fronthera_007/stages/block_a/verification/evidence_quality_results.json
11949	DealTech/local_cases/fronthera_2021/run_output_fronthera_007/stages/block_a/verification/pce_results.json
26936	DealTech/local_cases/fronthera_2021/run_output_fronthera_007/stages/block_b/00_input/admitted_gate_a_result.json
814	DealTech/local_cases/fronthera_2021/run_output_fronthera_007/stages/block_b/00_input/attachment_manifest.json
85439	DealTech/local_cases/fronthera_2021/run_output_fronthera_007/stages/block_b/00_input/block_b_input_bundle.json
3627	DealTech/local_cases/fronthera_2021/run_output_fronthera_007/stages/block_b/00_input/block_b_research_plan.json
1756	DealTech/local_cases/fronthera_2021/run_output_fronthera_007/stages/block_b/00_input/business_mandate.json
126605	DealTech/local_cases/fronthera_2021/run_output_fronthera_007/stages/block_b/00_input/case.json
1134	DealTech/local_cases/fronthera_2021/run_output_fronthera_007/stages/block_b/00_input/research_contract.json
2865	DealTech/local_cases/fronthera_2021/run_output_fronthera_007/stages/block_b/00_input/xlsx_extraction.json
4587	DealTech/local_cases/fronthera_2021/run_output_fronthera_007/stages/block_b/01_research/assumptions.json
16895	DealTech/local_cases/fronthera_2021/run_output_fronthera_007/stages/block_b/01_research/claims.json
4565	DealTech/local_cases/fronthera_2021/run_output_fronthera_007/stages/block_b/01_research/counterevidence.json
3	DealTech/local_cases/fronthera_2021/run_output_fronthera_007/stages/block_b/01_research/duplicate_source_rejections.json
31477	DealTech/local_cases/fronthera_2021/run_output_fronthera_007/stages/block_b/01_research/evidence.json
21469	DealTech/local_cases/fronthera_2021/run_output_fronthera_007/stages/block_b/01_research/source_registry.json
1344	DealTech/local_cases/fronthera_2021/run_output_fronthera_007/stages/block_b/01_research/unknowns.json
3453	DealTech/local_cases/fronthera_2021/run_output_fronthera_007/stages/block_b/02_modules/b1_executions.json
3064	DealTech/local_cases/fronthera_2021/run_output_fronthera_007/stages/block_b/02_modules/b2_executions.json
6016	DealTech/local_cases/fronthera_2021/run_output_fronthera_007/stages/block_b/02_modules/b3_executions.json
3232	DealTech/local_cases/fronthera_2021/run_output_fronthera_007/stages/block_b/02_modules/b4_executions.json
5848	DealTech/local_cases/fronthera_2021/run_output_fronthera_007/stages/block_b/02_modules/b5_executions.json
21601	DealTech/local_cases/fronthera_2021/run_output_fronthera_007/stages/block_b/02_modules/module_executions.json
39697	DealTech/local_cases/fronthera_2021/run_output_fronthera_007/stages/block_b/03_financial_data/financial_data_points.json
4828	DealTech/local_cases/fronthera_2021/run_output_fronthera_007/stages/block_b/03_financial_data/normalization_records.json
1892	DealTech/local_cases/fronthera_2021/run_output_fronthera_007/stages/block_b/03_financial_data/synergy_records.json
586	DealTech/local_cases/fronthera_2021/run_output_fronthera_007/stages/block_b/04_calculations/calculation_gap_history.json
11146	DealTech/local_cases/fronthera_2021/run_output_fronthera_007/stages/block_b/04_calculations/calculation_replays.json
48707	DealTech/local_cases/fronthera_2021/run_output_fronthera_007/stages/block_b/04_calculations/calculations.json
31880	DealTech/local_cases/fronthera_2021/run_output_fronthera_007/stages/block_b/04_calculations/latest_calculations.json
365	DealTech/local_cases/fronthera_2021/run_output_fronthera_007/stages/block_b/05_controls/certification_adapter_boundary.json
113	DealTech/local_cases/fronthera_2021/run_output_fronthera_007/stages/block_b/05_controls/control_execution_order.json
6166	DealTech/local_cases/fronthera_2021/run_output_fronthera_007/stages/block_b/05_controls/er_brb_results.json
1166	DealTech/local_cases/fronthera_2021/run_output_fronthera_007/stages/block_b/05_controls/human_review_items.json
14387	DealTech/local_cases/fronthera_2021/run_output_fronthera_007/stages/block_b/05_controls/pce_prechecks.json
8445	DealTech/local_cases/fronthera_2021/run_output_fronthera_007/stages/block_b/05_controls/pce_results.json
31689	DealTech/local_cases/fronthera_2021/run_output_fronthera_007/stages/block_b/06_gate_b/gate_b_history.json
15124	DealTech/local_cases/fronthera_2021/run_output_fronthera_007/stages/block_b/06_gate_b/gate_b_result.json
755	DealTech/local_cases/fronthera_2021/run_output_fronthera_007/stages/block_b/07_loop/iteration_records.json
1625	DealTech/local_cases/fronthera_2021/run_output_fronthera_007/stages/block_b/07_loop/loop_events.json
557	DealTech/local_cases/fronthera_2021/run_output_fronthera_007/stages/block_b/07_loop/terminal_state.json
8365	DealTech/local_cases/fronthera_2021/run_output_fronthera_007/stages/block_b/provider/B1/attempt_01/admitted_objects.json
9547	DealTech/local_cases/fronthera_2021/run_output_fronthera_007/stages/block_b/provider/B1/attempt_01/provider_request.json
31578	DealTech/local_cases/fronthera_2021/run_output_fronthera_007/stages/block_b/provider/B1/attempt_01/provider_response_raw.json
1032	DealTech/local_cases/fronthera_2021/run_output_fronthera_007/stages/block_b/provider/B1/attempt_01/provider_trace.json
3	DealTech/local_cases/fronthera_2021/run_output_fronthera_007/stages/block_b/provider/B1/attempt_01/rejected_objects.json
3	DealTech/local_cases/fronthera_2021/run_output_fronthera_007/stages/block_b/provider/B1/attempt_01/returned_citations.json
86	DealTech/local_cases/fronthera_2021/run_output_fronthera_007/stages/block_b/provider/B1/attempt_01/search_queries.json
3	DealTech/local_cases/fronthera_2021/run_output_fronthera_007/stages/block_b/provider/B1/attempt_01/tool_calls.json
874	DealTech/local_cases/fronthera_2021/run_output_fronthera_007/stages/block_b/provider/B1/attempt_01/validation_result.json
6106	DealTech/local_cases/fronthera_2021/run_output_fronthera_007/stages/block_b/provider/B2/attempt_01/admitted_objects.json
9574	DealTech/local_cases/fronthera_2021/run_output_fronthera_007/stages/block_b/provider/B2/attempt_01/provider_request.json
19259	DealTech/local_cases/fronthera_2021/run_output_fronthera_007/stages/block_b/provider/B2/attempt_01/provider_response_raw.json
868	DealTech/local_cases/fronthera_2021/run_output_fronthera_007/stages/block_b/provider/B2/attempt_01/provider_trace.json
3	DealTech/local_cases/fronthera_2021/run_output_fronthera_007/stages/block_b/provider/B2/attempt_01/rejected_objects.json
3	DealTech/local_cases/fronthera_2021/run_output_fronthera_007/stages/block_b/provider/B2/attempt_01/returned_citations.json
3	DealTech/local_cases/fronthera_2021/run_output_fronthera_007/stages/block_b/provider/B2/attempt_01/search_queries.json
3	DealTech/local_cases/fronthera_2021/run_output_fronthera_007/stages/block_b/provider/B2/attempt_01/tool_calls.json
799	DealTech/local_cases/fronthera_2021/run_output_fronthera_007/stages/block_b/provider/B2/attempt_01/validation_result.json
6806	DealTech/local_cases/fronthera_2021/run_output_fronthera_007/stages/block_b/provider/B3/attempt_01/admitted_objects.json
11883	DealTech/local_cases/fronthera_2021/run_output_fronthera_007/stages/block_b/provider/B3/attempt_01/provider_request.json
13892	DealTech/local_cases/fronthera_2021/run_output_fronthera_007/stages/block_b/provider/B3/attempt_01/provider_response_raw.json
931	DealTech/local_cases/fronthera_2021/run_output_fronthera_007/stages/block_b/provider/B3/attempt_01/provider_trace.json
3	DealTech/local_cases/fronthera_2021/run_output_fronthera_007/stages/block_b/provider/B3/attempt_01/rejected_objects.json
3	DealTech/local_cases/fronthera_2021/run_output_fronthera_007/stages/block_b/provider/B3/attempt_01/returned_citations.json
35	DealTech/local_cases/fronthera_2021/run_output_fronthera_007/stages/block_b/provider/B3/attempt_01/search_queries.json
3	DealTech/local_cases/fronthera_2021/run_output_fronthera_007/stages/block_b/provider/B3/attempt_01/tool_calls.json
826	DealTech/local_cases/fronthera_2021/run_output_fronthera_007/stages/block_b/provider/B3/attempt_01/validation_result.json
4173	DealTech/local_cases/fronthera_2021/run_output_fronthera_007/stages/block_b/provider/B3/attempt_02/admitted_objects.json
22125	DealTech/local_cases/fronthera_2021/run_output_fronthera_007/stages/block_b/provider/B3/attempt_02/provider_request.json
7161	DealTech/local_cases/fronthera_2021/run_output_fronthera_007/stages/block_b/provider/B3/attempt_02/provider_response_raw.json
893	DealTech/local_cases/fronthera_2021/run_output_fronthera_007/stages/block_b/provider/B3/attempt_02/provider_trace.json
3	DealTech/local_cases/fronthera_2021/run_output_fronthera_007/stages/block_b/provider/B3/attempt_02/rejected_objects.json
3	DealTech/local_cases/fronthera_2021/run_output_fronthera_007/stages/block_b/provider/B3/attempt_02/returned_citations.json
41	DealTech/local_cases/fronthera_2021/run_output_fronthera_007/stages/block_b/provider/B3/attempt_02/search_queries.json
3	DealTech/local_cases/fronthera_2021/run_output_fronthera_007/stages/block_b/provider/B3/attempt_02/tool_calls.json
783	DealTech/local_cases/fronthera_2021/run_output_fronthera_007/stages/block_b/provider/B3/attempt_02/validation_result.json
5176	DealTech/local_cases/fronthera_2021/run_output_fronthera_007/stages/block_b/provider/B4/attempt_01/admitted_objects.json
10964	DealTech/local_cases/fronthera_2021/run_output_fronthera_007/stages/block_b/provider/B4/attempt_01/provider_request.json
14183	DealTech/local_cases/fronthera_2021/run_output_fronthera_007/stages/block_b/provider/B4/attempt_01/provider_response_raw.json
868	DealTech/local_cases/fronthera_2021/run_output_fronthera_007/stages/block_b/provider/B4/attempt_01/provider_trace.json
3	DealTech/local_cases/fronthera_2021/run_output_fronthera_007/stages/block_b/provider/B4/attempt_01/rejected_objects.json
3	DealTech/local_cases/fronthera_2021/run_output_fronthera_007/stages/block_b/provider/B4/attempt_01/returned_citations.json
3	DealTech/local_cases/fronthera_2021/run_output_fronthera_007/stages/block_b/provider/B4/attempt_01/search_queries.json
3	DealTech/local_cases/fronthera_2021/run_output_fronthera_007/stages/block_b/provider/B4/attempt_01/tool_calls.json
799	DealTech/local_cases/fronthera_2021/run_output_fronthera_007/stages/block_b/provider/B4/attempt_01/validation_result.json
4734	DealTech/local_cases/fronthera_2021/run_output_fronthera_007/stages/block_b/provider/B5/attempt_01/admitted_objects.json
14521	DealTech/local_cases/fronthera_2021/run_output_fronthera_007/stages/block_b/provider/B5/attempt_01/provider_request.json
14741	DealTech/local_cases/fronthera_2021/run_output_fronthera_007/stages/block_b/provider/B5/attempt_01/provider_response_raw.json
837	DealTech/local_cases/fronthera_2021/run_output_fronthera_007/stages/block_b/provider/B5/attempt_01/provider_trace.json
3	DealTech/local_cases/fronthera_2021/run_output_fronthera_007/stages/block_b/provider/B5/attempt_01/rejected_objects.json
3	DealTech/local_cases/fronthera_2021/run_output_fronthera_007/stages/block_b/provider/B5/attempt_01/returned_citations.json
3	DealTech/local_cases/fronthera_2021/run_output_fronthera_007/stages/block_b/provider/B5/attempt_01/search_queries.json
3	DealTech/local_cases/fronthera_2021/run_output_fronthera_007/stages/block_b/provider/B5/attempt_01/tool_calls.json
768	DealTech/local_cases/fronthera_2021/run_output_fronthera_007/stages/block_b/provider/B5/attempt_01/validation_result.json
3730	DealTech/local_cases/fronthera_2021/run_output_fronthera_007/stages/block_b/provider/B5/attempt_02/admitted_objects.json
19622	DealTech/local_cases/fronthera_2021/run_output_fronthera_007/stages/block_b/provider/B5/attempt_02/provider_request.json
5736	DealTech/local_cases/fronthera_2021/run_output_fronthera_007/stages/block_b/provider/B5/attempt_02/provider_response_raw.json
815	DealTech/local_cases/fronthera_2021/run_output_fronthera_007/stages/block_b/provider/B5/attempt_02/provider_trace.json
3	DealTech/local_cases/fronthera_2021/run_output_fronthera_007/stages/block_b/provider/B5/attempt_02/rejected_objects.json
3	DealTech/local_cases/fronthera_2021/run_output_fronthera_007/stages/block_b/provider/B5/attempt_02/returned_citations.json
3	DealTech/local_cases/fronthera_2021/run_output_fronthera_007/stages/block_b/provider/B5/attempt_02/search_queries.json
3	DealTech/local_cases/fronthera_2021/run_output_fronthera_007/stages/block_b/provider/B5/attempt_02/tool_calls.json
748	DealTech/local_cases/fronthera_2021/run_output_fronthera_007/stages/block_b/provider/B5/attempt_02/validation_result.json
1478	DealTech/local_cases/fronthera_2021/run_output_fronthera_007/stages/block_b/run_summary.json
5871	DealTech/local_cases/fronthera_2021/run_output_fronthera_007/stages/block_c/provider/C1/attempt_01/admitted_objects.json
9508	DealTech/local_cases/fronthera_2021/run_output_fronthera_007/stages/block_c/provider/C1/attempt_01/provider_request.json
11167	DealTech/local_cases/fronthera_2021/run_output_fronthera_007/stages/block_c/provider/C1/attempt_01/provider_response_raw.json
998	DealTech/local_cases/fronthera_2021/run_output_fronthera_007/stages/block_c/provider/C1/attempt_01/provider_trace.json
3	DealTech/local_cases/fronthera_2021/run_output_fronthera_007/stages/block_c/provider/C1/attempt_01/rejected_objects.json
3	DealTech/local_cases/fronthera_2021/run_output_fronthera_007/stages/block_c/provider/C1/attempt_01/returned_citations.json
50	DealTech/local_cases/fronthera_2021/run_output_fronthera_007/stages/block_c/provider/C1/attempt_01/search_queries.json
74	DealTech/local_cases/fronthera_2021/run_output_fronthera_007/stages/block_c/provider/C1/attempt_01/tool_calls.json
839	DealTech/local_cases/fronthera_2021/run_output_fronthera_007/stages/block_c/provider/C1/attempt_01/validation_result.json
4054	DealTech/local_cases/fronthera_2021/run_output_fronthera_007/stages/block_c/provider/C2/attempt_01/admitted_objects.json
9652	DealTech/local_cases/fronthera_2021/run_output_fronthera_007/stages/block_c/provider/C2/attempt_01/provider_request.json
6942	DealTech/local_cases/fronthera_2021/run_output_fronthera_007/stages/block_c/provider/C2/attempt_01/provider_response_raw.json
944	DealTech/local_cases/fronthera_2021/run_output_fronthera_007/stages/block_c/provider/C2/attempt_01/provider_trace.json
3	DealTech/local_cases/fronthera_2021/run_output_fronthera_007/stages/block_c/provider/C2/attempt_01/rejected_objects.json
3	DealTech/local_cases/fronthera_2021/run_output_fronthera_007/stages/block_c/provider/C2/attempt_01/returned_citations.json
50	DealTech/local_cases/fronthera_2021/run_output_fronthera_007/stages/block_c/provider/C2/attempt_01/search_queries.json
74	DealTech/local_cases/fronthera_2021/run_output_fronthera_007/stages/block_c/provider/C2/attempt_01/tool_calls.json
785	DealTech/local_cases/fronthera_2021/run_output_fronthera_007/stages/block_c/provider/C2/attempt_01/validation_result.json
4154	DealTech/local_cases/fronthera_2021/run_output_fronthera_007/stages/block_c/provider/C3/attempt_01/admitted_objects.json
10465	DealTech/local_cases/fronthera_2021/run_output_fronthera_007/stages/block_c/provider/C3/attempt_01/provider_request.json
7589	DealTech/local_cases/fronthera_2021/run_output_fronthera_007/stages/block_c/provider/C3/attempt_01/provider_response_raw.json
966	DealTech/local_cases/fronthera_2021/run_output_fronthera_007/stages/block_c/provider/C3/attempt_01/provider_trace.json
3	DealTech/local_cases/fronthera_2021/run_output_fronthera_007/stages/block_c/provider/C3/attempt_01/rejected_objects.json
3	DealTech/local_cases/fronthera_2021/run_output_fronthera_007/stages/block_c/provider/C3/attempt_01/returned_citations.json
72	DealTech/local_cases/fronthera_2021/run_output_fronthera_007/stages/block_c/provider/C3/attempt_01/search_queries.json
74	DealTech/local_cases/fronthera_2021/run_output_fronthera_007/stages/block_c/provider/C3/attempt_01/tool_calls.json
785	DealTech/local_cases/fronthera_2021/run_output_fronthera_007/stages/block_c/provider/C3/attempt_01/validation_result.json
4219	DealTech/local_cases/fronthera_2021/run_output_fronthera_007/stages/block_c/provider/C4/attempt_01/admitted_objects.json
12741	DealTech/local_cases/fronthera_2021/run_output_fronthera_007/stages/block_c/provider/C4/attempt_01/provider_request.json
7611	DealTech/local_cases/fronthera_2021/run_output_fronthera_007/stages/block_c/provider/C4/attempt_01/provider_response_raw.json
946	DealTech/local_cases/fronthera_2021/run_output_fronthera_007/stages/block_c/provider/C4/attempt_01/provider_trace.json
3	DealTech/local_cases/fronthera_2021/run_output_fronthera_007/stages/block_c/provider/C4/attempt_01/rejected_objects.json
3	DealTech/local_cases/fronthera_2021/run_output_fronthera_007/stages/block_c/provider/C4/attempt_01/returned_citations.json
60	DealTech/local_cases/fronthera_2021/run_output_fronthera_007/stages/block_c/provider/C4/attempt_01/search_queries.json
66	DealTech/local_cases/fronthera_2021/run_output_fronthera_007/stages/block_c/provider/C4/attempt_01/tool_calls.json
785	DealTech/local_cases/fronthera_2021/run_output_fronthera_007/stages/block_c/provider/C4/attempt_01/validation_result.json
4157	DealTech/local_cases/fronthera_2021/run_output_fronthera_007/stages/block_c/provider/C5/attempt_01/admitted_objects.json
14137	DealTech/local_cases/fronthera_2021/run_output_fronthera_007/stages/block_c/provider/C5/attempt_01/provider_request.json
6324	DealTech/local_cases/fronthera_2021/run_output_fronthera_007/stages/block_c/provider/C5/attempt_01/provider_response_raw.json
895	DealTech/local_cases/fronthera_2021/run_output_fronthera_007/stages/block_c/provider/C5/attempt_01/provider_trace.json
3	DealTech/local_cases/fronthera_2021/run_output_fronthera_007/stages/block_c/provider/C5/attempt_01/rejected_objects.json
3	DealTech/local_cases/fronthera_2021/run_output_fronthera_007/stages/block_c/provider/C5/attempt_01/returned_citations.json
3	DealTech/local_cases/fronthera_2021/run_output_fronthera_007/stages/block_c/provider/C5/attempt_01/search_queries.json
76	DealTech/local_cases/fronthera_2021/run_output_fronthera_007/stages/block_c/provider/C5/attempt_01/tool_calls.json
785	DealTech/local_cases/fronthera_2021/run_output_fronthera_007/stages/block_c/provider/C5/attempt_01/validation_result.json
425	DealTech/local_cases/fronthera_2021/run_output_fronthera_008/cross_block_consistency_result.json
4559	DealTech/local_cases/fronthera_2021/run_output_fronthera_008/decision_state.json
68129	DealTech/local_cases/fronthera_2021/run_output_fronthera_008/final_acquisition_strategy_report.md
1894	DealTech/local_cases/fronthera_2021/run_output_fronthera_008/final_delivery_verification.json
38824	DealTech/local_cases/fronthera_2021/run_output_fronthera_008/gate_a_result.json
15124	DealTech/local_cases/fronthera_2021/run_output_fronthera_008/gate_b_result.json
21452	DealTech/local_cases/fronthera_2021/run_output_fronthera_008/gate_c_result.json
1058	DealTech/local_cases/fronthera_2021/run_output_fronthera_008/pipeline_cases/block_a/attachments/target_capability_brief.md
5505	DealTech/local_cases/fronthera_2021/run_output_fronthera_008/pipeline_cases/block_a/case.json
89938	DealTech/local_cases/fronthera_2021/run_output_fronthera_008/pipeline_cases/block_a/recordings/responses.json
4135	DealTech/local_cases/fronthera_2021/run_output_fronthera_008/pipeline_cases/block_b/attachments/target_financials.xlsx
126605	DealTech/local_cases/fronthera_2021/run_output_fronthera_008/pipeline_cases/block_b/case.json
129529	DealTech/local_cases/fronthera_2021/run_output_fronthera_008/pipeline_cases/block_b/recordings/responses.json
447	DealTech/local_cases/fronthera_2021/run_output_fronthera_008/pipeline_cases/block_c/attachments/management_representation.md
255707	DealTech/local_cases/fronthera_2021/run_output_fronthera_008/pipeline_cases/block_c/case.json
77972	DealTech/local_cases/fronthera_2021/run_output_fronthera_008/pipeline_cases/block_c/recordings/responses.json
67419	DealTech/local_cases/fronthera_2021/run_output_fronthera_008/run_manifest.json
8578	DealTech/local_cases/fronthera_2021/run_output_fronthera_008/stages/block_a/gate_a/criterion_results.json
38824	DealTech/local_cases/fronthera_2021/run_output_fronthera_008/stages/block_a/gate_a/gate_a_result.json
287	DealTech/local_cases/fronthera_2021/run_output_fronthera_008/stages/block_a/loop/controller_decisions.json
597	DealTech/local_cases/fronthera_2021/run_output_fronthera_008/stages/block_a/loop/dependency_invalidations.json
514	DealTech/local_cases/fronthera_2021/run_output_fronthera_008/stages/block_a/loop/gaps.json
682	DealTech/local_cases/fronthera_2021/run_output_fronthera_008/stages/block_a/loop/iteration_records.json
221	DealTech/local_cases/fronthera_2021/run_output_fronthera_008/stages/block_a/loop/loop_state.json
519	DealTech/local_cases/fronthera_2021/run_output_fronthera_008/stages/block_a/loop/replans.json
9073	DealTech/local_cases/fronthera_2021/run_output_fronthera_008/stages/block_a/loop/research_attempts.json
6204	DealTech/local_cases/fronthera_2021/run_output_fronthera_008/stages/block_a/modules/a1_transaction_context.json
6222	DealTech/local_cases/fronthera_2021/run_output_fronthera_008/stages/block_a/modules/a2_buyer_strategic_need.json
9556	DealTech/local_cases/fronthera_2021/run_output_fronthera_008/stages/block_a/modules/a3_strategic_rationale.json
6436	DealTech/local_cases/fronthera_2021/run_output_fronthera_008/stages/block_a/modules/a4_target_attractiveness.json
6992	DealTech/local_cases/fronthera_2021/run_output_fronthera_008/stages/block_a/modules/a5_target_capability_business_quality.json
10384	DealTech/local_cases/fronthera_2021/run_output_fronthera_008/stages/block_a/modules/a6_industry_competitive_position.json
10084	DealTech/local_cases/fronthera_2021/run_output_fronthera_008/stages/block_a/modules/a7_strategic_fit.json
6715	DealTech/local_cases/fronthera_2021/run_output_fronthera_008/stages/block_a/planning/block_a_research_plan.json
279	DealTech/local_cases/fronthera_2021/run_output_fronthera_008/stages/block_a/planning/dependency_graph.json
487	DealTech/local_cases/fronthera_2021/run_output_fronthera_008/stages/block_a/planning/prompt_manifest.json
985	DealTech/local_cases/fronthera_2021/run_output_fronthera_008/stages/block_a/planning/research_questions.json
4665	DealTech/local_cases/fronthera_2021/run_output_fronthera_008/stages/block_a/provider/A1/attempt_01/admitted_objects.json
6069	DealTech/local_cases/fronthera_2021/run_output_fronthera_008/stages/block_a/provider/A1/attempt_01/provider_request.json
7209	DealTech/local_cases/fronthera_2021/run_output_fronthera_008/stages/block_a/provider/A1/attempt_01/provider_response_raw.json
1160	DealTech/local_cases/fronthera_2021/run_output_fronthera_008/stages/block_a/provider/A1/attempt_01/provider_trace.json
3	DealTech/local_cases/fronthera_2021/run_output_fronthera_008/stages/block_a/provider/A1/attempt_01/rejected_objects.json
224	DealTech/local_cases/fronthera_2021/run_output_fronthera_008/stages/block_a/provider/A1/attempt_01/returned_citations.json
131	DealTech/local_cases/fronthera_2021/run_output_fronthera_008/stages/block_a/provider/A1/attempt_01/search_queries.json
3	DealTech/local_cases/fronthera_2021/run_output_fronthera_008/stages/block_a/provider/A1/attempt_01/tool_calls.json
772	DealTech/local_cases/fronthera_2021/run_output_fronthera_008/stages/block_a/provider/A1/attempt_01/validation_result.json
4279	DealTech/local_cases/fronthera_2021/run_output_fronthera_008/stages/block_a/provider/A2/attempt_01/admitted_objects.json
11461	DealTech/local_cases/fronthera_2021/run_output_fronthera_008/stages/block_a/provider/A2/attempt_01/provider_request.json
6784	DealTech/local_cases/fronthera_2021/run_output_fronthera_008/stages/block_a/provider/A2/attempt_01/provider_response_raw.json
1135	DealTech/local_cases/fronthera_2021/run_output_fronthera_008/stages/block_a/provider/A2/attempt_01/provider_trace.json
3	DealTech/local_cases/fronthera_2021/run_output_fronthera_008/stages/block_a/provider/A2/attempt_01/rejected_objects.json
219	DealTech/local_cases/fronthera_2021/run_output_fronthera_008/stages/block_a/provider/A2/attempt_01/returned_citations.json
131	DealTech/local_cases/fronthera_2021/run_output_fronthera_008/stages/block_a/provider/A2/attempt_01/search_queries.json
3	DealTech/local_cases/fronthera_2021/run_output_fronthera_008/stages/block_a/provider/A2/attempt_01/tool_calls.json
752	DealTech/local_cases/fronthera_2021/run_output_fronthera_008/stages/block_a/provider/A2/attempt_01/validation_result.json
4942	DealTech/local_cases/fronthera_2021/run_output_fronthera_008/stages/block_a/provider/A3/attempt_01/admitted_objects.json
33091	DealTech/local_cases/fronthera_2021/run_output_fronthera_008/stages/block_a/provider/A3/attempt_01/provider_request.json
7674	DealTech/local_cases/fronthera_2021/run_output_fronthera_008/stages/block_a/provider/A3/attempt_01/provider_response_raw.json
1167	DealTech/local_cases/fronthera_2021/run_output_fronthera_008/stages/block_a/provider/A3/attempt_01/provider_trace.json
3	DealTech/local_cases/fronthera_2021/run_output_fronthera_008/stages/block_a/provider/A3/attempt_01/rejected_objects.json
234	DealTech/local_cases/fronthera_2021/run_output_fronthera_008/stages/block_a/provider/A3/attempt_01/returned_citations.json
131	DealTech/local_cases/fronthera_2021/run_output_fronthera_008/stages/block_a/provider/A3/attempt_01/search_queries.json
3	DealTech/local_cases/fronthera_2021/run_output_fronthera_008/stages/block_a/provider/A3/attempt_01/tool_calls.json
769	DealTech/local_cases/fronthera_2021/run_output_fronthera_008/stages/block_a/provider/A3/attempt_01/validation_result.json
3244	DealTech/local_cases/fronthera_2021/run_output_fronthera_008/stages/block_a/provider/A3/attempt_02/admitted_objects.json
44554	DealTech/local_cases/fronthera_2021/run_output_fronthera_008/stages/block_a/provider/A3/attempt_02/provider_request.json
6733	DealTech/local_cases/fronthera_2021/run_output_fronthera_008/stages/block_a/provider/A3/attempt_02/provider_response_raw.json
1274	DealTech/local_cases/fronthera_2021/run_output_fronthera_008/stages/block_a/provider/A3/attempt_02/provider_trace.json
242	DealTech/local_cases/fronthera_2021/run_output_fronthera_008/stages/block_a/provider/A3/attempt_02/rejected_objects.json
195	DealTech/local_cases/fronthera_2021/run_output_fronthera_008/stages/block_a/provider/A3/attempt_02/returned_citations.json
55	DealTech/local_cases/fronthera_2021/run_output_fronthera_008/stages/block_a/provider/A3/attempt_02/search_queries.json
3	DealTech/local_cases/fronthera_2021/run_output_fronthera_008/stages/block_a/provider/A3/attempt_02/tool_calls.json
742	DealTech/local_cases/fronthera_2021/run_output_fronthera_008/stages/block_a/provider/A3/attempt_02/validation_result.json
4264	DealTech/local_cases/fronthera_2021/run_output_fronthera_008/stages/block_a/provider/A4/attempt_01/admitted_objects.json
16891	DealTech/local_cases/fronthera_2021/run_output_fronthera_008/stages/block_a/provider/A4/attempt_01/provider_request.json
6832	DealTech/local_cases/fronthera_2021/run_output_fronthera_008/stages/block_a/provider/A4/attempt_01/provider_response_raw.json
1092	DealTech/local_cases/fronthera_2021/run_output_fronthera_008/stages/block_a/provider/A4/attempt_01/provider_trace.json
3	DealTech/local_cases/fronthera_2021/run_output_fronthera_008/stages/block_a/provider/A4/attempt_01/rejected_objects.json
176	DealTech/local_cases/fronthera_2021/run_output_fronthera_008/stages/block_a/provider/A4/attempt_01/returned_citations.json
131	DealTech/local_cases/fronthera_2021/run_output_fronthera_008/stages/block_a/provider/A4/attempt_01/search_queries.json
3	DealTech/local_cases/fronthera_2021/run_output_fronthera_008/stages/block_a/provider/A4/attempt_01/tool_calls.json
752	DealTech/local_cases/fronthera_2021/run_output_fronthera_008/stages/block_a/provider/A4/attempt_01/validation_result.json
6181	DealTech/local_cases/fronthera_2021/run_output_fronthera_008/stages/block_a/provider/A5/attempt_01/admitted_objects.json
17803	DealTech/local_cases/fronthera_2021/run_output_fronthera_008/stages/block_a/provider/A5/attempt_01/provider_request.json
8976	DealTech/local_cases/fronthera_2021/run_output_fronthera_008/stages/block_a/provider/A5/attempt_01/provider_response_raw.json
1227	DealTech/local_cases/fronthera_2021/run_output_fronthera_008/stages/block_a/provider/A5/attempt_01/provider_trace.json
3	DealTech/local_cases/fronthera_2021/run_output_fronthera_008/stages/block_a/provider/A5/attempt_01/rejected_objects.json
221	DealTech/local_cases/fronthera_2021/run_output_fronthera_008/stages/block_a/provider/A5/attempt_01/returned_citations.json
131	DealTech/local_cases/fronthera_2021/run_output_fronthera_008/stages/block_a/provider/A5/attempt_01/search_queries.json
3	DealTech/local_cases/fronthera_2021/run_output_fronthera_008/stages/block_a/provider/A5/attempt_01/tool_calls.json
815	DealTech/local_cases/fronthera_2021/run_output_fronthera_008/stages/block_a/provider/A5/attempt_01/validation_result.json
4291	DealTech/local_cases/fronthera_2021/run_output_fronthera_008/stages/block_a/provider/A6/attempt_01/admitted_objects.json
23107	DealTech/local_cases/fronthera_2021/run_output_fronthera_008/stages/block_a/provider/A6/attempt_01/provider_request.json
7549	DealTech/local_cases/fronthera_2021/run_output_fronthera_008/stages/block_a/provider/A6/attempt_01/provider_response_raw.json
1090	DealTech/local_cases/fronthera_2021/run_output_fronthera_008/stages/block_a/provider/A6/attempt_01/provider_trace.json
3	DealTech/local_cases/fronthera_2021/run_output_fronthera_008/stages/block_a/provider/A6/attempt_01/rejected_objects.json
179	DealTech/local_cases/fronthera_2021/run_output_fronthera_008/stages/block_a/provider/A6/attempt_01/returned_citations.json
131	DealTech/local_cases/fronthera_2021/run_output_fronthera_008/stages/block_a/provider/A6/attempt_01/search_queries.json
3	DealTech/local_cases/fronthera_2021/run_output_fronthera_008/stages/block_a/provider/A6/attempt_01/tool_calls.json
747	DealTech/local_cases/fronthera_2021/run_output_fronthera_008/stages/block_a/provider/A6/attempt_01/validation_result.json
5566	DealTech/local_cases/fronthera_2021/run_output_fronthera_008/stages/block_a/provider/A6/attempt_02/admitted_objects.json
30710	DealTech/local_cases/fronthera_2021/run_output_fronthera_008/stages/block_a/provider/A6/attempt_02/provider_request.json
9115	DealTech/local_cases/fronthera_2021/run_output_fronthera_008/stages/block_a/provider/A6/attempt_02/provider_response_raw.json
1322	DealTech/local_cases/fronthera_2021/run_output_fronthera_008/stages/block_a/provider/A6/attempt_02/provider_trace.json
3	DealTech/local_cases/fronthera_2021/run_output_fronthera_008/stages/block_a/provider/A6/attempt_02/rejected_objects.json
377	DealTech/local_cases/fronthera_2021/run_output_fronthera_008/stages/block_a/provider/A6/attempt_02/returned_citations.json
131	DealTech/local_cases/fronthera_2021/run_output_fronthera_008/stages/block_a/provider/A6/attempt_02/search_queries.json
3	DealTech/local_cases/fronthera_2021/run_output_fronthera_008/stages/block_a/provider/A6/attempt_02/tool_calls.json
771	DealTech/local_cases/fronthera_2021/run_output_fronthera_008/stages/block_a/provider/A6/attempt_02/validation_result.json
4438	DealTech/local_cases/fronthera_2021/run_output_fronthera_008/stages/block_a/provider/A7/attempt_01/admitted_objects.json
33925	DealTech/local_cases/fronthera_2021/run_output_fronthera_008/stages/block_a/provider/A7/attempt_01/provider_request.json
7252	DealTech/local_cases/fronthera_2021/run_output_fronthera_008/stages/block_a/provider/A7/attempt_01/provider_response_raw.json
1151	DealTech/local_cases/fronthera_2021/run_output_fronthera_008/stages/block_a/provider/A7/attempt_01/provider_trace.json
3	DealTech/local_cases/fronthera_2021/run_output_fronthera_008/stages/block_a/provider/A7/attempt_01/rejected_objects.json
241	DealTech/local_cases/fronthera_2021/run_output_fronthera_008/stages/block_a/provider/A7/attempt_01/returned_citations.json
131	DealTech/local_cases/fronthera_2021/run_output_fronthera_008/stages/block_a/provider/A7/attempt_01/search_queries.json
3	DealTech/local_cases/fronthera_2021/run_output_fronthera_008/stages/block_a/provider/A7/attempt_01/tool_calls.json
746	DealTech/local_cases/fronthera_2021/run_output_fronthera_008/stages/block_a/provider/A7/attempt_01/validation_result.json
2883	DealTech/local_cases/fronthera_2021/run_output_fronthera_008/stages/block_a/provider/A7/attempt_02/admitted_objects.json
48541	DealTech/local_cases/fronthera_2021/run_output_fronthera_008/stages/block_a/provider/A7/attempt_02/provider_request.json
6615	DealTech/local_cases/fronthera_2021/run_output_fronthera_008/stages/block_a/provider/A7/attempt_02/provider_response_raw.json
1245	DealTech/local_cases/fronthera_2021/run_output_fronthera_008/stages/block_a/provider/A7/attempt_02/provider_trace.json
242	DealTech/local_cases/fronthera_2021/run_output_fronthera_008/stages/block_a/provider/A7/attempt_02/rejected_objects.json
195	DealTech/local_cases/fronthera_2021/run_output_fronthera_008/stages/block_a/provider/A7/attempt_02/returned_citations.json
49	DealTech/local_cases/fronthera_2021/run_output_fronthera_008/stages/block_a/provider/A7/attempt_02/search_queries.json
3	DealTech/local_cases/fronthera_2021/run_output_fronthera_008/stages/block_a/provider/A7/attempt_02/tool_calls.json
719	DealTech/local_cases/fronthera_2021/run_output_fronthera_008/stages/block_a/provider/A7/attempt_02/validation_result.json
715	DealTech/local_cases/fronthera_2021/run_output_fronthera_008/stages/block_a/provider/attachment_manifest.json
1570	DealTech/local_cases/fronthera_2021/run_output_fronthera_008/stages/block_a/research/assumptions.json
10312	DealTech/local_cases/fronthera_2021/run_output_fronthera_008/stages/block_a/research/claim_dependencies.json
22847	DealTech/local_cases/fronthera_2021/run_output_fronthera_008/stages/block_a/research/claims.json
1362	DealTech/local_cases/fronthera_2021/run_output_fronthera_008/stages/block_a/research/conflicts.json
7393	DealTech/local_cases/fronthera_2021/run_output_fronthera_008/stages/block_a/research/counterevidence.json
34946	DealTech/local_cases/fronthera_2021/run_output_fronthera_008/stages/block_a/research/evidence.json
21036	DealTech/local_cases/fronthera_2021/run_output_fronthera_008/stages/block_a/research/sources.json
1544	DealTech/local_cases/fronthera_2021/run_output_fronthera_008/stages/block_a/research/unknowns.json
571	DealTech/local_cases/fronthera_2021/run_output_fronthera_008/stages/block_a/run_summary.json
1119	DealTech/local_cases/fronthera_2021/run_output_fronthera_008/stages/block_a/state/final_terminal_state.json
1189	DealTech/local_cases/fronthera_2021/run_output_fronthera_008/stages/block_a/state/terminal_state_history.json
6698	DealTech/local_cases/fronthera_2021/run_output_fronthera_008/stages/block_a/verification/er_brb_results.json
860	DealTech/local_cases/fronthera_2021/run_output_fronthera_008/stages/block_a/verification/evidence_quality_results.json
11949	DealTech/local_cases/fronthera_2021/run_output_fronthera_008/stages/block_a/verification/pce_results.json
26936	DealTech/local_cases/fronthera_2021/run_output_fronthera_008/stages/block_b/00_input/admitted_gate_a_result.json
814	DealTech/local_cases/fronthera_2021/run_output_fronthera_008/stages/block_b/00_input/attachment_manifest.json
85439	DealTech/local_cases/fronthera_2021/run_output_fronthera_008/stages/block_b/00_input/block_b_input_bundle.json
3627	DealTech/local_cases/fronthera_2021/run_output_fronthera_008/stages/block_b/00_input/block_b_research_plan.json
1756	DealTech/local_cases/fronthera_2021/run_output_fronthera_008/stages/block_b/00_input/business_mandate.json
126605	DealTech/local_cases/fronthera_2021/run_output_fronthera_008/stages/block_b/00_input/case.json
1134	DealTech/local_cases/fronthera_2021/run_output_fronthera_008/stages/block_b/00_input/research_contract.json
2865	DealTech/local_cases/fronthera_2021/run_output_fronthera_008/stages/block_b/00_input/xlsx_extraction.json
4587	DealTech/local_cases/fronthera_2021/run_output_fronthera_008/stages/block_b/01_research/assumptions.json
16895	DealTech/local_cases/fronthera_2021/run_output_fronthera_008/stages/block_b/01_research/claims.json
4565	DealTech/local_cases/fronthera_2021/run_output_fronthera_008/stages/block_b/01_research/counterevidence.json
3	DealTech/local_cases/fronthera_2021/run_output_fronthera_008/stages/block_b/01_research/duplicate_source_rejections.json
31477	DealTech/local_cases/fronthera_2021/run_output_fronthera_008/stages/block_b/01_research/evidence.json
21469	DealTech/local_cases/fronthera_2021/run_output_fronthera_008/stages/block_b/01_research/source_registry.json
1344	DealTech/local_cases/fronthera_2021/run_output_fronthera_008/stages/block_b/01_research/unknowns.json
3453	DealTech/local_cases/fronthera_2021/run_output_fronthera_008/stages/block_b/02_modules/b1_executions.json
3064	DealTech/local_cases/fronthera_2021/run_output_fronthera_008/stages/block_b/02_modules/b2_executions.json
6016	DealTech/local_cases/fronthera_2021/run_output_fronthera_008/stages/block_b/02_modules/b3_executions.json
3232	DealTech/local_cases/fronthera_2021/run_output_fronthera_008/stages/block_b/02_modules/b4_executions.json
5848	DealTech/local_cases/fronthera_2021/run_output_fronthera_008/stages/block_b/02_modules/b5_executions.json
21601	DealTech/local_cases/fronthera_2021/run_output_fronthera_008/stages/block_b/02_modules/module_executions.json
39697	DealTech/local_cases/fronthera_2021/run_output_fronthera_008/stages/block_b/03_financial_data/financial_data_points.json
4828	DealTech/local_cases/fronthera_2021/run_output_fronthera_008/stages/block_b/03_financial_data/normalization_records.json
1892	DealTech/local_cases/fronthera_2021/run_output_fronthera_008/stages/block_b/03_financial_data/synergy_records.json
586	DealTech/local_cases/fronthera_2021/run_output_fronthera_008/stages/block_b/04_calculations/calculation_gap_history.json
11146	DealTech/local_cases/fronthera_2021/run_output_fronthera_008/stages/block_b/04_calculations/calculation_replays.json
48707	DealTech/local_cases/fronthera_2021/run_output_fronthera_008/stages/block_b/04_calculations/calculations.json
31880	DealTech/local_cases/fronthera_2021/run_output_fronthera_008/stages/block_b/04_calculations/latest_calculations.json
365	DealTech/local_cases/fronthera_2021/run_output_fronthera_008/stages/block_b/05_controls/certification_adapter_boundary.json
113	DealTech/local_cases/fronthera_2021/run_output_fronthera_008/stages/block_b/05_controls/control_execution_order.json
6166	DealTech/local_cases/fronthera_2021/run_output_fronthera_008/stages/block_b/05_controls/er_brb_results.json
1166	DealTech/local_cases/fronthera_2021/run_output_fronthera_008/stages/block_b/05_controls/human_review_items.json
14387	DealTech/local_cases/fronthera_2021/run_output_fronthera_008/stages/block_b/05_controls/pce_prechecks.json
8445	DealTech/local_cases/fronthera_2021/run_output_fronthera_008/stages/block_b/05_controls/pce_results.json
31689	DealTech/local_cases/fronthera_2021/run_output_fronthera_008/stages/block_b/06_gate_b/gate_b_history.json
15124	DealTech/local_cases/fronthera_2021/run_output_fronthera_008/stages/block_b/06_gate_b/gate_b_result.json
755	DealTech/local_cases/fronthera_2021/run_output_fronthera_008/stages/block_b/07_loop/iteration_records.json
1625	DealTech/local_cases/fronthera_2021/run_output_fronthera_008/stages/block_b/07_loop/loop_events.json
557	DealTech/local_cases/fronthera_2021/run_output_fronthera_008/stages/block_b/07_loop/terminal_state.json
8365	DealTech/local_cases/fronthera_2021/run_output_fronthera_008/stages/block_b/provider/B1/attempt_01/admitted_objects.json
9547	DealTech/local_cases/fronthera_2021/run_output_fronthera_008/stages/block_b/provider/B1/attempt_01/provider_request.json
31578	DealTech/local_cases/fronthera_2021/run_output_fronthera_008/stages/block_b/provider/B1/attempt_01/provider_response_raw.json
1032	DealTech/local_cases/fronthera_2021/run_output_fronthera_008/stages/block_b/provider/B1/attempt_01/provider_trace.json
3	DealTech/local_cases/fronthera_2021/run_output_fronthera_008/stages/block_b/provider/B1/attempt_01/rejected_objects.json
3	DealTech/local_cases/fronthera_2021/run_output_fronthera_008/stages/block_b/provider/B1/attempt_01/returned_citations.json
86	DealTech/local_cases/fronthera_2021/run_output_fronthera_008/stages/block_b/provider/B1/attempt_01/search_queries.json
3	DealTech/local_cases/fronthera_2021/run_output_fronthera_008/stages/block_b/provider/B1/attempt_01/tool_calls.json
874	DealTech/local_cases/fronthera_2021/run_output_fronthera_008/stages/block_b/provider/B1/attempt_01/validation_result.json
6106	DealTech/local_cases/fronthera_2021/run_output_fronthera_008/stages/block_b/provider/B2/attempt_01/admitted_objects.json
9574	DealTech/local_cases/fronthera_2021/run_output_fronthera_008/stages/block_b/provider/B2/attempt_01/provider_request.json
19259	DealTech/local_cases/fronthera_2021/run_output_fronthera_008/stages/block_b/provider/B2/attempt_01/provider_response_raw.json
868	DealTech/local_cases/fronthera_2021/run_output_fronthera_008/stages/block_b/provider/B2/attempt_01/provider_trace.json
3	DealTech/local_cases/fronthera_2021/run_output_fronthera_008/stages/block_b/provider/B2/attempt_01/rejected_objects.json
3	DealTech/local_cases/fronthera_2021/run_output_fronthera_008/stages/block_b/provider/B2/attempt_01/returned_citations.json
3	DealTech/local_cases/fronthera_2021/run_output_fronthera_008/stages/block_b/provider/B2/attempt_01/search_queries.json
3	DealTech/local_cases/fronthera_2021/run_output_fronthera_008/stages/block_b/provider/B2/attempt_01/tool_calls.json
799	DealTech/local_cases/fronthera_2021/run_output_fronthera_008/stages/block_b/provider/B2/attempt_01/validation_result.json
6806	DealTech/local_cases/fronthera_2021/run_output_fronthera_008/stages/block_b/provider/B3/attempt_01/admitted_objects.json
11883	DealTech/local_cases/fronthera_2021/run_output_fronthera_008/stages/block_b/provider/B3/attempt_01/provider_request.json
13892	DealTech/local_cases/fronthera_2021/run_output_fronthera_008/stages/block_b/provider/B3/attempt_01/provider_response_raw.json
931	DealTech/local_cases/fronthera_2021/run_output_fronthera_008/stages/block_b/provider/B3/attempt_01/provider_trace.json
3	DealTech/local_cases/fronthera_2021/run_output_fronthera_008/stages/block_b/provider/B3/attempt_01/rejected_objects.json
3	DealTech/local_cases/fronthera_2021/run_output_fronthera_008/stages/block_b/provider/B3/attempt_01/returned_citations.json
35	DealTech/local_cases/fronthera_2021/run_output_fronthera_008/stages/block_b/provider/B3/attempt_01/search_queries.json
3	DealTech/local_cases/fronthera_2021/run_output_fronthera_008/stages/block_b/provider/B3/attempt_01/tool_calls.json
826	DealTech/local_cases/fronthera_2021/run_output_fronthera_008/stages/block_b/provider/B3/attempt_01/validation_result.json
4173	DealTech/local_cases/fronthera_2021/run_output_fronthera_008/stages/block_b/provider/B3/attempt_02/admitted_objects.json
22125	DealTech/local_cases/fronthera_2021/run_output_fronthera_008/stages/block_b/provider/B3/attempt_02/provider_request.json
7161	DealTech/local_cases/fronthera_2021/run_output_fronthera_008/stages/block_b/provider/B3/attempt_02/provider_response_raw.json
893	DealTech/local_cases/fronthera_2021/run_output_fronthera_008/stages/block_b/provider/B3/attempt_02/provider_trace.json
3	DealTech/local_cases/fronthera_2021/run_output_fronthera_008/stages/block_b/provider/B3/attempt_02/rejected_objects.json
3	DealTech/local_cases/fronthera_2021/run_output_fronthera_008/stages/block_b/provider/B3/attempt_02/returned_citations.json
41	DealTech/local_cases/fronthera_2021/run_output_fronthera_008/stages/block_b/provider/B3/attempt_02/search_queries.json
3	DealTech/local_cases/fronthera_2021/run_output_fronthera_008/stages/block_b/provider/B3/attempt_02/tool_calls.json
783	DealTech/local_cases/fronthera_2021/run_output_fronthera_008/stages/block_b/provider/B3/attempt_02/validation_result.json
5176	DealTech/local_cases/fronthera_2021/run_output_fronthera_008/stages/block_b/provider/B4/attempt_01/admitted_objects.json
10964	DealTech/local_cases/fronthera_2021/run_output_fronthera_008/stages/block_b/provider/B4/attempt_01/provider_request.json
14183	DealTech/local_cases/fronthera_2021/run_output_fronthera_008/stages/block_b/provider/B4/attempt_01/provider_response_raw.json
868	DealTech/local_cases/fronthera_2021/run_output_fronthera_008/stages/block_b/provider/B4/attempt_01/provider_trace.json
3	DealTech/local_cases/fronthera_2021/run_output_fronthera_008/stages/block_b/provider/B4/attempt_01/rejected_objects.json
3	DealTech/local_cases/fronthera_2021/run_output_fronthera_008/stages/block_b/provider/B4/attempt_01/returned_citations.json
3	DealTech/local_cases/fronthera_2021/run_output_fronthera_008/stages/block_b/provider/B4/attempt_01/search_queries.json
3	DealTech/local_cases/fronthera_2021/run_output_fronthera_008/stages/block_b/provider/B4/attempt_01/tool_calls.json
799	DealTech/local_cases/fronthera_2021/run_output_fronthera_008/stages/block_b/provider/B4/attempt_01/validation_result.json
4734	DealTech/local_cases/fronthera_2021/run_output_fronthera_008/stages/block_b/provider/B5/attempt_01/admitted_objects.json
14521	DealTech/local_cases/fronthera_2021/run_output_fronthera_008/stages/block_b/provider/B5/attempt_01/provider_request.json
14741	DealTech/local_cases/fronthera_2021/run_output_fronthera_008/stages/block_b/provider/B5/attempt_01/provider_response_raw.json
837	DealTech/local_cases/fronthera_2021/run_output_fronthera_008/stages/block_b/provider/B5/attempt_01/provider_trace.json
3	DealTech/local_cases/fronthera_2021/run_output_fronthera_008/stages/block_b/provider/B5/attempt_01/rejected_objects.json
3	DealTech/local_cases/fronthera_2021/run_output_fronthera_008/stages/block_b/provider/B5/attempt_01/returned_citations.json
3	DealTech/local_cases/fronthera_2021/run_output_fronthera_008/stages/block_b/provider/B5/attempt_01/search_queries.json
3	DealTech/local_cases/fronthera_2021/run_output_fronthera_008/stages/block_b/provider/B5/attempt_01/tool_calls.json
768	DealTech/local_cases/fronthera_2021/run_output_fronthera_008/stages/block_b/provider/B5/attempt_01/validation_result.json
3730	DealTech/local_cases/fronthera_2021/run_output_fronthera_008/stages/block_b/provider/B5/attempt_02/admitted_objects.json
19622	DealTech/local_cases/fronthera_2021/run_output_fronthera_008/stages/block_b/provider/B5/attempt_02/provider_request.json
5736	DealTech/local_cases/fronthera_2021/run_output_fronthera_008/stages/block_b/provider/B5/attempt_02/provider_response_raw.json
815	DealTech/local_cases/fronthera_2021/run_output_fronthera_008/stages/block_b/provider/B5/attempt_02/provider_trace.json
3	DealTech/local_cases/fronthera_2021/run_output_fronthera_008/stages/block_b/provider/B5/attempt_02/rejected_objects.json
3	DealTech/local_cases/fronthera_2021/run_output_fronthera_008/stages/block_b/provider/B5/attempt_02/returned_citations.json
3	DealTech/local_cases/fronthera_2021/run_output_fronthera_008/stages/block_b/provider/B5/attempt_02/search_queries.json
3	DealTech/local_cases/fronthera_2021/run_output_fronthera_008/stages/block_b/provider/B5/attempt_02/tool_calls.json
748	DealTech/local_cases/fronthera_2021/run_output_fronthera_008/stages/block_b/provider/B5/attempt_02/validation_result.json
1478	DealTech/local_cases/fronthera_2021/run_output_fronthera_008/stages/block_b/run_summary.json
719	DealTech/local_cases/fronthera_2021/run_output_fronthera_008/stages/block_c/00_input/attachment_manifest.json
236992	DealTech/local_cases/fronthera_2021/run_output_fronthera_008/stages/block_c/00_input/block_c_input_bundle.json
578	DealTech/local_cases/fronthera_2021/run_output_fronthera_008/stages/block_c/00_input/block_c_input_validation.json
4473	DealTech/local_cases/fronthera_2021/run_output_fronthera_008/stages/block_c/00_input/block_c_research_plan.json
255707	DealTech/local_cases/fronthera_2021/run_output_fronthera_008/stages/block_c/00_input/case.json
394	DealTech/local_cases/fronthera_2021/run_output_fronthera_008/stages/block_c/00_input/upstream_integrity_after.json
5452	DealTech/local_cases/fronthera_2021/run_output_fronthera_008/stages/block_c/01_research/assumptions.json
16530	DealTech/local_cases/fronthera_2021/run_output_fronthera_008/stages/block_c/01_research/claims.json
5754	DealTech/local_cases/fronthera_2021/run_output_fronthera_008/stages/block_c/01_research/counterevidence.json
16664	DealTech/local_cases/fronthera_2021/run_output_fronthera_008/stages/block_c/01_research/evidence.json
11234	DealTech/local_cases/fronthera_2021/run_output_fronthera_008/stages/block_c/01_research/source_registry.json
5878	DealTech/local_cases/fronthera_2021/run_output_fronthera_008/stages/block_c/01_research/unknowns.json
6137	DealTech/local_cases/fronthera_2021/run_output_fronthera_008/stages/block_c/02_modules/c1_executions.json
2867	DealTech/local_cases/fronthera_2021/run_output_fronthera_008/stages/block_c/02_modules/c2_executions.json
2997	DealTech/local_cases/fronthera_2021/run_output_fronthera_008/stages/block_c/02_modules/c3_executions.json
6085	DealTech/local_cases/fronthera_2021/run_output_fronthera_008/stages/block_c/02_modules/c4_executions.json
5773	DealTech/local_cases/fronthera_2021/run_output_fronthera_008/stages/block_c/02_modules/c5_executions.json
23847	DealTech/local_cases/fronthera_2021/run_output_fronthera_008/stages/block_c/02_modules/module_executions.json
9082	DealTech/local_cases/fronthera_2021/run_output_fronthera_008/stages/block_c/03_risk_records/diligence_finding_history.json
2667	DealTech/local_cases/fronthera_2021/run_output_fronthera_008/stages/block_c/03_risk_records/downside_scenario_history.json
1397	DealTech/local_cases/fronthera_2021/run_output_fronthera_008/stages/block_c/03_risk_records/integration_risk_history.json
6104	DealTech/local_cases/fronthera_2021/run_output_fronthera_008/stages/block_c/03_risk_records/latest_diligence_findings.json
2667	DealTech/local_cases/fronthera_2021/run_output_fronthera_008/stages/block_c/03_risk_records/latest_downside_scenarios.json
1397	DealTech/local_cases/fronthera_2021/run_output_fronthera_008/stages/block_c/03_risk_records/latest_integration_risks.json
977	DealTech/local_cases/fronthera_2021/run_output_fronthera_008/stages/block_c/03_risk_records/latest_regulatory_risks.json
977	DealTech/local_cases/fronthera_2021/run_output_fronthera_008/stages/block_c/03_risk_records/regulatory_risk_history.json
365	DealTech/local_cases/fronthera_2021/run_output_fronthera_008/stages/block_c/04_controls/certification_adapter_boundary.json
160	DealTech/local_cases/fronthera_2021/run_output_fronthera_008/stages/block_c/04_controls/control_execution_order.json
5275	DealTech/local_cases/fronthera_2021/run_output_fronthera_008/stages/block_c/04_controls/er_brb_results.json
2638	DealTech/local_cases/fronthera_2021/run_output_fronthera_008/stages/block_c/04_controls/human_review_items.json
16369	DealTech/local_cases/fronthera_2021/run_output_fronthera_008/stages/block_c/04_controls/pce_prechecks.json
9416	DealTech/local_cases/fronthera_2021/run_output_fronthera_008/stages/block_c/04_controls/pce_results.json
4559	DealTech/local_cases/fronthera_2021/run_output_fronthera_008/stages/block_c/05_gate_c/decision_state.json
43601	DealTech/local_cases/fronthera_2021/run_output_fronthera_008/stages/block_c/05_gate_c/gate_c_history.json
21452	DealTech/local_cases/fronthera_2021/run_output_fronthera_008/stages/block_c/05_gate_c/gate_c_result.json
795	DealTech/local_cases/fronthera_2021/run_output_fronthera_008/stages/block_c/09_loop/iteration_records.json
356	DealTech/local_cases/fronthera_2021/run_output_fronthera_008/stages/block_c/09_loop/memory_state.json
1681	DealTech/local_cases/fronthera_2021/run_output_fronthera_008/stages/block_c/09_loop/research_gap_history.json
2209	DealTech/local_cases/fronthera_2021/run_output_fronthera_008/stages/block_c/09_loop/unified_loop_events.json
2638	DealTech/local_cases/fronthera_2021/run_output_fronthera_008/stages/block_c/human_review/human_review_items.json
3	DealTech/local_cases/fronthera_2021/run_output_fronthera_008/stages/block_c/human_review/human_review_responses.json
646	DealTech/local_cases/fronthera_2021/run_output_fronthera_008/stages/block_c/human_review/response_template.json
3	DealTech/local_cases/fronthera_2021/run_output_fronthera_008/stages/block_c/human_review/response_validation_results.json
4994	DealTech/local_cases/fronthera_2021/run_output_fronthera_008/stages/block_c/human_review/review_item_history.json
5871	DealTech/local_cases/fronthera_2021/run_output_fronthera_008/stages/block_c/provider/C1/attempt_01/admitted_objects.json
9508	DealTech/local_cases/fronthera_2021/run_output_fronthera_008/stages/block_c/provider/C1/attempt_01/provider_request.json
11167	DealTech/local_cases/fronthera_2021/run_output_fronthera_008/stages/block_c/provider/C1/attempt_01/provider_response_raw.json
998	DealTech/local_cases/fronthera_2021/run_output_fronthera_008/stages/block_c/provider/C1/attempt_01/provider_trace.json
3	DealTech/local_cases/fronthera_2021/run_output_fronthera_008/stages/block_c/provider/C1/attempt_01/rejected_objects.json
3	DealTech/local_cases/fronthera_2021/run_output_fronthera_008/stages/block_c/provider/C1/attempt_01/returned_citations.json
50	DealTech/local_cases/fronthera_2021/run_output_fronthera_008/stages/block_c/provider/C1/attempt_01/search_queries.json
74	DealTech/local_cases/fronthera_2021/run_output_fronthera_008/stages/block_c/provider/C1/attempt_01/tool_calls.json
839	DealTech/local_cases/fronthera_2021/run_output_fronthera_008/stages/block_c/provider/C1/attempt_01/validation_result.json
3642	DealTech/local_cases/fronthera_2021/run_output_fronthera_008/stages/block_c/provider/C1/attempt_02/admitted_objects.json
17424	DealTech/local_cases/fronthera_2021/run_output_fronthera_008/stages/block_c/provider/C1/attempt_02/provider_request.json
13491	DealTech/local_cases/fronthera_2021/run_output_fronthera_008/stages/block_c/provider/C1/attempt_02/provider_response_raw.json
1197	DealTech/local_cases/fronthera_2021/run_output_fronthera_008/stages/block_c/provider/C1/attempt_02/provider_trace.json
245	DealTech/local_cases/fronthera_2021/run_output_fronthera_008/stages/block_c/provider/C1/attempt_02/rejected_objects.json
3	DealTech/local_cases/fronthera_2021/run_output_fronthera_008/stages/block_c/provider/C1/attempt_02/returned_citations.json
50	DealTech/local_cases/fronthera_2021/run_output_fronthera_008/stages/block_c/provider/C1/attempt_02/search_queries.json
74	DealTech/local_cases/fronthera_2021/run_output_fronthera_008/stages/block_c/provider/C1/attempt_02/tool_calls.json
783	DealTech/local_cases/fronthera_2021/run_output_fronthera_008/stages/block_c/provider/C1/attempt_02/validation_result.json
4054	DealTech/local_cases/fronthera_2021/run_output_fronthera_008/stages/block_c/provider/C2/attempt_01/admitted_objects.json
9652	DealTech/local_cases/fronthera_2021/run_output_fronthera_008/stages/block_c/provider/C2/attempt_01/provider_request.json
6942	DealTech/local_cases/fronthera_2021/run_output_fronthera_008/stages/block_c/provider/C2/attempt_01/provider_response_raw.json
944	DealTech/local_cases/fronthera_2021/run_output_fronthera_008/stages/block_c/provider/C2/attempt_01/provider_trace.json
3	DealTech/local_cases/fronthera_2021/run_output_fronthera_008/stages/block_c/provider/C2/attempt_01/rejected_objects.json
3	DealTech/local_cases/fronthera_2021/run_output_fronthera_008/stages/block_c/provider/C2/attempt_01/returned_citations.json
50	DealTech/local_cases/fronthera_2021/run_output_fronthera_008/stages/block_c/provider/C2/attempt_01/search_queries.json
74	DealTech/local_cases/fronthera_2021/run_output_fronthera_008/stages/block_c/provider/C2/attempt_01/tool_calls.json
785	DealTech/local_cases/fronthera_2021/run_output_fronthera_008/stages/block_c/provider/C2/attempt_01/validation_result.json
4154	DealTech/local_cases/fronthera_2021/run_output_fronthera_008/stages/block_c/provider/C3/attempt_01/admitted_objects.json
10465	DealTech/local_cases/fronthera_2021/run_output_fronthera_008/stages/block_c/provider/C3/attempt_01/provider_request.json
7589	DealTech/local_cases/fronthera_2021/run_output_fronthera_008/stages/block_c/provider/C3/attempt_01/provider_response_raw.json
966	DealTech/local_cases/fronthera_2021/run_output_fronthera_008/stages/block_c/provider/C3/attempt_01/provider_trace.json
3	DealTech/local_cases/fronthera_2021/run_output_fronthera_008/stages/block_c/provider/C3/attempt_01/rejected_objects.json
3	DealTech/local_cases/fronthera_2021/run_output_fronthera_008/stages/block_c/provider/C3/attempt_01/returned_citations.json
72	DealTech/local_cases/fronthera_2021/run_output_fronthera_008/stages/block_c/provider/C3/attempt_01/search_queries.json
74	DealTech/local_cases/fronthera_2021/run_output_fronthera_008/stages/block_c/provider/C3/attempt_01/tool_calls.json
785	DealTech/local_cases/fronthera_2021/run_output_fronthera_008/stages/block_c/provider/C3/attempt_01/validation_result.json
4219	DealTech/local_cases/fronthera_2021/run_output_fronthera_008/stages/block_c/provider/C4/attempt_01/admitted_objects.json
12741	DealTech/local_cases/fronthera_2021/run_output_fronthera_008/stages/block_c/provider/C4/attempt_01/provider_request.json
7611	DealTech/local_cases/fronthera_2021/run_output_fronthera_008/stages/block_c/provider/C4/attempt_01/provider_response_raw.json
946	DealTech/local_cases/fronthera_2021/run_output_fronthera_008/stages/block_c/provider/C4/attempt_01/provider_trace.json
3	DealTech/local_cases/fronthera_2021/run_output_fronthera_008/stages/block_c/provider/C4/attempt_01/rejected_objects.json
3	DealTech/local_cases/fronthera_2021/run_output_fronthera_008/stages/block_c/provider/C4/attempt_01/returned_citations.json
60	DealTech/local_cases/fronthera_2021/run_output_fronthera_008/stages/block_c/provider/C4/attempt_01/search_queries.json
66	DealTech/local_cases/fronthera_2021/run_output_fronthera_008/stages/block_c/provider/C4/attempt_01/tool_calls.json
785	DealTech/local_cases/fronthera_2021/run_output_fronthera_008/stages/block_c/provider/C4/attempt_01/validation_result.json
3192	DealTech/local_cases/fronthera_2021/run_output_fronthera_008/stages/block_c/provider/C4/attempt_02/admitted_objects.json
17985	DealTech/local_cases/fronthera_2021/run_output_fronthera_008/stages/block_c/provider/C4/attempt_02/provider_request.json
7609	DealTech/local_cases/fronthera_2021/run_output_fronthera_008/stages/block_c/provider/C4/attempt_02/provider_response_raw.json
1170	DealTech/local_cases/fronthera_2021/run_output_fronthera_008/stages/block_c/provider/C4/attempt_02/provider_trace.json
245	DealTech/local_cases/fronthera_2021/run_output_fronthera_008/stages/block_c/provider/C4/attempt_02/rejected_objects.json
3	DealTech/local_cases/fronthera_2021/run_output_fronthera_008/stages/block_c/provider/C4/attempt_02/returned_citations.json
60	DealTech/local_cases/fronthera_2021/run_output_fronthera_008/stages/block_c/provider/C4/attempt_02/search_queries.json
66	DealTech/local_cases/fronthera_2021/run_output_fronthera_008/stages/block_c/provider/C4/attempt_02/tool_calls.json
754	DealTech/local_cases/fronthera_2021/run_output_fronthera_008/stages/block_c/provider/C4/attempt_02/validation_result.json
4157	DealTech/local_cases/fronthera_2021/run_output_fronthera_008/stages/block_c/provider/C5/attempt_01/admitted_objects.json
14137	DealTech/local_cases/fronthera_2021/run_output_fronthera_008/stages/block_c/provider/C5/attempt_01/provider_request.json
6324	DealTech/local_cases/fronthera_2021/run_output_fronthera_008/stages/block_c/provider/C5/attempt_01/provider_response_raw.json
895	DealTech/local_cases/fronthera_2021/run_output_fronthera_008/stages/block_c/provider/C5/attempt_01/provider_trace.json
3	DealTech/local_cases/fronthera_2021/run_output_fronthera_008/stages/block_c/provider/C5/attempt_01/rejected_objects.json
3	DealTech/local_cases/fronthera_2021/run_output_fronthera_008/stages/block_c/provider/C5/attempt_01/returned_citations.json
3	DealTech/local_cases/fronthera_2021/run_output_fronthera_008/stages/block_c/provider/C5/attempt_01/search_queries.json
76	DealTech/local_cases/fronthera_2021/run_output_fronthera_008/stages/block_c/provider/C5/attempt_01/tool_calls.json
785	DealTech/local_cases/fronthera_2021/run_output_fronthera_008/stages/block_c/provider/C5/attempt_01/validation_result.json
3111	DealTech/local_cases/fronthera_2021/run_output_fronthera_008/stages/block_c/provider/C5/attempt_02/admitted_objects.json
19936	DealTech/local_cases/fronthera_2021/run_output_fronthera_008/stages/block_c/provider/C5/attempt_02/provider_request.json
6392	DealTech/local_cases/fronthera_2021/run_output_fronthera_008/stages/block_c/provider/C5/attempt_02/provider_response_raw.json
1119	DealTech/local_cases/fronthera_2021/run_output_fronthera_008/stages/block_c/provider/C5/attempt_02/provider_trace.json
245	DealTech/local_cases/fronthera_2021/run_output_fronthera_008/stages/block_c/provider/C5/attempt_02/rejected_objects.json
3	DealTech/local_cases/fronthera_2021/run_output_fronthera_008/stages/block_c/provider/C5/attempt_02/returned_citations.json
3	DealTech/local_cases/fronthera_2021/run_output_fronthera_008/stages/block_c/provider/C5/attempt_02/search_queries.json
76	DealTech/local_cases/fronthera_2021/run_output_fronthera_008/stages/block_c/provider/C5/attempt_02/tool_calls.json
754	DealTech/local_cases/fronthera_2021/run_output_fronthera_008/stages/block_c/provider/C5/attempt_02/validation_result.json
10338	DealTech/local_cases/fronthera_2021/run_output_fronthera_008/stages/block_c/reporting/calculation_appendix.md
11581	DealTech/local_cases/fronthera_2021/run_output_fronthera_008/stages/block_c/reporting/evidence_appendix.md
4269	DealTech/local_cases/fronthera_2021/run_output_fronthera_008/stages/block_c/reporting/executive_decision_summary.md
68129	DealTech/local_cases/fronthera_2021/run_output_fronthera_008/stages/block_c/reporting/final_acquisition_strategy_report.md
801	DealTech/local_cases/fronthera_2021/run_output_fronthera_008/stages/block_c/reporting/final_delivery_certificate.json
1894	DealTech/local_cases/fronthera_2021/run_output_fronthera_008/stages/block_c/reporting/final_delivery_verification.json
8504	DealTech/local_cases/fronthera_2021/run_output_fronthera_008/stages/block_c/reporting/human_review_pack.md
46420	DealTech/local_cases/fronthera_2021/run_output_fronthera_008/stages/block_c/reporting/report_manifest.json
950	DealTech/local_cases/fronthera_2021/run_output_fronthera_008/stages/block_c/run_summary.json
4407	DealTech/local_cases/fronthera_2021/run_output_fronthera_008/stages/block_c/state/final_terminal_state.json
4551	DealTech/local_cases/fronthera_2021/run_output_fronthera_008/stages/block_c/state/terminal_state_history.json
423	DealTech/local_cases/fronthera_2021/run_output_fronthera_009/cross_block_consistency_result.json
4524	DealTech/local_cases/fronthera_2021/run_output_fronthera_009/decision_state.json
68163	DealTech/local_cases/fronthera_2021/run_output_fronthera_009/final_acquisition_strategy_report.md
1838	DealTech/local_cases/fronthera_2021/run_output_fronthera_009/final_delivery_verification.json
38824	DealTech/local_cases/fronthera_2021/run_output_fronthera_009/gate_a_result.json
15124	DealTech/local_cases/fronthera_2021/run_output_fronthera_009/gate_b_result.json
21430	DealTech/local_cases/fronthera_2021/run_output_fronthera_009/gate_c_result.json
1058	DealTech/local_cases/fronthera_2021/run_output_fronthera_009/pipeline_cases/block_a/attachments/target_capability_brief.md
5505	DealTech/local_cases/fronthera_2021/run_output_fronthera_009/pipeline_cases/block_a/case.json
89938	DealTech/local_cases/fronthera_2021/run_output_fronthera_009/pipeline_cases/block_a/recordings/responses.json
4135	DealTech/local_cases/fronthera_2021/run_output_fronthera_009/pipeline_cases/block_b/attachments/target_financials.xlsx
126605	DealTech/local_cases/fronthera_2021/run_output_fronthera_009/pipeline_cases/block_b/case.json
129529	DealTech/local_cases/fronthera_2021/run_output_fronthera_009/pipeline_cases/block_b/recordings/responses.json
447	DealTech/local_cases/fronthera_2021/run_output_fronthera_009/pipeline_cases/block_c/attachments/management_representation.md
255707	DealTech/local_cases/fronthera_2021/run_output_fronthera_009/pipeline_cases/block_c/case.json
78117	DealTech/local_cases/fronthera_2021/run_output_fronthera_009/pipeline_cases/block_c/recordings/responses.json
68710	DealTech/local_cases/fronthera_2021/run_output_fronthera_009/run_manifest.json
872	DealTech/local_cases/fronthera_2021/run_output_fronthera_009/run_summary.json
8578	DealTech/local_cases/fronthera_2021/run_output_fronthera_009/stages/block_a/gate_a/criterion_results.json
38824	DealTech/local_cases/fronthera_2021/run_output_fronthera_009/stages/block_a/gate_a/gate_a_result.json
287	DealTech/local_cases/fronthera_2021/run_output_fronthera_009/stages/block_a/loop/controller_decisions.json
597	DealTech/local_cases/fronthera_2021/run_output_fronthera_009/stages/block_a/loop/dependency_invalidations.json
514	DealTech/local_cases/fronthera_2021/run_output_fronthera_009/stages/block_a/loop/gaps.json
682	DealTech/local_cases/fronthera_2021/run_output_fronthera_009/stages/block_a/loop/iteration_records.json
221	DealTech/local_cases/fronthera_2021/run_output_fronthera_009/stages/block_a/loop/loop_state.json
519	DealTech/local_cases/fronthera_2021/run_output_fronthera_009/stages/block_a/loop/replans.json
9073	DealTech/local_cases/fronthera_2021/run_output_fronthera_009/stages/block_a/loop/research_attempts.json
6204	DealTech/local_cases/fronthera_2021/run_output_fronthera_009/stages/block_a/modules/a1_transaction_context.json
6222	DealTech/local_cases/fronthera_2021/run_output_fronthera_009/stages/block_a/modules/a2_buyer_strategic_need.json
9556	DealTech/local_cases/fronthera_2021/run_output_fronthera_009/stages/block_a/modules/a3_strategic_rationale.json
6436	DealTech/local_cases/fronthera_2021/run_output_fronthera_009/stages/block_a/modules/a4_target_attractiveness.json
6992	DealTech/local_cases/fronthera_2021/run_output_fronthera_009/stages/block_a/modules/a5_target_capability_business_quality.json
10384	DealTech/local_cases/fronthera_2021/run_output_fronthera_009/stages/block_a/modules/a6_industry_competitive_position.json
10084	DealTech/local_cases/fronthera_2021/run_output_fronthera_009/stages/block_a/modules/a7_strategic_fit.json
6715	DealTech/local_cases/fronthera_2021/run_output_fronthera_009/stages/block_a/planning/block_a_research_plan.json
279	DealTech/local_cases/fronthera_2021/run_output_fronthera_009/stages/block_a/planning/dependency_graph.json
487	DealTech/local_cases/fronthera_2021/run_output_fronthera_009/stages/block_a/planning/prompt_manifest.json
985	DealTech/local_cases/fronthera_2021/run_output_fronthera_009/stages/block_a/planning/research_questions.json
4665	DealTech/local_cases/fronthera_2021/run_output_fronthera_009/stages/block_a/provider/A1/attempt_01/admitted_objects.json
6069	DealTech/local_cases/fronthera_2021/run_output_fronthera_009/stages/block_a/provider/A1/attempt_01/provider_request.json
7209	DealTech/local_cases/fronthera_2021/run_output_fronthera_009/stages/block_a/provider/A1/attempt_01/provider_response_raw.json
1160	DealTech/local_cases/fronthera_2021/run_output_fronthera_009/stages/block_a/provider/A1/attempt_01/provider_trace.json
3	DealTech/local_cases/fronthera_2021/run_output_fronthera_009/stages/block_a/provider/A1/attempt_01/rejected_objects.json
224	DealTech/local_cases/fronthera_2021/run_output_fronthera_009/stages/block_a/provider/A1/attempt_01/returned_citations.json
131	DealTech/local_cases/fronthera_2021/run_output_fronthera_009/stages/block_a/provider/A1/attempt_01/search_queries.json
3	DealTech/local_cases/fronthera_2021/run_output_fronthera_009/stages/block_a/provider/A1/attempt_01/tool_calls.json
772	DealTech/local_cases/fronthera_2021/run_output_fronthera_009/stages/block_a/provider/A1/attempt_01/validation_result.json
4279	DealTech/local_cases/fronthera_2021/run_output_fronthera_009/stages/block_a/provider/A2/attempt_01/admitted_objects.json
11461	DealTech/local_cases/fronthera_2021/run_output_fronthera_009/stages/block_a/provider/A2/attempt_01/provider_request.json
6784	DealTech/local_cases/fronthera_2021/run_output_fronthera_009/stages/block_a/provider/A2/attempt_01/provider_response_raw.json
1135	DealTech/local_cases/fronthera_2021/run_output_fronthera_009/stages/block_a/provider/A2/attempt_01/provider_trace.json
3	DealTech/local_cases/fronthera_2021/run_output_fronthera_009/stages/block_a/provider/A2/attempt_01/rejected_objects.json
219	DealTech/local_cases/fronthera_2021/run_output_fronthera_009/stages/block_a/provider/A2/attempt_01/returned_citations.json
131	DealTech/local_cases/fronthera_2021/run_output_fronthera_009/stages/block_a/provider/A2/attempt_01/search_queries.json
3	DealTech/local_cases/fronthera_2021/run_output_fronthera_009/stages/block_a/provider/A2/attempt_01/tool_calls.json
752	DealTech/local_cases/fronthera_2021/run_output_fronthera_009/stages/block_a/provider/A2/attempt_01/validation_result.json
4942	DealTech/local_cases/fronthera_2021/run_output_fronthera_009/stages/block_a/provider/A3/attempt_01/admitted_objects.json
33091	DealTech/local_cases/fronthera_2021/run_output_fronthera_009/stages/block_a/provider/A3/attempt_01/provider_request.json
7674	DealTech/local_cases/fronthera_2021/run_output_fronthera_009/stages/block_a/provider/A3/attempt_01/provider_response_raw.json
1167	DealTech/local_cases/fronthera_2021/run_output_fronthera_009/stages/block_a/provider/A3/attempt_01/provider_trace.json
3	DealTech/local_cases/fronthera_2021/run_output_fronthera_009/stages/block_a/provider/A3/attempt_01/rejected_objects.json
234	DealTech/local_cases/fronthera_2021/run_output_fronthera_009/stages/block_a/provider/A3/attempt_01/returned_citations.json
131	DealTech/local_cases/fronthera_2021/run_output_fronthera_009/stages/block_a/provider/A3/attempt_01/search_queries.json
3	DealTech/local_cases/fronthera_2021/run_output_fronthera_009/stages/block_a/provider/A3/attempt_01/tool_calls.json
769	DealTech/local_cases/fronthera_2021/run_output_fronthera_009/stages/block_a/provider/A3/attempt_01/validation_result.json
3244	DealTech/local_cases/fronthera_2021/run_output_fronthera_009/stages/block_a/provider/A3/attempt_02/admitted_objects.json
44554	DealTech/local_cases/fronthera_2021/run_output_fronthera_009/stages/block_a/provider/A3/attempt_02/provider_request.json
6733	DealTech/local_cases/fronthera_2021/run_output_fronthera_009/stages/block_a/provider/A3/attempt_02/provider_response_raw.json
1274	DealTech/local_cases/fronthera_2021/run_output_fronthera_009/stages/block_a/provider/A3/attempt_02/provider_trace.json
242	DealTech/local_cases/fronthera_2021/run_output_fronthera_009/stages/block_a/provider/A3/attempt_02/rejected_objects.json
195	DealTech/local_cases/fronthera_2021/run_output_fronthera_009/stages/block_a/provider/A3/attempt_02/returned_citations.json
55	DealTech/local_cases/fronthera_2021/run_output_fronthera_009/stages/block_a/provider/A3/attempt_02/search_queries.json
3	DealTech/local_cases/fronthera_2021/run_output_fronthera_009/stages/block_a/provider/A3/attempt_02/tool_calls.json
742	DealTech/local_cases/fronthera_2021/run_output_fronthera_009/stages/block_a/provider/A3/attempt_02/validation_result.json
4264	DealTech/local_cases/fronthera_2021/run_output_fronthera_009/stages/block_a/provider/A4/attempt_01/admitted_objects.json
16891	DealTech/local_cases/fronthera_2021/run_output_fronthera_009/stages/block_a/provider/A4/attempt_01/provider_request.json
6832	DealTech/local_cases/fronthera_2021/run_output_fronthera_009/stages/block_a/provider/A4/attempt_01/provider_response_raw.json
1092	DealTech/local_cases/fronthera_2021/run_output_fronthera_009/stages/block_a/provider/A4/attempt_01/provider_trace.json
3	DealTech/local_cases/fronthera_2021/run_output_fronthera_009/stages/block_a/provider/A4/attempt_01/rejected_objects.json
176	DealTech/local_cases/fronthera_2021/run_output_fronthera_009/stages/block_a/provider/A4/attempt_01/returned_citations.json
131	DealTech/local_cases/fronthera_2021/run_output_fronthera_009/stages/block_a/provider/A4/attempt_01/search_queries.json
3	DealTech/local_cases/fronthera_2021/run_output_fronthera_009/stages/block_a/provider/A4/attempt_01/tool_calls.json
752	DealTech/local_cases/fronthera_2021/run_output_fronthera_009/stages/block_a/provider/A4/attempt_01/validation_result.json
6181	DealTech/local_cases/fronthera_2021/run_output_fronthera_009/stages/block_a/provider/A5/attempt_01/admitted_objects.json
17803	DealTech/local_cases/fronthera_2021/run_output_fronthera_009/stages/block_a/provider/A5/attempt_01/provider_request.json
8976	DealTech/local_cases/fronthera_2021/run_output_fronthera_009/stages/block_a/provider/A5/attempt_01/provider_response_raw.json
1227	DealTech/local_cases/fronthera_2021/run_output_fronthera_009/stages/block_a/provider/A5/attempt_01/provider_trace.json
3	DealTech/local_cases/fronthera_2021/run_output_fronthera_009/stages/block_a/provider/A5/attempt_01/rejected_objects.json
221	DealTech/local_cases/fronthera_2021/run_output_fronthera_009/stages/block_a/provider/A5/attempt_01/returned_citations.json
131	DealTech/local_cases/fronthera_2021/run_output_fronthera_009/stages/block_a/provider/A5/attempt_01/search_queries.json
3	DealTech/local_cases/fronthera_2021/run_output_fronthera_009/stages/block_a/provider/A5/attempt_01/tool_calls.json
815	DealTech/local_cases/fronthera_2021/run_output_fronthera_009/stages/block_a/provider/A5/attempt_01/validation_result.json
4291	DealTech/local_cases/fronthera_2021/run_output_fronthera_009/stages/block_a/provider/A6/attempt_01/admitted_objects.json
23107	DealTech/local_cases/fronthera_2021/run_output_fronthera_009/stages/block_a/provider/A6/attempt_01/provider_request.json
7549	DealTech/local_cases/fronthera_2021/run_output_fronthera_009/stages/block_a/provider/A6/attempt_01/provider_response_raw.json
1090	DealTech/local_cases/fronthera_2021/run_output_fronthera_009/stages/block_a/provider/A6/attempt_01/provider_trace.json
3	DealTech/local_cases/fronthera_2021/run_output_fronthera_009/stages/block_a/provider/A6/attempt_01/rejected_objects.json
179	DealTech/local_cases/fronthera_2021/run_output_fronthera_009/stages/block_a/provider/A6/attempt_01/returned_citations.json
131	DealTech/local_cases/fronthera_2021/run_output_fronthera_009/stages/block_a/provider/A6/attempt_01/search_queries.json
3	DealTech/local_cases/fronthera_2021/run_output_fronthera_009/stages/block_a/provider/A6/attempt_01/tool_calls.json
747	DealTech/local_cases/fronthera_2021/run_output_fronthera_009/stages/block_a/provider/A6/attempt_01/validation_result.json
5566	DealTech/local_cases/fronthera_2021/run_output_fronthera_009/stages/block_a/provider/A6/attempt_02/admitted_objects.json
30710	DealTech/local_cases/fronthera_2021/run_output_fronthera_009/stages/block_a/provider/A6/attempt_02/provider_request.json
9115	DealTech/local_cases/fronthera_2021/run_output_fronthera_009/stages/block_a/provider/A6/attempt_02/provider_response_raw.json
1322	DealTech/local_cases/fronthera_2021/run_output_fronthera_009/stages/block_a/provider/A6/attempt_02/provider_trace.json
3	DealTech/local_cases/fronthera_2021/run_output_fronthera_009/stages/block_a/provider/A6/attempt_02/rejected_objects.json
377	DealTech/local_cases/fronthera_2021/run_output_fronthera_009/stages/block_a/provider/A6/attempt_02/returned_citations.json
131	DealTech/local_cases/fronthera_2021/run_output_fronthera_009/stages/block_a/provider/A6/attempt_02/search_queries.json
3	DealTech/local_cases/fronthera_2021/run_output_fronthera_009/stages/block_a/provider/A6/attempt_02/tool_calls.json
771	DealTech/local_cases/fronthera_2021/run_output_fronthera_009/stages/block_a/provider/A6/attempt_02/validation_result.json
4438	DealTech/local_cases/fronthera_2021/run_output_fronthera_009/stages/block_a/provider/A7/attempt_01/admitted_objects.json
33925	DealTech/local_cases/fronthera_2021/run_output_fronthera_009/stages/block_a/provider/A7/attempt_01/provider_request.json
7252	DealTech/local_cases/fronthera_2021/run_output_fronthera_009/stages/block_a/provider/A7/attempt_01/provider_response_raw.json
1151	DealTech/local_cases/fronthera_2021/run_output_fronthera_009/stages/block_a/provider/A7/attempt_01/provider_trace.json
3	DealTech/local_cases/fronthera_2021/run_output_fronthera_009/stages/block_a/provider/A7/attempt_01/rejected_objects.json
241	DealTech/local_cases/fronthera_2021/run_output_fronthera_009/stages/block_a/provider/A7/attempt_01/returned_citations.json
131	DealTech/local_cases/fronthera_2021/run_output_fronthera_009/stages/block_a/provider/A7/attempt_01/search_queries.json
3	DealTech/local_cases/fronthera_2021/run_output_fronthera_009/stages/block_a/provider/A7/attempt_01/tool_calls.json
746	DealTech/local_cases/fronthera_2021/run_output_fronthera_009/stages/block_a/provider/A7/attempt_01/validation_result.json
2883	DealTech/local_cases/fronthera_2021/run_output_fronthera_009/stages/block_a/provider/A7/attempt_02/admitted_objects.json
48541	DealTech/local_cases/fronthera_2021/run_output_fronthera_009/stages/block_a/provider/A7/attempt_02/provider_request.json
6615	DealTech/local_cases/fronthera_2021/run_output_fronthera_009/stages/block_a/provider/A7/attempt_02/provider_response_raw.json
1245	DealTech/local_cases/fronthera_2021/run_output_fronthera_009/stages/block_a/provider/A7/attempt_02/provider_trace.json
242	DealTech/local_cases/fronthera_2021/run_output_fronthera_009/stages/block_a/provider/A7/attempt_02/rejected_objects.json
195	DealTech/local_cases/fronthera_2021/run_output_fronthera_009/stages/block_a/provider/A7/attempt_02/returned_citations.json
49	DealTech/local_cases/fronthera_2021/run_output_fronthera_009/stages/block_a/provider/A7/attempt_02/search_queries.json
3	DealTech/local_cases/fronthera_2021/run_output_fronthera_009/stages/block_a/provider/A7/attempt_02/tool_calls.json
719	DealTech/local_cases/fronthera_2021/run_output_fronthera_009/stages/block_a/provider/A7/attempt_02/validation_result.json
715	DealTech/local_cases/fronthera_2021/run_output_fronthera_009/stages/block_a/provider/attachment_manifest.json
1570	DealTech/local_cases/fronthera_2021/run_output_fronthera_009/stages/block_a/research/assumptions.json
10312	DealTech/local_cases/fronthera_2021/run_output_fronthera_009/stages/block_a/research/claim_dependencies.json
22847	DealTech/local_cases/fronthera_2021/run_output_fronthera_009/stages/block_a/research/claims.json
1362	DealTech/local_cases/fronthera_2021/run_output_fronthera_009/stages/block_a/research/conflicts.json
7393	DealTech/local_cases/fronthera_2021/run_output_fronthera_009/stages/block_a/research/counterevidence.json
34946	DealTech/local_cases/fronthera_2021/run_output_fronthera_009/stages/block_a/research/evidence.json
21036	DealTech/local_cases/fronthera_2021/run_output_fronthera_009/stages/block_a/research/sources.json
1544	DealTech/local_cases/fronthera_2021/run_output_fronthera_009/stages/block_a/research/unknowns.json
571	DealTech/local_cases/fronthera_2021/run_output_fronthera_009/stages/block_a/run_summary.json
1119	DealTech/local_cases/fronthera_2021/run_output_fronthera_009/stages/block_a/state/final_terminal_state.json
1189	DealTech/local_cases/fronthera_2021/run_output_fronthera_009/stages/block_a/state/terminal_state_history.json
6698	DealTech/local_cases/fronthera_2021/run_output_fronthera_009/stages/block_a/verification/er_brb_results.json
860	DealTech/local_cases/fronthera_2021/run_output_fronthera_009/stages/block_a/verification/evidence_quality_results.json
11949	DealTech/local_cases/fronthera_2021/run_output_fronthera_009/stages/block_a/verification/pce_results.json
26936	DealTech/local_cases/fronthera_2021/run_output_fronthera_009/stages/block_b/00_input/admitted_gate_a_result.json
814	DealTech/local_cases/fronthera_2021/run_output_fronthera_009/stages/block_b/00_input/attachment_manifest.json
85439	DealTech/local_cases/fronthera_2021/run_output_fronthera_009/stages/block_b/00_input/block_b_input_bundle.json
3627	DealTech/local_cases/fronthera_2021/run_output_fronthera_009/stages/block_b/00_input/block_b_research_plan.json
1756	DealTech/local_cases/fronthera_2021/run_output_fronthera_009/stages/block_b/00_input/business_mandate.json
126605	DealTech/local_cases/fronthera_2021/run_output_fronthera_009/stages/block_b/00_input/case.json
1134	DealTech/local_cases/fronthera_2021/run_output_fronthera_009/stages/block_b/00_input/research_contract.json
2865	DealTech/local_cases/fronthera_2021/run_output_fronthera_009/stages/block_b/00_input/xlsx_extraction.json
4587	DealTech/local_cases/fronthera_2021/run_output_fronthera_009/stages/block_b/01_research/assumptions.json
16895	DealTech/local_cases/fronthera_2021/run_output_fronthera_009/stages/block_b/01_research/claims.json
4565	DealTech/local_cases/fronthera_2021/run_output_fronthera_009/stages/block_b/01_research/counterevidence.json
3	DealTech/local_cases/fronthera_2021/run_output_fronthera_009/stages/block_b/01_research/duplicate_source_rejections.json
31477	DealTech/local_cases/fronthera_2021/run_output_fronthera_009/stages/block_b/01_research/evidence.json
21469	DealTech/local_cases/fronthera_2021/run_output_fronthera_009/stages/block_b/01_research/source_registry.json
1344	DealTech/local_cases/fronthera_2021/run_output_fronthera_009/stages/block_b/01_research/unknowns.json
3453	DealTech/local_cases/fronthera_2021/run_output_fronthera_009/stages/block_b/02_modules/b1_executions.json
3064	DealTech/local_cases/fronthera_2021/run_output_fronthera_009/stages/block_b/02_modules/b2_executions.json
6016	DealTech/local_cases/fronthera_2021/run_output_fronthera_009/stages/block_b/02_modules/b3_executions.json
3232	DealTech/local_cases/fronthera_2021/run_output_fronthera_009/stages/block_b/02_modules/b4_executions.json
5848	DealTech/local_cases/fronthera_2021/run_output_fronthera_009/stages/block_b/02_modules/b5_executions.json
21601	DealTech/local_cases/fronthera_2021/run_output_fronthera_009/stages/block_b/02_modules/module_executions.json
39697	DealTech/local_cases/fronthera_2021/run_output_fronthera_009/stages/block_b/03_financial_data/financial_data_points.json
4828	DealTech/local_cases/fronthera_2021/run_output_fronthera_009/stages/block_b/03_financial_data/normalization_records.json
1892	DealTech/local_cases/fronthera_2021/run_output_fronthera_009/stages/block_b/03_financial_data/synergy_records.json
586	DealTech/local_cases/fronthera_2021/run_output_fronthera_009/stages/block_b/04_calculations/calculation_gap_history.json
11146	DealTech/local_cases/fronthera_2021/run_output_fronthera_009/stages/block_b/04_calculations/calculation_replays.json
48707	DealTech/local_cases/fronthera_2021/run_output_fronthera_009/stages/block_b/04_calculations/calculations.json
31880	DealTech/local_cases/fronthera_2021/run_output_fronthera_009/stages/block_b/04_calculations/latest_calculations.json
365	DealTech/local_cases/fronthera_2021/run_output_fronthera_009/stages/block_b/05_controls/certification_adapter_boundary.json
113	DealTech/local_cases/fronthera_2021/run_output_fronthera_009/stages/block_b/05_controls/control_execution_order.json
6166	DealTech/local_cases/fronthera_2021/run_output_fronthera_009/stages/block_b/05_controls/er_brb_results.json
1166	DealTech/local_cases/fronthera_2021/run_output_fronthera_009/stages/block_b/05_controls/human_review_items.json
14387	DealTech/local_cases/fronthera_2021/run_output_fronthera_009/stages/block_b/05_controls/pce_prechecks.json
8445	DealTech/local_cases/fronthera_2021/run_output_fronthera_009/stages/block_b/05_controls/pce_results.json
31689	DealTech/local_cases/fronthera_2021/run_output_fronthera_009/stages/block_b/06_gate_b/gate_b_history.json
15124	DealTech/local_cases/fronthera_2021/run_output_fronthera_009/stages/block_b/06_gate_b/gate_b_result.json
755	DealTech/local_cases/fronthera_2021/run_output_fronthera_009/stages/block_b/07_loop/iteration_records.json
1625	DealTech/local_cases/fronthera_2021/run_output_fronthera_009/stages/block_b/07_loop/loop_events.json
557	DealTech/local_cases/fronthera_2021/run_output_fronthera_009/stages/block_b/07_loop/terminal_state.json
8365	DealTech/local_cases/fronthera_2021/run_output_fronthera_009/stages/block_b/provider/B1/attempt_01/admitted_objects.json
9547	DealTech/local_cases/fronthera_2021/run_output_fronthera_009/stages/block_b/provider/B1/attempt_01/provider_request.json
31578	DealTech/local_cases/fronthera_2021/run_output_fronthera_009/stages/block_b/provider/B1/attempt_01/provider_response_raw.json
1032	DealTech/local_cases/fronthera_2021/run_output_fronthera_009/stages/block_b/provider/B1/attempt_01/provider_trace.json
3	DealTech/local_cases/fronthera_2021/run_output_fronthera_009/stages/block_b/provider/B1/attempt_01/rejected_objects.json
3	DealTech/local_cases/fronthera_2021/run_output_fronthera_009/stages/block_b/provider/B1/attempt_01/returned_citations.json
86	DealTech/local_cases/fronthera_2021/run_output_fronthera_009/stages/block_b/provider/B1/attempt_01/search_queries.json
3	DealTech/local_cases/fronthera_2021/run_output_fronthera_009/stages/block_b/provider/B1/attempt_01/tool_calls.json
874	DealTech/local_cases/fronthera_2021/run_output_fronthera_009/stages/block_b/provider/B1/attempt_01/validation_result.json
6106	DealTech/local_cases/fronthera_2021/run_output_fronthera_009/stages/block_b/provider/B2/attempt_01/admitted_objects.json
9574	DealTech/local_cases/fronthera_2021/run_output_fronthera_009/stages/block_b/provider/B2/attempt_01/provider_request.json
19259	DealTech/local_cases/fronthera_2021/run_output_fronthera_009/stages/block_b/provider/B2/attempt_01/provider_response_raw.json
868	DealTech/local_cases/fronthera_2021/run_output_fronthera_009/stages/block_b/provider/B2/attempt_01/provider_trace.json
3	DealTech/local_cases/fronthera_2021/run_output_fronthera_009/stages/block_b/provider/B2/attempt_01/rejected_objects.json
3	DealTech/local_cases/fronthera_2021/run_output_fronthera_009/stages/block_b/provider/B2/attempt_01/returned_citations.json
3	DealTech/local_cases/fronthera_2021/run_output_fronthera_009/stages/block_b/provider/B2/attempt_01/search_queries.json
3	DealTech/local_cases/fronthera_2021/run_output_fronthera_009/stages/block_b/provider/B2/attempt_01/tool_calls.json
799	DealTech/local_cases/fronthera_2021/run_output_fronthera_009/stages/block_b/provider/B2/attempt_01/validation_result.json
6806	DealTech/local_cases/fronthera_2021/run_output_fronthera_009/stages/block_b/provider/B3/attempt_01/admitted_objects.json
11883	DealTech/local_cases/fronthera_2021/run_output_fronthera_009/stages/block_b/provider/B3/attempt_01/provider_request.json
13892	DealTech/local_cases/fronthera_2021/run_output_fronthera_009/stages/block_b/provider/B3/attempt_01/provider_response_raw.json
931	DealTech/local_cases/fronthera_2021/run_output_fronthera_009/stages/block_b/provider/B3/attempt_01/provider_trace.json
3	DealTech/local_cases/fronthera_2021/run_output_fronthera_009/stages/block_b/provider/B3/attempt_01/rejected_objects.json
3	DealTech/local_cases/fronthera_2021/run_output_fronthera_009/stages/block_b/provider/B3/attempt_01/returned_citations.json
35	DealTech/local_cases/fronthera_2021/run_output_fronthera_009/stages/block_b/provider/B3/attempt_01/search_queries.json
3	DealTech/local_cases/fronthera_2021/run_output_fronthera_009/stages/block_b/provider/B3/attempt_01/tool_calls.json
826	DealTech/local_cases/fronthera_2021/run_output_fronthera_009/stages/block_b/provider/B3/attempt_01/validation_result.json
4173	DealTech/local_cases/fronthera_2021/run_output_fronthera_009/stages/block_b/provider/B3/attempt_02/admitted_objects.json
22125	DealTech/local_cases/fronthera_2021/run_output_fronthera_009/stages/block_b/provider/B3/attempt_02/provider_request.json
7161	DealTech/local_cases/fronthera_2021/run_output_fronthera_009/stages/block_b/provider/B3/attempt_02/provider_response_raw.json
893	DealTech/local_cases/fronthera_2021/run_output_fronthera_009/stages/block_b/provider/B3/attempt_02/provider_trace.json
3	DealTech/local_cases/fronthera_2021/run_output_fronthera_009/stages/block_b/provider/B3/attempt_02/rejected_objects.json
3	DealTech/local_cases/fronthera_2021/run_output_fronthera_009/stages/block_b/provider/B3/attempt_02/returned_citations.json
41	DealTech/local_cases/fronthera_2021/run_output_fronthera_009/stages/block_b/provider/B3/attempt_02/search_queries.json
3	DealTech/local_cases/fronthera_2021/run_output_fronthera_009/stages/block_b/provider/B3/attempt_02/tool_calls.json
783	DealTech/local_cases/fronthera_2021/run_output_fronthera_009/stages/block_b/provider/B3/attempt_02/validation_result.json
5176	DealTech/local_cases/fronthera_2021/run_output_fronthera_009/stages/block_b/provider/B4/attempt_01/admitted_objects.json
10964	DealTech/local_cases/fronthera_2021/run_output_fronthera_009/stages/block_b/provider/B4/attempt_01/provider_request.json
14183	DealTech/local_cases/fronthera_2021/run_output_fronthera_009/stages/block_b/provider/B4/attempt_01/provider_response_raw.json
868	DealTech/local_cases/fronthera_2021/run_output_fronthera_009/stages/block_b/provider/B4/attempt_01/provider_trace.json
3	DealTech/local_cases/fronthera_2021/run_output_fronthera_009/stages/block_b/provider/B4/attempt_01/rejected_objects.json
3	DealTech/local_cases/fronthera_2021/run_output_fronthera_009/stages/block_b/provider/B4/attempt_01/returned_citations.json
3	DealTech/local_cases/fronthera_2021/run_output_fronthera_009/stages/block_b/provider/B4/attempt_01/search_queries.json
3	DealTech/local_cases/fronthera_2021/run_output_fronthera_009/stages/block_b/provider/B4/attempt_01/tool_calls.json
799	DealTech/local_cases/fronthera_2021/run_output_fronthera_009/stages/block_b/provider/B4/attempt_01/validation_result.json
4734	DealTech/local_cases/fronthera_2021/run_output_fronthera_009/stages/block_b/provider/B5/attempt_01/admitted_objects.json
14521	DealTech/local_cases/fronthera_2021/run_output_fronthera_009/stages/block_b/provider/B5/attempt_01/provider_request.json
14741	DealTech/local_cases/fronthera_2021/run_output_fronthera_009/stages/block_b/provider/B5/attempt_01/provider_response_raw.json
837	DealTech/local_cases/fronthera_2021/run_output_fronthera_009/stages/block_b/provider/B5/attempt_01/provider_trace.json
3	DealTech/local_cases/fronthera_2021/run_output_fronthera_009/stages/block_b/provider/B5/attempt_01/rejected_objects.json
3	DealTech/local_cases/fronthera_2021/run_output_fronthera_009/stages/block_b/provider/B5/attempt_01/returned_citations.json
3	DealTech/local_cases/fronthera_2021/run_output_fronthera_009/stages/block_b/provider/B5/attempt_01/search_queries.json
3	DealTech/local_cases/fronthera_2021/run_output_fronthera_009/stages/block_b/provider/B5/attempt_01/tool_calls.json
768	DealTech/local_cases/fronthera_2021/run_output_fronthera_009/stages/block_b/provider/B5/attempt_01/validation_result.json
3730	DealTech/local_cases/fronthera_2021/run_output_fronthera_009/stages/block_b/provider/B5/attempt_02/admitted_objects.json
19622	DealTech/local_cases/fronthera_2021/run_output_fronthera_009/stages/block_b/provider/B5/attempt_02/provider_request.json
5736	DealTech/local_cases/fronthera_2021/run_output_fronthera_009/stages/block_b/provider/B5/attempt_02/provider_response_raw.json
815	DealTech/local_cases/fronthera_2021/run_output_fronthera_009/stages/block_b/provider/B5/attempt_02/provider_trace.json
3	DealTech/local_cases/fronthera_2021/run_output_fronthera_009/stages/block_b/provider/B5/attempt_02/rejected_objects.json
3	DealTech/local_cases/fronthera_2021/run_output_fronthera_009/stages/block_b/provider/B5/attempt_02/returned_citations.json
3	DealTech/local_cases/fronthera_2021/run_output_fronthera_009/stages/block_b/provider/B5/attempt_02/search_queries.json
3	DealTech/local_cases/fronthera_2021/run_output_fronthera_009/stages/block_b/provider/B5/attempt_02/tool_calls.json
748	DealTech/local_cases/fronthera_2021/run_output_fronthera_009/stages/block_b/provider/B5/attempt_02/validation_result.json
1478	DealTech/local_cases/fronthera_2021/run_output_fronthera_009/stages/block_b/run_summary.json
719	DealTech/local_cases/fronthera_2021/run_output_fronthera_009/stages/block_c/00_input/attachment_manifest.json
236992	DealTech/local_cases/fronthera_2021/run_output_fronthera_009/stages/block_c/00_input/block_c_input_bundle.json
578	DealTech/local_cases/fronthera_2021/run_output_fronthera_009/stages/block_c/00_input/block_c_input_validation.json
4473	DealTech/local_cases/fronthera_2021/run_output_fronthera_009/stages/block_c/00_input/block_c_research_plan.json
255707	DealTech/local_cases/fronthera_2021/run_output_fronthera_009/stages/block_c/00_input/case.json
394	DealTech/local_cases/fronthera_2021/run_output_fronthera_009/stages/block_c/00_input/upstream_integrity_after.json
5452	DealTech/local_cases/fronthera_2021/run_output_fronthera_009/stages/block_c/01_research/assumptions.json
16530	DealTech/local_cases/fronthera_2021/run_output_fronthera_009/stages/block_c/01_research/claims.json
5754	DealTech/local_cases/fronthera_2021/run_output_fronthera_009/stages/block_c/01_research/counterevidence.json
16664	DealTech/local_cases/fronthera_2021/run_output_fronthera_009/stages/block_c/01_research/evidence.json
11234	DealTech/local_cases/fronthera_2021/run_output_fronthera_009/stages/block_c/01_research/source_registry.json
5878	DealTech/local_cases/fronthera_2021/run_output_fronthera_009/stages/block_c/01_research/unknowns.json
6137	DealTech/local_cases/fronthera_2021/run_output_fronthera_009/stages/block_c/02_modules/c1_executions.json
2867	DealTech/local_cases/fronthera_2021/run_output_fronthera_009/stages/block_c/02_modules/c2_executions.json
2997	DealTech/local_cases/fronthera_2021/run_output_fronthera_009/stages/block_c/02_modules/c3_executions.json
6085	DealTech/local_cases/fronthera_2021/run_output_fronthera_009/stages/block_c/02_modules/c4_executions.json
5773	DealTech/local_cases/fronthera_2021/run_output_fronthera_009/stages/block_c/02_modules/c5_executions.json
23847	DealTech/local_cases/fronthera_2021/run_output_fronthera_009/stages/block_c/02_modules/module_executions.json
9082	DealTech/local_cases/fronthera_2021/run_output_fronthera_009/stages/block_c/03_risk_records/diligence_finding_history.json
2667	DealTech/local_cases/fronthera_2021/run_output_fronthera_009/stages/block_c/03_risk_records/downside_scenario_history.json
1397	DealTech/local_cases/fronthera_2021/run_output_fronthera_009/stages/block_c/03_risk_records/integration_risk_history.json
6104	DealTech/local_cases/fronthera_2021/run_output_fronthera_009/stages/block_c/03_risk_records/latest_diligence_findings.json
2667	DealTech/local_cases/fronthera_2021/run_output_fronthera_009/stages/block_c/03_risk_records/latest_downside_scenarios.json
1397	DealTech/local_cases/fronthera_2021/run_output_fronthera_009/stages/block_c/03_risk_records/latest_integration_risks.json
1066	DealTech/local_cases/fronthera_2021/run_output_fronthera_009/stages/block_c/03_risk_records/latest_regulatory_risks.json
1066	DealTech/local_cases/fronthera_2021/run_output_fronthera_009/stages/block_c/03_risk_records/regulatory_risk_history.json
365	DealTech/local_cases/fronthera_2021/run_output_fronthera_009/stages/block_c/04_controls/certification_adapter_boundary.json
160	DealTech/local_cases/fronthera_2021/run_output_fronthera_009/stages/block_c/04_controls/control_execution_order.json
5275	DealTech/local_cases/fronthera_2021/run_output_fronthera_009/stages/block_c/04_controls/er_brb_results.json
2638	DealTech/local_cases/fronthera_2021/run_output_fronthera_009/stages/block_c/04_controls/human_review_items.json
16369	DealTech/local_cases/fronthera_2021/run_output_fronthera_009/stages/block_c/04_controls/pce_prechecks.json
9416	DealTech/local_cases/fronthera_2021/run_output_fronthera_009/stages/block_c/04_controls/pce_results.json
4524	DealTech/local_cases/fronthera_2021/run_output_fronthera_009/stages/block_c/05_gate_c/decision_state.json
43547	DealTech/local_cases/fronthera_2021/run_output_fronthera_009/stages/block_c/05_gate_c/gate_c_history.json
21430	DealTech/local_cases/fronthera_2021/run_output_fronthera_009/stages/block_c/05_gate_c/gate_c_result.json
727	DealTech/local_cases/fronthera_2021/run_output_fronthera_009/stages/block_c/09_loop/iteration_records.json
356	DealTech/local_cases/fronthera_2021/run_output_fronthera_009/stages/block_c/09_loop/memory_state.json
543	DealTech/local_cases/fronthera_2021/run_output_fronthera_009/stages/block_c/09_loop/research_gap_history.json
1726	DealTech/local_cases/fronthera_2021/run_output_fronthera_009/stages/block_c/09_loop/unified_loop_events.json
2638	DealTech/local_cases/fronthera_2021/run_output_fronthera_009/stages/block_c/human_review/human_review_items.json
3	DealTech/local_cases/fronthera_2021/run_output_fronthera_009/stages/block_c/human_review/human_review_responses.json
646	DealTech/local_cases/fronthera_2021/run_output_fronthera_009/stages/block_c/human_review/response_template.json
3	DealTech/local_cases/fronthera_2021/run_output_fronthera_009/stages/block_c/human_review/response_validation_results.json
4994	DealTech/local_cases/fronthera_2021/run_output_fronthera_009/stages/block_c/human_review/review_item_history.json
5871	DealTech/local_cases/fronthera_2021/run_output_fronthera_009/stages/block_c/provider/C1/attempt_01/admitted_objects.json
9508	DealTech/local_cases/fronthera_2021/run_output_fronthera_009/stages/block_c/provider/C1/attempt_01/provider_request.json
11167	DealTech/local_cases/fronthera_2021/run_output_fronthera_009/stages/block_c/provider/C1/attempt_01/provider_response_raw.json
998	DealTech/local_cases/fronthera_2021/run_output_fronthera_009/stages/block_c/provider/C1/attempt_01/provider_trace.json
3	DealTech/local_cases/fronthera_2021/run_output_fronthera_009/stages/block_c/provider/C1/attempt_01/rejected_objects.json
3	DealTech/local_cases/fronthera_2021/run_output_fronthera_009/stages/block_c/provider/C1/attempt_01/returned_citations.json
50	DealTech/local_cases/fronthera_2021/run_output_fronthera_009/stages/block_c/provider/C1/attempt_01/search_queries.json
74	DealTech/local_cases/fronthera_2021/run_output_fronthera_009/stages/block_c/provider/C1/attempt_01/tool_calls.json
839	DealTech/local_cases/fronthera_2021/run_output_fronthera_009/stages/block_c/provider/C1/attempt_01/validation_result.json
3642	DealTech/local_cases/fronthera_2021/run_output_fronthera_009/stages/block_c/provider/C1/attempt_02/admitted_objects.json
17424	DealTech/local_cases/fronthera_2021/run_output_fronthera_009/stages/block_c/provider/C1/attempt_02/provider_request.json
13491	DealTech/local_cases/fronthera_2021/run_output_fronthera_009/stages/block_c/provider/C1/attempt_02/provider_response_raw.json
1197	DealTech/local_cases/fronthera_2021/run_output_fronthera_009/stages/block_c/provider/C1/attempt_02/provider_trace.json
245	DealTech/local_cases/fronthera_2021/run_output_fronthera_009/stages/block_c/provider/C1/attempt_02/rejected_objects.json
3	DealTech/local_cases/fronthera_2021/run_output_fronthera_009/stages/block_c/provider/C1/attempt_02/returned_citations.json
50	DealTech/local_cases/fronthera_2021/run_output_fronthera_009/stages/block_c/provider/C1/attempt_02/search_queries.json
74	DealTech/local_cases/fronthera_2021/run_output_fronthera_009/stages/block_c/provider/C1/attempt_02/tool_calls.json
783	DealTech/local_cases/fronthera_2021/run_output_fronthera_009/stages/block_c/provider/C1/attempt_02/validation_result.json
4054	DealTech/local_cases/fronthera_2021/run_output_fronthera_009/stages/block_c/provider/C2/attempt_01/admitted_objects.json
9652	DealTech/local_cases/fronthera_2021/run_output_fronthera_009/stages/block_c/provider/C2/attempt_01/provider_request.json
7047	DealTech/local_cases/fronthera_2021/run_output_fronthera_009/stages/block_c/provider/C2/attempt_01/provider_response_raw.json
944	DealTech/local_cases/fronthera_2021/run_output_fronthera_009/stages/block_c/provider/C2/attempt_01/provider_trace.json
3	DealTech/local_cases/fronthera_2021/run_output_fronthera_009/stages/block_c/provider/C2/attempt_01/rejected_objects.json
3	DealTech/local_cases/fronthera_2021/run_output_fronthera_009/stages/block_c/provider/C2/attempt_01/returned_citations.json
50	DealTech/local_cases/fronthera_2021/run_output_fronthera_009/stages/block_c/provider/C2/attempt_01/search_queries.json
74	DealTech/local_cases/fronthera_2021/run_output_fronthera_009/stages/block_c/provider/C2/attempt_01/tool_calls.json
785	DealTech/local_cases/fronthera_2021/run_output_fronthera_009/stages/block_c/provider/C2/attempt_01/validation_result.json
4154	DealTech/local_cases/fronthera_2021/run_output_fronthera_009/stages/block_c/provider/C3/attempt_01/admitted_objects.json
10465	DealTech/local_cases/fronthera_2021/run_output_fronthera_009/stages/block_c/provider/C3/attempt_01/provider_request.json
7589	DealTech/local_cases/fronthera_2021/run_output_fronthera_009/stages/block_c/provider/C3/attempt_01/provider_response_raw.json
966	DealTech/local_cases/fronthera_2021/run_output_fronthera_009/stages/block_c/provider/C3/attempt_01/provider_trace.json
3	DealTech/local_cases/fronthera_2021/run_output_fronthera_009/stages/block_c/provider/C3/attempt_01/rejected_objects.json
3	DealTech/local_cases/fronthera_2021/run_output_fronthera_009/stages/block_c/provider/C3/attempt_01/returned_citations.json
72	DealTech/local_cases/fronthera_2021/run_output_fronthera_009/stages/block_c/provider/C3/attempt_01/search_queries.json
74	DealTech/local_cases/fronthera_2021/run_output_fronthera_009/stages/block_c/provider/C3/attempt_01/tool_calls.json
785	DealTech/local_cases/fronthera_2021/run_output_fronthera_009/stages/block_c/provider/C3/attempt_01/validation_result.json
4219	DealTech/local_cases/fronthera_2021/run_output_fronthera_009/stages/block_c/provider/C4/attempt_01/admitted_objects.json
12741	DealTech/local_cases/fronthera_2021/run_output_fronthera_009/stages/block_c/provider/C4/attempt_01/provider_request.json
7611	DealTech/local_cases/fronthera_2021/run_output_fronthera_009/stages/block_c/provider/C4/attempt_01/provider_response_raw.json
946	DealTech/local_cases/fronthera_2021/run_output_fronthera_009/stages/block_c/provider/C4/attempt_01/provider_trace.json
3	DealTech/local_cases/fronthera_2021/run_output_fronthera_009/stages/block_c/provider/C4/attempt_01/rejected_objects.json
3	DealTech/local_cases/fronthera_2021/run_output_fronthera_009/stages/block_c/provider/C4/attempt_01/returned_citations.json
60	DealTech/local_cases/fronthera_2021/run_output_fronthera_009/stages/block_c/provider/C4/attempt_01/search_queries.json
66	DealTech/local_cases/fronthera_2021/run_output_fronthera_009/stages/block_c/provider/C4/attempt_01/tool_calls.json
785	DealTech/local_cases/fronthera_2021/run_output_fronthera_009/stages/block_c/provider/C4/attempt_01/validation_result.json
3192	DealTech/local_cases/fronthera_2021/run_output_fronthera_009/stages/block_c/provider/C4/attempt_02/admitted_objects.json
17985	DealTech/local_cases/fronthera_2021/run_output_fronthera_009/stages/block_c/provider/C4/attempt_02/provider_request.json
7609	DealTech/local_cases/fronthera_2021/run_output_fronthera_009/stages/block_c/provider/C4/attempt_02/provider_response_raw.json
1170	DealTech/local_cases/fronthera_2021/run_output_fronthera_009/stages/block_c/provider/C4/attempt_02/provider_trace.json
245	DealTech/local_cases/fronthera_2021/run_output_fronthera_009/stages/block_c/provider/C4/attempt_02/rejected_objects.json
3	DealTech/local_cases/fronthera_2021/run_output_fronthera_009/stages/block_c/provider/C4/attempt_02/returned_citations.json
60	DealTech/local_cases/fronthera_2021/run_output_fronthera_009/stages/block_c/provider/C4/attempt_02/search_queries.json
66	DealTech/local_cases/fronthera_2021/run_output_fronthera_009/stages/block_c/provider/C4/attempt_02/tool_calls.json
754	DealTech/local_cases/fronthera_2021/run_output_fronthera_009/stages/block_c/provider/C4/attempt_02/validation_result.json
4157	DealTech/local_cases/fronthera_2021/run_output_fronthera_009/stages/block_c/provider/C5/attempt_01/admitted_objects.json
14137	DealTech/local_cases/fronthera_2021/run_output_fronthera_009/stages/block_c/provider/C5/attempt_01/provider_request.json
6324	DealTech/local_cases/fronthera_2021/run_output_fronthera_009/stages/block_c/provider/C5/attempt_01/provider_response_raw.json
895	DealTech/local_cases/fronthera_2021/run_output_fronthera_009/stages/block_c/provider/C5/attempt_01/provider_trace.json
3	DealTech/local_cases/fronthera_2021/run_output_fronthera_009/stages/block_c/provider/C5/attempt_01/rejected_objects.json
3	DealTech/local_cases/fronthera_2021/run_output_fronthera_009/stages/block_c/provider/C5/attempt_01/returned_citations.json
3	DealTech/local_cases/fronthera_2021/run_output_fronthera_009/stages/block_c/provider/C5/attempt_01/search_queries.json
76	DealTech/local_cases/fronthera_2021/run_output_fronthera_009/stages/block_c/provider/C5/attempt_01/tool_calls.json
785	DealTech/local_cases/fronthera_2021/run_output_fronthera_009/stages/block_c/provider/C5/attempt_01/validation_result.json
3111	DealTech/local_cases/fronthera_2021/run_output_fronthera_009/stages/block_c/provider/C5/attempt_02/admitted_objects.json
19936	DealTech/local_cases/fronthera_2021/run_output_fronthera_009/stages/block_c/provider/C5/attempt_02/provider_request.json
6392	DealTech/local_cases/fronthera_2021/run_output_fronthera_009/stages/block_c/provider/C5/attempt_02/provider_response_raw.json
1119	DealTech/local_cases/fronthera_2021/run_output_fronthera_009/stages/block_c/provider/C5/attempt_02/provider_trace.json
245	DealTech/local_cases/fronthera_2021/run_output_fronthera_009/stages/block_c/provider/C5/attempt_02/rejected_objects.json
3	DealTech/local_cases/fronthera_2021/run_output_fronthera_009/stages/block_c/provider/C5/attempt_02/returned_citations.json
3	DealTech/local_cases/fronthera_2021/run_output_fronthera_009/stages/block_c/provider/C5/attempt_02/search_queries.json
76	DealTech/local_cases/fronthera_2021/run_output_fronthera_009/stages/block_c/provider/C5/attempt_02/tool_calls.json
754	DealTech/local_cases/fronthera_2021/run_output_fronthera_009/stages/block_c/provider/C5/attempt_02/validation_result.json
10338	DealTech/local_cases/fronthera_2021/run_output_fronthera_009/stages/block_c/reporting/calculation_appendix.md
11581	DealTech/local_cases/fronthera_2021/run_output_fronthera_009/stages/block_c/reporting/evidence_appendix.md
4269	DealTech/local_cases/fronthera_2021/run_output_fronthera_009/stages/block_c/reporting/executive_decision_summary.md
68163	DealTech/local_cases/fronthera_2021/run_output_fronthera_009/stages/block_c/reporting/final_acquisition_strategy_report.md
768	DealTech/local_cases/fronthera_2021/run_output_fronthera_009/stages/block_c/reporting/final_delivery_certificate.json
1838	DealTech/local_cases/fronthera_2021/run_output_fronthera_009/stages/block_c/reporting/final_delivery_verification.json
8504	DealTech/local_cases/fronthera_2021/run_output_fronthera_009/stages/block_c/reporting/human_review_pack.md
46420	DealTech/local_cases/fronthera_2021/run_output_fronthera_009/stages/block_c/reporting/report_manifest.json
950	DealTech/local_cases/fronthera_2021/run_output_fronthera_009/stages/block_c/run_summary.json
4384	DealTech/local_cases/fronthera_2021/run_output_fronthera_009/stages/block_c/state/final_terminal_state.json
4524	DealTech/local_cases/fronthera_2021/run_output_fronthera_009/stages/block_c/state/terminal_state_history.json
1725	DealTech/recovered_prompts_20260723/current_dealtech_nested_agents/agents/acquisition-strategy-agent/05_ER_BRB/ER_BRB_case_result.md
472	DealTech/recovered_prompts_20260723/current_dealtech_nested_agents/agents/acquisition-strategy-agent/06_PCE/PCE_case_result.md
4662	DealTech/recovered_prompts_20260723/current_dealtech_nested_agents/agents/acquisition-strategy-agent/07_case_studies/case_001_acquisition_strategy/buyer_side/ER_BRB_case_result.md
4662	DealTech/recovered_prompts_20260723/current_dealtech_nested_agents/agents/acquisition-strategy-agent/07_case_studies/case_001_acquisition_strategy/buyer_side/ER_BRB_result.md
5027	DealTech/recovered_prompts_20260723/current_dealtech_nested_agents/agents/acquisition-strategy-agent/07_case_studies/case_001_acquisition_strategy/buyer_side/PCE_case_result.md
5027	DealTech/recovered_prompts_20260723/current_dealtech_nested_agents/agents/acquisition-strategy-agent/07_case_studies/case_001_acquisition_strategy/buyer_side/PCE_result.md
2557	DealTech/recovered_prompts_20260723/current_dealtech_nested_agents/agents/acquisition-strategy-agent/07_case_studies/case_001_acquisition_strategy/buyer_side/buyer_side_final_delivery_certificate.md
449	DealTech/recovered_prompts_20260723/current_dealtech_nested_agents/agents/acquisition-strategy-agent/07_case_studies/case_001_acquisition_strategy/buyer_side/buyer_side_scoped_claim_audit_result.md
2297	DealTech/recovered_prompts_20260723/current_dealtech_nested_agents/agents/acquisition-strategy-agent/07_case_studies/case_001_acquisition_strategy/buyer_side/buyer_side_scoped_claim_audit_sample.csv
20782	DealTech/recovered_prompts_20260723/current_dealtech_nested_agents/agents/acquisition-strategy-agent/07_case_studies/case_001_acquisition_strategy/buyer_side/certification_result.json
2699	DealTech/recovered_prompts_20260723/current_dealtech_nested_agents/agents/acquisition-strategy-agent/07_case_studies/case_001_acquisition_strategy/buyer_side/claim_to_evidence_map.csv
5855	DealTech/recovered_prompts_20260723/current_dealtech_nested_agents/agents/acquisition-strategy-agent/07_case_studies/case_001_acquisition_strategy/buyer_side/evidence_table.md
1522	DealTech/recovered_prompts_20260723/current_dealtech_nested_agents/agents/acquisition-strategy-agent/07_case_studies/case_001_acquisition_strategy/buyer_side/final_output.md
358	DealTech/recovered_prompts_20260723/current_dealtech_nested_agents/agents/acquisition-strategy-agent/07_case_studies/case_001_acquisition_strategy/buyer_side/input_setting.md
728	DealTech/recovered_prompts_20260723/current_dealtech_nested_agents/agents/acquisition-strategy-agent/07_case_studies/case_001_acquisition_strategy/buyer_side/limitations.md
1389	DealTech/recovered_prompts_20260723/current_dealtech_nested_agents/agents/acquisition-strategy-agent/07_case_studies/case_001_acquisition_strategy/buyer_side/research_trace.md
4004	DealTech/recovered_prompts_20260723/current_dealtech_nested_agents/agents/acquisition-strategy-agent/07_case_studies/case_001_acquisition_strategy/buyer_side/source_registry.md
435	DealTech/recovered_prompts_20260723/current_dealtech_nested_agents/agents/acquisition-strategy-agent/07_case_studies/case_001_acquisition_strategy/buyer_side/supporting_files/buyer_profile.md
1433	DealTech/recovered_prompts_20260723/current_dealtech_nested_agents/agents/acquisition-strategy-agent/07_case_studies/case_001_acquisition_strategy/buyer_side/supporting_files/buyer_side_ER_BRB_scoring.csv
5150	DealTech/recovered_prompts_20260723/current_dealtech_nested_agents/agents/acquisition-strategy-agent/07_case_studies/case_001_acquisition_strategy/buyer_side/supporting_files/buyer_side_PCE_audit.csv
722	DealTech/recovered_prompts_20260723/current_dealtech_nested_agents/agents/acquisition-strategy-agent/07_case_studies/case_001_acquisition_strategy/buyer_side/supporting_files/buyer_side_calculation_sheet.csv
1056	DealTech/recovered_prompts_20260723/current_dealtech_nested_agents/agents/acquisition-strategy-agent/07_case_studies/case_001_acquisition_strategy/buyer_side/supporting_files/integration_risk_matrix.csv
2498	DealTech/recovered_prompts_20260723/current_dealtech_nested_agents/agents/acquisition-strategy-agent/07_case_studies/case_001_acquisition_strategy/buyer_side/supporting_files/strategic_rationale_table.csv
4227	DealTech/recovered_prompts_20260723/current_dealtech_nested_agents/agents/acquisition-strategy-agent/07_case_studies/case_001_acquisition_strategy/buyer_side/supporting_files/target_profile.md
3630	DealTech/recovered_prompts_20260723/current_dealtech_nested_agents/agents/acquisition-strategy-agent/07_case_studies/case_001_acquisition_strategy/buyer_side/supporting_files/transaction_context.md
531	DealTech/recovered_prompts_20260723/current_dealtech_nested_agents/agents/acquisition-strategy-agent/07_case_studies/case_001_acquisition_strategy/case_brief.md
1294	DealTech/recovered_prompts_20260723/current_dealtech_nested_agents/agents/acquisition-strategy-agent/07_case_studies/case_001_acquisition_strategy/shared_deal_context.md
2068	DealTech/recovered_prompts_20260723/current_dealtech_nested_agents/agents/acquisition-strategy-agent/07_case_studies/case_001_acquisition_strategy/source_replay_plan.md
2118	DealTech/recovered_prompts_20260723/current_dealtech_nested_agents/agents/acquisition-strategy-agent/07_case_studies/case_001_acquisition_strategy/target_side/ER_BRB_case_result.md
2118	DealTech/recovered_prompts_20260723/current_dealtech_nested_agents/agents/acquisition-strategy-agent/07_case_studies/case_001_acquisition_strategy/target_side/ER_BRB_result.md
2159	DealTech/recovered_prompts_20260723/current_dealtech_nested_agents/agents/acquisition-strategy-agent/07_case_studies/case_001_acquisition_strategy/target_side/PCE_case_result.md
2159	DealTech/recovered_prompts_20260723/current_dealtech_nested_agents/agents/acquisition-strategy-agent/07_case_studies/case_001_acquisition_strategy/target_side/PCE_result.md
9520	DealTech/recovered_prompts_20260723/current_dealtech_nested_agents/agents/acquisition-strategy-agent/07_case_studies/case_001_acquisition_strategy/target_side/certification_result.json
1173	DealTech/recovered_prompts_20260723/current_dealtech_nested_agents/agents/acquisition-strategy-agent/07_case_studies/case_001_acquisition_strategy/target_side/claim_to_evidence_map.csv
2283	DealTech/recovered_prompts_20260723/current_dealtech_nested_agents/agents/acquisition-strategy-agent/07_case_studies/case_001_acquisition_strategy/target_side/evidence_table.md
1703	DealTech/recovered_prompts_20260723/current_dealtech_nested_agents/agents/acquisition-strategy-agent/07_case_studies/case_001_acquisition_strategy/target_side/final_output.md
371	DealTech/recovered_prompts_20260723/current_dealtech_nested_agents/agents/acquisition-strategy-agent/07_case_studies/case_001_acquisition_strategy/target_side/input_setting.md
738	DealTech/recovered_prompts_20260723/current_dealtech_nested_agents/agents/acquisition-strategy-agent/07_case_studies/case_001_acquisition_strategy/target_side/limitations.md
1329	DealTech/recovered_prompts_20260723/current_dealtech_nested_agents/agents/acquisition-strategy-agent/07_case_studies/case_001_acquisition_strategy/target_side/research_trace.md
2371	DealTech/recovered_prompts_20260723/current_dealtech_nested_agents/agents/acquisition-strategy-agent/07_case_studies/case_001_acquisition_strategy/target_side/source_registry.md
437	DealTech/recovered_prompts_20260723/current_dealtech_nested_agents/agents/acquisition-strategy-agent/07_case_studies/case_001_acquisition_strategy/target_side/supporting_files/offer_attractiveness_matrix.csv
1426	DealTech/recovered_prompts_20260723/current_dealtech_nested_agents/agents/acquisition-strategy-agent/07_case_studies/case_001_acquisition_strategy/target_side/supporting_files/strategic_alternatives_table.csv
627	DealTech/recovered_prompts_20260723/current_dealtech_nested_agents/agents/acquisition-strategy-agent/07_case_studies/case_001_acquisition_strategy/target_side/supporting_files/target_side_ER_BRB_scoring.csv
2256	DealTech/recovered_prompts_20260723/current_dealtech_nested_agents/agents/acquisition-strategy-agent/07_case_studies/case_001_acquisition_strategy/target_side/supporting_files/target_side_PCE_audit.csv
695	DealTech/recovered_prompts_20260723/current_dealtech_nested_agents/agents/acquisition-strategy-agent/07_case_studies/case_001_acquisition_strategy/target_side/supporting_files/target_side_calculation_sheet.csv
1008	DealTech/recovered_prompts_20260723/current_dealtech_nested_agents/agents/acquisition-strategy-agent/07_case_studies/case_001_acquisition_strategy/target_side/supporting_files/target_side_risk_matrix.csv
339	DealTech/recovered_prompts_20260723/current_dealtech_nested_agents/agents/acquisition-strategy-agent/07_case_studies/case_001_acquisition_strategy/target_side/supporting_files/target_standalone_case.md
775	DealTech/recovered_prompts_20260723/current_dealtech_nested_agents/agents/acquisition-strategy-agent/07_case_studies/case_001_acquisition_strategy/target_side/supporting_files/target_transaction_context.md
1054	DealTech/recovered_prompts_20260723/current_dealtech_nested_agents/agents/acquisition-strategy-agent/07_case_studies/case_001_acquisition_strategy/target_side/target_side_final_delivery_certificate.md
466	DealTech/recovered_prompts_20260723/current_dealtech_nested_agents/agents/acquisition-strategy-agent/07_case_studies/case_001_acquisition_strategy/target_side/target_side_scoped_claim_audit_result.md
2170	DealTech/recovered_prompts_20260723/current_dealtech_nested_agents/agents/acquisition-strategy-agent/07_case_studies/case_001_acquisition_strategy/target_side/target_side_scoped_claim_audit_sample.csv
2687	DealTech/recovered_prompts_20260723/current_dealtech_nested_agents/agents/buyer-side-acquisition-loop-agent/06_examples/live_a5_provider_case_template/case.yaml
2410	DealTech/recovered_prompts_20260723/current_dealtech_nested_agents/agents/buyer-side-acquisition-loop-agent/06_examples/live_block_a_provider_case_template/case.yaml
1017	DealTech/recovered_prompts_20260723/current_dealtech_nested_agents/agents/buyer-side-acquisition-loop-agent/06_examples/live_block_c_provider_case_template/case.yaml
603	DealTech/recovered_prompts_20260723/current_dealtech_nested_agents/agents/buyer-side-acquisition-loop-agent/06_examples/recorded_a5_provider_case/attachments/target_capability_brief.md
3489	DealTech/recovered_prompts_20260723/current_dealtech_nested_agents/agents/buyer-side-acquisition-loop-agent/06_examples/recorded_a5_provider_case/case.yaml
21848	DealTech/recovered_prompts_20260723/current_dealtech_nested_agents/agents/buyer-side-acquisition-loop-agent/06_examples/recorded_a5_provider_case/recordings/a5_recording.json
550	DealTech/recovered_prompts_20260723/current_dealtech_nested_agents/agents/buyer-side-acquisition-loop-agent/06_examples/recorded_block_a_provider_case/attachments/target_capability_brief.md
4363	DealTech/recovered_prompts_20260723/current_dealtech_nested_agents/agents/buyer-side-acquisition-loop-agent/06_examples/recorded_block_a_provider_case/case.yaml
56452	DealTech/recovered_prompts_20260723/current_dealtech_nested_agents/agents/buyer-side-acquisition-loop-agent/06_examples/recorded_block_a_provider_case/recordings/block_a_recording.json
4135	DealTech/recovered_prompts_20260723/current_dealtech_nested_agents/agents/buyer-side-acquisition-loop-agent/06_examples/recorded_block_b_case/attachments/target_financials.xlsx
6515	DealTech/recovered_prompts_20260723/current_dealtech_nested_agents/agents/buyer-side-acquisition-loop-agent/06_examples/recorded_block_b_case/case.yaml
75592	DealTech/recovered_prompts_20260723/current_dealtech_nested_agents/agents/buyer-side-acquisition-loop-agent/06_examples/recorded_block_b_case/recorded_provider_responses.json
456	DealTech/recovered_prompts_20260723/current_dealtech_nested_agents/agents/buyer-side-acquisition-loop-agent/06_examples/recorded_block_c_case/attachments/management_representation.md
29204	DealTech/recovered_prompts_20260723/current_dealtech_nested_agents/agents/buyer-side-acquisition-loop-agent/06_examples/recorded_block_c_case/case.yaml
44479	DealTech/recovered_prompts_20260723/current_dealtech_nested_agents/agents/buyer-side-acquisition-loop-agent/06_examples/recorded_block_c_case/recorded_provider_responses.json
3259	DealTech/recovered_prompts_20260723/current_dealtech_nested_agents/agents/buyer-side-acquisition-loop-agent/06_examples/recorded_full_pipeline_case/case.yaml
420	DealTech/recovered_prompts_20260723/current_dealtech_nested_agents/agents/buyer-side-acquisition-loop-agent/06_examples/recorded_full_pipeline_case/run_output/cross_block_consistency_result.json
4435	DealTech/recovered_prompts_20260723/current_dealtech_nested_agents/agents/buyer-side-acquisition-loop-agent/06_examples/recorded_full_pipeline_case/run_output/decision_state.json
63246	DealTech/recovered_prompts_20260723/current_dealtech_nested_agents/agents/buyer-side-acquisition-loop-agent/06_examples/recorded_full_pipeline_case/run_output/final_acquisition_strategy_report.md
1758	DealTech/recovered_prompts_20260723/current_dealtech_nested_agents/agents/buyer-side-acquisition-loop-agent/06_examples/recorded_full_pipeline_case/run_output/final_delivery_verification.json
38277	DealTech/recovered_prompts_20260723/current_dealtech_nested_agents/agents/buyer-side-acquisition-loop-agent/06_examples/recorded_full_pipeline_case/run_output/gate_a_result.json
14735	DealTech/recovered_prompts_20260723/current_dealtech_nested_agents/agents/buyer-side-acquisition-loop-agent/06_examples/recorded_full_pipeline_case/run_output/gate_b_result.json
20328	DealTech/recovered_prompts_20260723/current_dealtech_nested_agents/agents/buyer-side-acquisition-loop-agent/06_examples/recorded_full_pipeline_case/run_output/gate_c_result.json
550	DealTech/recovered_prompts_20260723/current_dealtech_nested_agents/agents/buyer-side-acquisition-loop-agent/06_examples/recorded_full_pipeline_case/run_output/pipeline_cases/block_a/attachments/target_capability_brief.md
5043	DealTech/recovered_prompts_20260723/current_dealtech_nested_agents/agents/buyer-side-acquisition-loop-agent/06_examples/recorded_full_pipeline_case/run_output/pipeline_cases/block_a/case.json
56452	DealTech/recovered_prompts_20260723/current_dealtech_nested_agents/agents/buyer-side-acquisition-loop-agent/06_examples/recorded_full_pipeline_case/run_output/pipeline_cases/block_a/recordings/responses.json
4135	DealTech/recovered_prompts_20260723/current_dealtech_nested_agents/agents/buyer-side-acquisition-loop-agent/06_examples/recorded_full_pipeline_case/run_output/pipeline_cases/block_b/attachments/target_financials.xlsx
119758	DealTech/recovered_prompts_20260723/current_dealtech_nested_agents/agents/buyer-side-acquisition-loop-agent/06_examples/recorded_full_pipeline_case/run_output/pipeline_cases/block_b/case.json
75592	DealTech/recovered_prompts_20260723/current_dealtech_nested_agents/agents/buyer-side-acquisition-loop-agent/06_examples/recorded_full_pipeline_case/run_output/pipeline_cases/block_b/recordings/responses.json
456	DealTech/recovered_prompts_20260723/current_dealtech_nested_agents/agents/buyer-side-acquisition-loop-agent/06_examples/recorded_full_pipeline_case/run_output/pipeline_cases/block_c/attachments/management_representation.md
245262	DealTech/recovered_prompts_20260723/current_dealtech_nested_agents/agents/buyer-side-acquisition-loop-agent/06_examples/recorded_full_pipeline_case/run_output/pipeline_cases/block_c/case.json
44479	DealTech/recovered_prompts_20260723/current_dealtech_nested_agents/agents/buyer-side-acquisition-loop-agent/06_examples/recorded_full_pipeline_case/run_output/pipeline_cases/block_c/recordings/responses.json
68688	DealTech/recovered_prompts_20260723/current_dealtech_nested_agents/agents/buyer-side-acquisition-loop-agent/06_examples/recorded_full_pipeline_case/run_output/run_manifest.json
869	DealTech/recovered_prompts_20260723/current_dealtech_nested_agents/agents/buyer-side-acquisition-loop-agent/06_examples/recorded_full_pipeline_case/run_output/run_summary.json
8261	DealTech/recovered_prompts_20260723/current_dealtech_nested_agents/agents/buyer-side-acquisition-loop-agent/06_examples/recorded_full_pipeline_case/run_output/stages/block_a/gate_a/criterion_results.json
38277	DealTech/recovered_prompts_20260723/current_dealtech_nested_agents/agents/buyer-side-acquisition-loop-agent/06_examples/recorded_full_pipeline_case/run_output/stages/block_a/gate_a/gate_a_result.json
287	DealTech/recovered_prompts_20260723/current_dealtech_nested_agents/agents/buyer-side-acquisition-loop-agent/06_examples/recorded_full_pipeline_case/run_output/stages/block_a/loop/controller_decisions.json
597	DealTech/recovered_prompts_20260723/current_dealtech_nested_agents/agents/buyer-side-acquisition-loop-agent/06_examples/recorded_full_pipeline_case/run_output/stages/block_a/loop/dependency_invalidations.json
514	DealTech/recovered_prompts_20260723/current_dealtech_nested_agents/agents/buyer-side-acquisition-loop-agent/06_examples/recorded_full_pipeline_case/run_output/stages/block_a/loop/gaps.json
682	DealTech/recovered_prompts_20260723/current_dealtech_nested_agents/agents/buyer-side-acquisition-loop-agent/06_examples/recorded_full_pipeline_case/run_output/stages/block_a/loop/iteration_records.json
221	DealTech/recovered_prompts_20260723/current_dealtech_nested_agents/agents/buyer-side-acquisition-loop-agent/06_examples/recorded_full_pipeline_case/run_output/stages/block_a/loop/loop_state.json
519	DealTech/recovered_prompts_20260723/current_dealtech_nested_agents/agents/buyer-side-acquisition-loop-agent/06_examples/recorded_full_pipeline_case/run_output/stages/block_a/loop/replans.json
9498	DealTech/recovered_prompts_20260723/current_dealtech_nested_agents/agents/buyer-side-acquisition-loop-agent/06_examples/recorded_full_pipeline_case/run_output/stages/block_a/loop/research_attempts.json
5642	DealTech/recovered_prompts_20260723/current_dealtech_nested_agents/agents/buyer-side-acquisition-loop-agent/06_examples/recorded_full_pipeline_case/run_output/stages/block_a/modules/a1_transaction_context.json
5624	DealTech/recovered_prompts_20260723/current_dealtech_nested_agents/agents/buyer-side-acquisition-loop-agent/06_examples/recorded_full_pipeline_case/run_output/stages/block_a/modules/a2_buyer_strategic_need.json
9289	DealTech/recovered_prompts_20260723/current_dealtech_nested_agents/agents/buyer-side-acquisition-loop-agent/06_examples/recorded_full_pipeline_case/run_output/stages/block_a/modules/a3_strategic_rationale.json
5910	DealTech/recovered_prompts_20260723/current_dealtech_nested_agents/agents/buyer-side-acquisition-loop-agent/06_examples/recorded_full_pipeline_case/run_output/stages/block_a/modules/a4_target_attractiveness.json
6460	DealTech/recovered_prompts_20260723/current_dealtech_nested_agents/agents/buyer-side-acquisition-loop-agent/06_examples/recorded_full_pipeline_case/run_output/stages/block_a/modules/a5_target_capability_business_quality.json
10397	DealTech/recovered_prompts_20260723/current_dealtech_nested_agents/agents/buyer-side-acquisition-loop-agent/06_examples/recorded_full_pipeline_case/run_output/stages/block_a/modules/a6_industry_competitive_position.json
9817	DealTech/recovered_prompts_20260723/current_dealtech_nested_agents/agents/buyer-side-acquisition-loop-agent/06_examples/recorded_full_pipeline_case/run_output/stages/block_a/modules/a7_strategic_fit.json
6670	DealTech/recovered_prompts_20260723/current_dealtech_nested_agents/agents/buyer-side-acquisition-loop-agent/06_examples/recorded_full_pipeline_case/run_output/stages/block_a/planning/block_a_research_plan.json
279	DealTech/recovered_prompts_20260723/current_dealtech_nested_agents/agents/buyer-side-acquisition-loop-agent/06_examples/recorded_full_pipeline_case/run_output/stages/block_a/planning/dependency_graph.json
487	DealTech/recovered_prompts_20260723/current_dealtech_nested_agents/agents/buyer-side-acquisition-loop-agent/06_examples/recorded_full_pipeline_case/run_output/stages/block_a/planning/prompt_manifest.json
985	DealTech/recovered_prompts_20260723/current_dealtech_nested_agents/agents/buyer-side-acquisition-loop-agent/06_examples/recorded_full_pipeline_case/run_output/stages/block_a/planning/research_questions.json
4250	DealTech/recovered_prompts_20260723/current_dealtech_nested_agents/agents/buyer-side-acquisition-loop-agent/06_examples/recorded_full_pipeline_case/run_output/stages/block_a/provider/A1/attempt_01/admitted_objects.json
5240	DealTech/recovered_prompts_20260723/current_dealtech_nested_agents/agents/buyer-side-acquisition-loop-agent/06_examples/recorded_full_pipeline_case/run_output/stages/block_a/provider/A1/attempt_01/provider_request.json
6428	DealTech/recovered_prompts_20260723/current_dealtech_nested_agents/agents/buyer-side-acquisition-loop-agent/06_examples/recorded_full_pipeline_case/run_output/stages/block_a/provider/A1/attempt_01/provider_response_raw.json
1037	DealTech/recovered_prompts_20260723/current_dealtech_nested_agents/agents/buyer-side-acquisition-loop-agent/06_examples/recorded_full_pipeline_case/run_output/stages/block_a/provider/A1/attempt_01/provider_trace.json
3	DealTech/recovered_prompts_20260723/current_dealtech_nested_agents/agents/buyer-side-acquisition-loop-agent/06_examples/recorded_full_pipeline_case/run_output/stages/block_a/provider/A1/attempt_01/rejected_objects.json
181	DealTech/recovered_prompts_20260723/current_dealtech_nested_agents/agents/buyer-side-acquisition-loop-agent/06_examples/recorded_full_pipeline_case/run_output/stages/block_a/provider/A1/attempt_01/returned_citations.json
55	DealTech/recovered_prompts_20260723/current_dealtech_nested_agents/agents/buyer-side-acquisition-loop-agent/06_examples/recorded_full_pipeline_case/run_output/stages/block_a/provider/A1/attempt_01/search_queries.json
3	DealTech/recovered_prompts_20260723/current_dealtech_nested_agents/agents/buyer-side-acquisition-loop-agent/06_examples/recorded_full_pipeline_case/run_output/stages/block_a/provider/A1/attempt_01/tool_calls.json
772	DealTech/recovered_prompts_20260723/current_dealtech_nested_agents/agents/buyer-side-acquisition-loop-agent/06_examples/recorded_full_pipeline_case/run_output/stages/block_a/provider/A1/attempt_01/validation_result.json
3915	DealTech/recovered_prompts_20260723/current_dealtech_nested_agents/agents/buyer-side-acquisition-loop-agent/06_examples/recorded_full_pipeline_case/run_output/stages/block_a/provider/A2/attempt_01/admitted_objects.json
9982	DealTech/recovered_prompts_20260723/current_dealtech_nested_agents/agents/buyer-side-acquisition-loop-agent/06_examples/recorded_full_pipeline_case/run_output/stages/block_a/provider/A2/attempt_01/provider_request.json
6024	DealTech/recovered_prompts_20260723/current_dealtech_nested_agents/agents/buyer-side-acquisition-loop-agent/06_examples/recorded_full_pipeline_case/run_output/stages/block_a/provider/A2/attempt_01/provider_response_raw.json
1010	DealTech/recovered_prompts_20260723/current_dealtech_nested_agents/agents/buyer-side-acquisition-loop-agent/06_examples/recorded_full_pipeline_case/run_output/stages/block_a/provider/A2/attempt_01/provider_trace.json
3	DealTech/recovered_prompts_20260723/current_dealtech_nested_agents/agents/buyer-side-acquisition-loop-agent/06_examples/recorded_full_pipeline_case/run_output/stages/block_a/provider/A2/attempt_01/rejected_objects.json
172	DealTech/recovered_prompts_20260723/current_dealtech_nested_agents/agents/buyer-side-acquisition-loop-agent/06_examples/recorded_full_pipeline_case/run_output/stages/block_a/provider/A2/attempt_01/returned_citations.json
57	DealTech/recovered_prompts_20260723/current_dealtech_nested_agents/agents/buyer-side-acquisition-loop-agent/06_examples/recorded_full_pipeline_case/run_output/stages/block_a/provider/A2/attempt_01/search_queries.json
3	DealTech/recovered_prompts_20260723/current_dealtech_nested_agents/agents/buyer-side-acquisition-loop-agent/06_examples/recorded_full_pipeline_case/run_output/stages/block_a/provider/A2/attempt_01/tool_calls.json
752	DealTech/recovered_prompts_20260723/current_dealtech_nested_agents/agents/buyer-side-acquisition-loop-agent/06_examples/recorded_full_pipeline_case/run_output/stages/block_a/provider/A2/attempt_01/validation_result.json
3365	DealTech/recovered_prompts_20260723/current_dealtech_nested_agents/agents/buyer-side-acquisition-loop-agent/06_examples/recorded_full_pipeline_case/run_output/stages/block_a/provider/A3/attempt_01/admitted_objects.json
29536	DealTech/recovered_prompts_20260723/current_dealtech_nested_agents/agents/buyer-side-acquisition-loop-agent/06_examples/recorded_full_pipeline_case/run_output/stages/block_a/provider/A3/attempt_01/provider_request.json
6902	DealTech/recovered_prompts_20260723/current_dealtech_nested_agents/agents/buyer-side-acquisition-loop-agent/06_examples/recorded_full_pipeline_case/run_output/stages/block_a/provider/A3/attempt_01/provider_response_raw.json
1256	DealTech/recovered_prompts_20260723/current_dealtech_nested_agents/agents/buyer-side-acquisition-loop-agent/06_examples/recorded_full_pipeline_case/run_output/stages/block_a/provider/A3/attempt_01/provider_trace.json
243	DealTech/recovered_prompts_20260723/current_dealtech_nested_agents/agents/buyer-side-acquisition-loop-agent/06_examples/recorded_full_pipeline_case/run_output/stages/block_a/provider/A3/attempt_01/rejected_objects.json
172	DealTech/recovered_prompts_20260723/current_dealtech_nested_agents/agents/buyer-side-acquisition-loop-agent/06_examples/recorded_full_pipeline_case/run_output/stages/block_a/provider/A3/attempt_01/returned_citations.json
59	DealTech/recovered_prompts_20260723/current_dealtech_nested_agents/agents/buyer-side-acquisition-loop-agent/06_examples/recorded_full_pipeline_case/run_output/stages/block_a/provider/A3/attempt_01/search_queries.json
3	DealTech/recovered_prompts_20260723/current_dealtech_nested_agents/agents/buyer-side-acquisition-loop-agent/06_examples/recorded_full_pipeline_case/run_output/stages/block_a/provider/A3/attempt_01/tool_calls.json
742	DealTech/recovered_prompts_20260723/current_dealtech_nested_agents/agents/buyer-side-acquisition-loop-agent/06_examples/recorded_full_pipeline_case/run_output/stages/block_a/provider/A3/attempt_01/validation_result.json
3244	DealTech/recovered_prompts_20260723/current_dealtech_nested_agents/agents/buyer-side-acquisition-loop-agent/06_examples/recorded_full_pipeline_case/run_output/stages/block_a/provider/A3/attempt_02/admitted_objects.json
40890	DealTech/recovered_prompts_20260723/current_dealtech_nested_agents/agents/buyer-side-acquisition-loop-agent/06_examples/recorded_full_pipeline_case/run_output/stages/block_a/provider/A3/attempt_02/provider_request.json
6715	DealTech/recovered_prompts_20260723/current_dealtech_nested_agents/agents/buyer-side-acquisition-loop-agent/06_examples/recorded_full_pipeline_case/run_output/stages/block_a/provider/A3/attempt_02/provider_response_raw.json
1265	DealTech/recovered_prompts_20260723/current_dealtech_nested_agents/agents/buyer-side-acquisition-loop-agent/06_examples/recorded_full_pipeline_case/run_output/stages/block_a/provider/A3/attempt_02/provider_trace.json
242	DealTech/recovered_prompts_20260723/current_dealtech_nested_agents/agents/buyer-side-acquisition-loop-agent/06_examples/recorded_full_pipeline_case/run_output/stages/block_a/provider/A3/attempt_02/rejected_objects.json
186	DealTech/recovered_prompts_20260723/current_dealtech_nested_agents/agents/buyer-side-acquisition-loop-agent/06_examples/recorded_full_pipeline_case/run_output/stages/block_a/provider/A3/attempt_02/returned_citations.json
55	DealTech/recovered_prompts_20260723/current_dealtech_nested_agents/agents/buyer-side-acquisition-loop-agent/06_examples/recorded_full_pipeline_case/run_output/stages/block_a/provider/A3/attempt_02/search_queries.json
3	DealTech/recovered_prompts_20260723/current_dealtech_nested_agents/agents/buyer-side-acquisition-loop-agent/06_examples/recorded_full_pipeline_case/run_output/stages/block_a/provider/A3/attempt_02/tool_calls.json
742	DealTech/recovered_prompts_20260723/current_dealtech_nested_agents/agents/buyer-side-acquisition-loop-agent/06_examples/recorded_full_pipeline_case/run_output/stages/block_a/provider/A3/attempt_02/validation_result.json
3978	DealTech/recovered_prompts_20260723/current_dealtech_nested_agents/agents/buyer-side-acquisition-loop-agent/06_examples/recorded_full_pipeline_case/run_output/stages/block_a/provider/A4/attempt_01/admitted_objects.json
14838	DealTech/recovered_prompts_20260723/current_dealtech_nested_agents/agents/buyer-side-acquisition-loop-agent/06_examples/recorded_full_pipeline_case/run_output/stages/block_a/provider/A4/attempt_01/provider_request.json
6191	DealTech/recovered_prompts_20260723/current_dealtech_nested_agents/agents/buyer-side-acquisition-loop-agent/06_examples/recorded_full_pipeline_case/run_output/stages/block_a/provider/A4/attempt_01/provider_response_raw.json
1035	DealTech/recovered_prompts_20260723/current_dealtech_nested_agents/agents/buyer-side-acquisition-loop-agent/06_examples/recorded_full_pipeline_case/run_output/stages/block_a/provider/A4/attempt_01/provider_trace.json
3	DealTech/recovered_prompts_20260723/current_dealtech_nested_agents/agents/buyer-side-acquisition-loop-agent/06_examples/recorded_full_pipeline_case/run_output/stages/block_a/provider/A4/attempt_01/rejected_objects.json
186	DealTech/recovered_prompts_20260723/current_dealtech_nested_agents/agents/buyer-side-acquisition-loop-agent/06_examples/recorded_full_pipeline_case/run_output/stages/block_a/provider/A4/attempt_01/returned_citations.json
68	DealTech/recovered_prompts_20260723/current_dealtech_nested_agents/agents/buyer-side-acquisition-loop-agent/06_examples/recorded_full_pipeline_case/run_output/stages/block_a/provider/A4/attempt_01/search_queries.json
3	DealTech/recovered_prompts_20260723/current_dealtech_nested_agents/agents/buyer-side-acquisition-loop-agent/06_examples/recorded_full_pipeline_case/run_output/stages/block_a/provider/A4/attempt_01/tool_calls.json
752	DealTech/recovered_prompts_20260723/current_dealtech_nested_agents/agents/buyer-side-acquisition-loop-agent/06_examples/recorded_full_pipeline_case/run_output/stages/block_a/provider/A4/attempt_01/validation_result.json
5847	DealTech/recovered_prompts_20260723/current_dealtech_nested_agents/agents/buyer-side-acquisition-loop-agent/06_examples/recorded_full_pipeline_case/run_output/stages/block_a/provider/A5/attempt_01/admitted_objects.json
15818	DealTech/recovered_prompts_20260723/current_dealtech_nested_agents/agents/buyer-side-acquisition-loop-agent/06_examples/recorded_full_pipeline_case/run_output/stages/block_a/provider/A5/attempt_01/provider_request.json
8317	DealTech/recovered_prompts_20260723/current_dealtech_nested_agents/agents/buyer-side-acquisition-loop-agent/06_examples/recorded_full_pipeline_case/run_output/stages/block_a/provider/A5/attempt_01/provider_response_raw.json
1110	DealTech/recovered_prompts_20260723/current_dealtech_nested_agents/agents/buyer-side-acquisition-loop-agent/06_examples/recorded_full_pipeline_case/run_output/stages/block_a/provider/A5/attempt_01/provider_trace.json
3	DealTech/recovered_prompts_20260723/current_dealtech_nested_agents/agents/buyer-side-acquisition-loop-agent/06_examples/recorded_full_pipeline_case/run_output/stages/block_a/provider/A5/attempt_01/rejected_objects.json
179	DealTech/recovered_prompts_20260723/current_dealtech_nested_agents/agents/buyer-side-acquisition-loop-agent/06_examples/recorded_full_pipeline_case/run_output/stages/block_a/provider/A5/attempt_01/returned_citations.json
60	DealTech/recovered_prompts_20260723/current_dealtech_nested_agents/agents/buyer-side-acquisition-loop-agent/06_examples/recorded_full_pipeline_case/run_output/stages/block_a/provider/A5/attempt_01/search_queries.json
3	DealTech/recovered_prompts_20260723/current_dealtech_nested_agents/agents/buyer-side-acquisition-loop-agent/06_examples/recorded_full_pipeline_case/run_output/stages/block_a/provider/A5/attempt_01/tool_calls.json
815	DealTech/recovered_prompts_20260723/current_dealtech_nested_agents/agents/buyer-side-acquisition-loop-agent/06_examples/recorded_full_pipeline_case/run_output/stages/block_a/provider/A5/attempt_01/validation_result.json
3991	DealTech/recovered_prompts_20260723/current_dealtech_nested_agents/agents/buyer-side-acquisition-loop-agent/06_examples/recorded_full_pipeline_case/run_output/stages/block_a/provider/A6/attempt_01/admitted_objects.json
20717	DealTech/recovered_prompts_20260723/current_dealtech_nested_agents/agents/buyer-side-acquisition-loop-agent/06_examples/recorded_full_pipeline_case/run_output/stages/block_a/provider/A6/attempt_01/provider_request.json
6959	DealTech/recovered_prompts_20260723/current_dealtech_nested_agents/agents/buyer-side-acquisition-loop-agent/06_examples/recorded_full_pipeline_case/run_output/stages/block_a/provider/A6/attempt_01/provider_response_raw.json
1025	DealTech/recovered_prompts_20260723/current_dealtech_nested_agents/agents/buyer-side-acquisition-loop-agent/06_examples/recorded_full_pipeline_case/run_output/stages/block_a/provider/A6/attempt_01/provider_trace.json
3	DealTech/recovered_prompts_20260723/current_dealtech_nested_agents/agents/buyer-side-acquisition-loop-agent/06_examples/recorded_full_pipeline_case/run_output/stages/block_a/provider/A6/attempt_01/rejected_objects.json
188	DealTech/recovered_prompts_20260723/current_dealtech_nested_agents/agents/buyer-side-acquisition-loop-agent/06_examples/recorded_full_pipeline_case/run_output/stages/block_a/provider/A6/attempt_01/returned_citations.json
61	DealTech/recovered_prompts_20260723/current_dealtech_nested_agents/agents/buyer-side-acquisition-loop-agent/06_examples/recorded_full_pipeline_case/run_output/stages/block_a/provider/A6/attempt_01/search_queries.json
3	DealTech/recovered_prompts_20260723/current_dealtech_nested_agents/agents/buyer-side-acquisition-loop-agent/06_examples/recorded_full_pipeline_case/run_output/stages/block_a/provider/A6/attempt_01/tool_calls.json
747	DealTech/recovered_prompts_20260723/current_dealtech_nested_agents/agents/buyer-side-acquisition-loop-agent/06_examples/recorded_full_pipeline_case/run_output/stages/block_a/provider/A6/attempt_01/validation_result.json
5551	DealTech/recovered_prompts_20260723/current_dealtech_nested_agents/agents/buyer-side-acquisition-loop-agent/06_examples/recorded_full_pipeline_case/run_output/stages/block_a/provider/A6/attempt_02/admitted_objects.json
27846	DealTech/recovered_prompts_20260723/current_dealtech_nested_agents/agents/buyer-side-acquisition-loop-agent/06_examples/recorded_full_pipeline_case/run_output/stages/block_a/provider/A6/attempt_02/provider_request.json
9081	DealTech/recovered_prompts_20260723/current_dealtech_nested_agents/agents/buyer-side-acquisition-loop-agent/06_examples/recorded_full_pipeline_case/run_output/stages/block_a/provider/A6/attempt_02/provider_response_raw.json
1303	DealTech/recovered_prompts_20260723/current_dealtech_nested_agents/agents/buyer-side-acquisition-loop-agent/06_examples/recorded_full_pipeline_case/run_output/stages/block_a/provider/A6/attempt_02/provider_trace.json
3	DealTech/recovered_prompts_20260723/current_dealtech_nested_agents/agents/buyer-side-acquisition-loop-agent/06_examples/recorded_full_pipeline_case/run_output/stages/block_a/provider/A6/attempt_02/rejected_objects.json
372	DealTech/recovered_prompts_20260723/current_dealtech_nested_agents/agents/buyer-side-acquisition-loop-agent/06_examples/recorded_full_pipeline_case/run_output/stages/block_a/provider/A6/attempt_02/returned_citations.json
117	DealTech/recovered_prompts_20260723/current_dealtech_nested_agents/agents/buyer-side-acquisition-loop-agent/06_examples/recorded_full_pipeline_case/run_output/stages/block_a/provider/A6/attempt_02/search_queries.json
3	DealTech/recovered_prompts_20260723/current_dealtech_nested_agents/agents/buyer-side-acquisition-loop-agent/06_examples/recorded_full_pipeline_case/run_output/stages/block_a/provider/A6/attempt_02/tool_calls.json
771	DealTech/recovered_prompts_20260723/current_dealtech_nested_agents/agents/buyer-side-acquisition-loop-agent/06_examples/recorded_full_pipeline_case/run_output/stages/block_a/provider/A6/attempt_02/validation_result.json
2905	DealTech/recovered_prompts_20260723/current_dealtech_nested_agents/agents/buyer-side-acquisition-loop-agent/06_examples/recorded_full_pipeline_case/run_output/stages/block_a/provider/A7/attempt_01/admitted_objects.json
30463	DealTech/recovered_prompts_20260723/current_dealtech_nested_agents/agents/buyer-side-acquisition-loop-agent/06_examples/recorded_full_pipeline_case/run_output/stages/block_a/provider/A7/attempt_01/provider_request.json
6539	DealTech/recovered_prompts_20260723/current_dealtech_nested_agents/agents/buyer-side-acquisition-loop-agent/06_examples/recorded_full_pipeline_case/run_output/stages/block_a/provider/A7/attempt_01/provider_response_raw.json
1244	DealTech/recovered_prompts_20260723/current_dealtech_nested_agents/agents/buyer-side-acquisition-loop-agent/06_examples/recorded_full_pipeline_case/run_output/stages/block_a/provider/A7/attempt_01/provider_trace.json
246	DealTech/recovered_prompts_20260723/current_dealtech_nested_agents/agents/buyer-side-acquisition-loop-agent/06_examples/recorded_full_pipeline_case/run_output/stages/block_a/provider/A7/attempt_01/rejected_objects.json
179	DealTech/recovered_prompts_20260723/current_dealtech_nested_agents/agents/buyer-side-acquisition-loop-agent/06_examples/recorded_full_pipeline_case/run_output/stages/block_a/provider/A7/attempt_01/returned_citations.json
60	DealTech/recovered_prompts_20260723/current_dealtech_nested_agents/agents/buyer-side-acquisition-loop-agent/06_examples/recorded_full_pipeline_case/run_output/stages/block_a/provider/A7/attempt_01/search_queries.json
3	DealTech/recovered_prompts_20260723/current_dealtech_nested_agents/agents/buyer-side-acquisition-loop-agent/06_examples/recorded_full_pipeline_case/run_output/stages/block_a/provider/A7/attempt_01/tool_calls.json
719	DealTech/recovered_prompts_20260723/current_dealtech_nested_agents/agents/buyer-side-acquisition-loop-agent/06_examples/recorded_full_pipeline_case/run_output/stages/block_a/provider/A7/attempt_01/validation_result.json
2882	DealTech/recovered_prompts_20260723/current_dealtech_nested_agents/agents/buyer-side-acquisition-loop-agent/06_examples/recorded_full_pipeline_case/run_output/stages/block_a/provider/A7/attempt_02/admitted_objects.json
45152	DealTech/recovered_prompts_20260723/current_dealtech_nested_agents/agents/buyer-side-acquisition-loop-agent/06_examples/recorded_full_pipeline_case/run_output/stages/block_a/provider/A7/attempt_02/provider_request.json
6600	DealTech/recovered_prompts_20260723/current_dealtech_nested_agents/agents/buyer-side-acquisition-loop-agent/06_examples/recorded_full_pipeline_case/run_output/stages/block_a/provider/A7/attempt_02/provider_response_raw.json
1236	DealTech/recovered_prompts_20260723/current_dealtech_nested_agents/agents/buyer-side-acquisition-loop-agent/06_examples/recorded_full_pipeline_case/run_output/stages/block_a/provider/A7/attempt_02/provider_trace.json
242	DealTech/recovered_prompts_20260723/current_dealtech_nested_agents/agents/buyer-side-acquisition-loop-agent/06_examples/recorded_full_pipeline_case/run_output/stages/block_a/provider/A7/attempt_02/rejected_objects.json
186	DealTech/recovered_prompts_20260723/current_dealtech_nested_agents/agents/buyer-side-acquisition-loop-agent/06_examples/recorded_full_pipeline_case/run_output/stages/block_a/provider/A7/attempt_02/returned_citations.json
49	DealTech/recovered_prompts_20260723/current_dealtech_nested_agents/agents/buyer-side-acquisition-loop-agent/06_examples/recorded_full_pipeline_case/run_output/stages/block_a/provider/A7/attempt_02/search_queries.json
3	DealTech/recovered_prompts_20260723/current_dealtech_nested_agents/agents/buyer-side-acquisition-loop-agent/06_examples/recorded_full_pipeline_case/run_output/stages/block_a/provider/A7/attempt_02/tool_calls.json
719	DealTech/recovered_prompts_20260723/current_dealtech_nested_agents/agents/buyer-side-acquisition-loop-agent/06_examples/recorded_full_pipeline_case/run_output/stages/block_a/provider/A7/attempt_02/validation_result.json
720	DealTech/recovered_prompts_20260723/current_dealtech_nested_agents/agents/buyer-side-acquisition-loop-agent/06_examples/recorded_full_pipeline_case/run_output/stages/block_a/provider/attachment_manifest.json
1558	DealTech/recovered_prompts_20260723/current_dealtech_nested_agents/agents/buyer-side-acquisition-loop-agent/06_examples/recorded_full_pipeline_case/run_output/stages/block_a/research/assumptions.json
10312	DealTech/recovered_prompts_20260723/current_dealtech_nested_agents/agents/buyer-side-acquisition-loop-agent/06_examples/recorded_full_pipeline_case/run_output/stages/block_a/research/claim_dependencies.json
21545	DealTech/recovered_prompts_20260723/current_dealtech_nested_agents/agents/buyer-side-acquisition-loop-agent/06_examples/recorded_full_pipeline_case/run_output/stages/block_a/research/claims.json
1362	DealTech/recovered_prompts_20260723/current_dealtech_nested_agents/agents/buyer-side-acquisition-loop-agent/06_examples/recorded_full_pipeline_case/run_output/stages/block_a/research/conflicts.json
7333	DealTech/recovered_prompts_20260723/current_dealtech_nested_agents/agents/buyer-side-acquisition-loop-agent/06_examples/recorded_full_pipeline_case/run_output/stages/block_a/research/counterevidence.json
32074	DealTech/recovered_prompts_20260723/current_dealtech_nested_agents/agents/buyer-side-acquisition-loop-agent/06_examples/recorded_full_pipeline_case/run_output/stages/block_a/research/evidence.json
16650	DealTech/recovered_prompts_20260723/current_dealtech_nested_agents/agents/buyer-side-acquisition-loop-agent/06_examples/recorded_full_pipeline_case/run_output/stages/block_a/research/sources.json
1532	DealTech/recovered_prompts_20260723/current_dealtech_nested_agents/agents/buyer-side-acquisition-loop-agent/06_examples/recorded_full_pipeline_case/run_output/stages/block_a/research/unknowns.json
612	DealTech/recovered_prompts_20260723/current_dealtech_nested_agents/agents/buyer-side-acquisition-loop-agent/06_examples/recorded_full_pipeline_case/run_output/stages/block_a/run_summary.json
1107	DealTech/recovered_prompts_20260723/current_dealtech_nested_agents/agents/buyer-side-acquisition-loop-agent/06_examples/recorded_full_pipeline_case/run_output/stages/block_a/state/final_terminal_state.json
1177	DealTech/recovered_prompts_20260723/current_dealtech_nested_agents/agents/buyer-side-acquisition-loop-agent/06_examples/recorded_full_pipeline_case/run_output/stages/block_a/state/terminal_state_history.json
6303	DealTech/recovered_prompts_20260723/current_dealtech_nested_agents/agents/buyer-side-acquisition-loop-agent/06_examples/recorded_full_pipeline_case/run_output/stages/block_a/verification/er_brb_results.json
860	DealTech/recovered_prompts_20260723/current_dealtech_nested_agents/agents/buyer-side-acquisition-loop-agent/06_examples/recorded_full_pipeline_case/run_output/stages/block_a/verification/evidence_quality_results.json
11924	DealTech/recovered_prompts_20260723/current_dealtech_nested_agents/agents/buyer-side-acquisition-loop-agent/06_examples/recorded_full_pipeline_case/run_output/stages/block_a/verification/pce_results.json
26363	DealTech/recovered_prompts_20260723/current_dealtech_nested_agents/agents/buyer-side-acquisition-loop-agent/06_examples/recorded_full_pipeline_case/run_output/stages/block_b/00_input/admitted_gate_a_result.json
818	DealTech/recovered_prompts_20260723/current_dealtech_nested_agents/agents/buyer-side-acquisition-loop-agent/06_examples/recorded_full_pipeline_case/run_output/stages/block_b/00_input/attachment_manifest.json
80486	DealTech/recovered_prompts_20260723/current_dealtech_nested_agents/agents/buyer-side-acquisition-loop-agent/06_examples/recorded_full_pipeline_case/run_output/stages/block_b/00_input/block_b_input_bundle.json
3629	DealTech/recovered_prompts_20260723/current_dealtech_nested_agents/agents/buyer-side-acquisition-loop-agent/06_examples/recorded_full_pipeline_case/run_output/stages/block_b/00_input/block_b_research_plan.json
1476	DealTech/recovered_prompts_20260723/current_dealtech_nested_agents/agents/buyer-side-acquisition-loop-agent/06_examples/recorded_full_pipeline_case/run_output/stages/block_b/00_input/business_mandate.json
119758	DealTech/recovered_prompts_20260723/current_dealtech_nested_agents/agents/buyer-side-acquisition-loop-agent/06_examples/recorded_full_pipeline_case/run_output/stages/block_b/00_input/case.json
789	DealTech/recovered_prompts_20260723/current_dealtech_nested_agents/agents/buyer-side-acquisition-loop-agent/06_examples/recorded_full_pipeline_case/run_output/stages/block_b/00_input/research_contract.json
2865	DealTech/recovered_prompts_20260723/current_dealtech_nested_agents/agents/buyer-side-acquisition-loop-agent/06_examples/recorded_full_pipeline_case/run_output/stages/block_b/00_input/xlsx_extraction.json
4087	DealTech/recovered_prompts_20260723/current_dealtech_nested_agents/agents/buyer-side-acquisition-loop-agent/06_examples/recorded_full_pipeline_case/run_output/stages/block_b/01_research/assumptions.json
15219	DealTech/recovered_prompts_20260723/current_dealtech_nested_agents/agents/buyer-side-acquisition-loop-agent/06_examples/recorded_full_pipeline_case/run_output/stages/block_b/01_research/claims.json
4565	DealTech/recovered_prompts_20260723/current_dealtech_nested_agents/agents/buyer-side-acquisition-loop-agent/06_examples/recorded_full_pipeline_case/run_output/stages/block_b/01_research/counterevidence.json
239	DealTech/recovered_prompts_20260723/current_dealtech_nested_agents/agents/buyer-side-acquisition-loop-agent/06_examples/recorded_full_pipeline_case/run_output/stages/block_b/01_research/duplicate_source_rejections.json
28528	DealTech/recovered_prompts_20260723/current_dealtech_nested_agents/agents/buyer-side-acquisition-loop-agent/06_examples/recorded_full_pipeline_case/run_output/stages/block_b/01_research/evidence.json
18552	DealTech/recovered_prompts_20260723/current_dealtech_nested_agents/agents/buyer-side-acquisition-loop-agent/06_examples/recorded_full_pipeline_case/run_output/stages/block_b/01_research/source_registry.json
1344	DealTech/recovered_prompts_20260723/current_dealtech_nested_agents/agents/buyer-side-acquisition-loop-agent/06_examples/recorded_full_pipeline_case/run_output/stages/block_b/01_research/unknowns.json
3384	DealTech/recovered_prompts_20260723/current_dealtech_nested_agents/agents/buyer-side-acquisition-loop-agent/06_examples/recorded_full_pipeline_case/run_output/stages/block_b/02_modules/b1_executions.json
2988	DealTech/recovered_prompts_20260723/current_dealtech_nested_agents/agents/buyer-side-acquisition-loop-agent/06_examples/recorded_full_pipeline_case/run_output/stages/block_b/02_modules/b2_executions.json
5939	DealTech/recovered_prompts_20260723/current_dealtech_nested_agents/agents/buyer-side-acquisition-loop-agent/06_examples/recorded_full_pipeline_case/run_output/stages/block_b/02_modules/b3_executions.json
3206	DealTech/recovered_prompts_20260723/current_dealtech_nested_agents/agents/buyer-side-acquisition-loop-agent/06_examples/recorded_full_pipeline_case/run_output/stages/block_b/02_modules/b4_executions.json
5741	DealTech/recovered_prompts_20260723/current_dealtech_nested_agents/agents/buyer-side-acquisition-loop-agent/06_examples/recorded_full_pipeline_case/run_output/stages/block_b/02_modules/b5_executions.json
21246	DealTech/recovered_prompts_20260723/current_dealtech_nested_agents/agents/buyer-side-acquisition-loop-agent/06_examples/recorded_full_pipeline_case/run_output/stages/block_b/02_modules/module_executions.json
32914	DealTech/recovered_prompts_20260723/current_dealtech_nested_agents/agents/buyer-side-acquisition-loop-agent/06_examples/recorded_full_pipeline_case/run_output/stages/block_b/03_financial_data/financial_data_points.json
4828	DealTech/recovered_prompts_20260723/current_dealtech_nested_agents/agents/buyer-side-acquisition-loop-agent/06_examples/recorded_full_pipeline_case/run_output/stages/block_b/03_financial_data/normalization_records.json
1892	DealTech/recovered_prompts_20260723/current_dealtech_nested_agents/agents/buyer-side-acquisition-loop-agent/06_examples/recorded_full_pipeline_case/run_output/stages/block_b/03_financial_data/synergy_records.json
586	DealTech/recovered_prompts_20260723/current_dealtech_nested_agents/agents/buyer-side-acquisition-loop-agent/06_examples/recorded_full_pipeline_case/run_output/stages/block_b/04_calculations/calculation_gap_history.json
11146	DealTech/recovered_prompts_20260723/current_dealtech_nested_agents/agents/buyer-side-acquisition-loop-agent/06_examples/recorded_full_pipeline_case/run_output/stages/block_b/04_calculations/calculation_replays.json
48707	DealTech/recovered_prompts_20260723/current_dealtech_nested_agents/agents/buyer-side-acquisition-loop-agent/06_examples/recorded_full_pipeline_case/run_output/stages/block_b/04_calculations/calculations.json
31880	DealTech/recovered_prompts_20260723/current_dealtech_nested_agents/agents/buyer-side-acquisition-loop-agent/06_examples/recorded_full_pipeline_case/run_output/stages/block_b/04_calculations/latest_calculations.json
365	DealTech/recovered_prompts_20260723/current_dealtech_nested_agents/agents/buyer-side-acquisition-loop-agent/06_examples/recorded_full_pipeline_case/run_output/stages/block_b/05_controls/certification_adapter_boundary.json
113	DealTech/recovered_prompts_20260723/current_dealtech_nested_agents/agents/buyer-side-acquisition-loop-agent/06_examples/recorded_full_pipeline_case/run_output/stages/block_b/05_controls/control_execution_order.json
5624	DealTech/recovered_prompts_20260723/current_dealtech_nested_agents/agents/buyer-side-acquisition-loop-agent/06_examples/recorded_full_pipeline_case/run_output/stages/block_b/05_controls/er_brb_results.json
785	DealTech/recovered_prompts_20260723/current_dealtech_nested_agents/agents/buyer-side-acquisition-loop-agent/06_examples/recorded_full_pipeline_case/run_output/stages/block_b/05_controls/human_review_items.json
14018	DealTech/recovered_prompts_20260723/current_dealtech_nested_agents/agents/buyer-side-acquisition-loop-agent/06_examples/recorded_full_pipeline_case/run_output/stages/block_b/05_controls/pce_prechecks.json
8157	DealTech/recovered_prompts_20260723/current_dealtech_nested_agents/agents/buyer-side-acquisition-loop-agent/06_examples/recorded_full_pipeline_case/run_output/stages/block_b/05_controls/pce_results.json
30895	DealTech/recovered_prompts_20260723/current_dealtech_nested_agents/agents/buyer-side-acquisition-loop-agent/06_examples/recorded_full_pipeline_case/run_output/stages/block_b/06_gate_b/gate_b_history.json
14735	DealTech/recovered_prompts_20260723/current_dealtech_nested_agents/agents/buyer-side-acquisition-loop-agent/06_examples/recorded_full_pipeline_case/run_output/stages/block_b/06_gate_b/gate_b_result.json
755	DealTech/recovered_prompts_20260723/current_dealtech_nested_agents/agents/buyer-side-acquisition-loop-agent/06_examples/recorded_full_pipeline_case/run_output/stages/block_b/07_loop/iteration_records.json
1625	DealTech/recovered_prompts_20260723/current_dealtech_nested_agents/agents/buyer-side-acquisition-loop-agent/06_examples/recorded_full_pipeline_case/run_output/stages/block_b/07_loop/loop_events.json
508	DealTech/recovered_prompts_20260723/current_dealtech_nested_agents/agents/buyer-side-acquisition-loop-agent/06_examples/recorded_full_pipeline_case/run_output/stages/block_b/07_loop/terminal_state.json
7590	DealTech/recovered_prompts_20260723/current_dealtech_nested_agents/agents/buyer-side-acquisition-loop-agent/06_examples/recorded_full_pipeline_case/run_output/stages/block_b/provider/B1/attempt_01/admitted_objects.json
9159	DealTech/recovered_prompts_20260723/current_dealtech_nested_agents/agents/buyer-side-acquisition-loop-agent/06_examples/recorded_full_pipeline_case/run_output/stages/block_b/provider/B1/attempt_01/provider_request.json
28195	DealTech/recovered_prompts_20260723/current_dealtech_nested_agents/agents/buyer-side-acquisition-loop-agent/06_examples/recorded_full_pipeline_case/run_output/stages/block_b/provider/B1/attempt_01/provider_response_raw.json
1032	DealTech/recovered_prompts_20260723/current_dealtech_nested_agents/agents/buyer-side-acquisition-loop-agent/06_examples/recorded_full_pipeline_case/run_output/stages/block_b/provider/B1/attempt_01/provider_trace.json
3	DealTech/recovered_prompts_20260723/current_dealtech_nested_agents/agents/buyer-side-acquisition-loop-agent/06_examples/recorded_full_pipeline_case/run_output/stages/block_b/provider/B1/attempt_01/rejected_objects.json
3	DealTech/recovered_prompts_20260723/current_dealtech_nested_agents/agents/buyer-side-acquisition-loop-agent/06_examples/recorded_full_pipeline_case/run_output/stages/block_b/provider/B1/attempt_01/returned_citations.json
86	DealTech/recovered_prompts_20260723/current_dealtech_nested_agents/agents/buyer-side-acquisition-loop-agent/06_examples/recorded_full_pipeline_case/run_output/stages/block_b/provider/B1/attempt_01/search_queries.json
3	DealTech/recovered_prompts_20260723/current_dealtech_nested_agents/agents/buyer-side-acquisition-loop-agent/06_examples/recorded_full_pipeline_case/run_output/stages/block_b/provider/B1/attempt_01/tool_calls.json
874	DealTech/recovered_prompts_20260723/current_dealtech_nested_agents/agents/buyer-side-acquisition-loop-agent/06_examples/recorded_full_pipeline_case/run_output/stages/block_b/provider/B1/attempt_01/validation_result.json
4227	DealTech/recovered_prompts_20260723/current_dealtech_nested_agents/agents/buyer-side-acquisition-loop-agent/06_examples/recorded_full_pipeline_case/run_output/stages/block_b/provider/B2/attempt_01/admitted_objects.json
9182	DealTech/recovered_prompts_20260723/current_dealtech_nested_agents/agents/buyer-side-acquisition-loop-agent/06_examples/recorded_full_pipeline_case/run_output/stages/block_b/provider/B2/attempt_01/provider_request.json
17014	DealTech/recovered_prompts_20260723/current_dealtech_nested_agents/agents/buyer-side-acquisition-loop-agent/06_examples/recorded_full_pipeline_case/run_output/stages/block_b/provider/B2/attempt_01/provider_response_raw.json
1092	DealTech/recovered_prompts_20260723/current_dealtech_nested_agents/agents/buyer-side-acquisition-loop-agent/06_examples/recorded_full_pipeline_case/run_output/stages/block_b/provider/B2/attempt_01/provider_trace.json
239	DealTech/recovered_prompts_20260723/current_dealtech_nested_agents/agents/buyer-side-acquisition-loop-agent/06_examples/recorded_full_pipeline_case/run_output/stages/block_b/provider/B2/attempt_01/rejected_objects.json
3	DealTech/recovered_prompts_20260723/current_dealtech_nested_agents/agents/buyer-side-acquisition-loop-agent/06_examples/recorded_full_pipeline_case/run_output/stages/block_b/provider/B2/attempt_01/returned_citations.json
3	DealTech/recovered_prompts_20260723/current_dealtech_nested_agents/agents/buyer-side-acquisition-loop-agent/06_examples/recorded_full_pipeline_case/run_output/stages/block_b/provider/B2/attempt_01/search_queries.json
3	DealTech/recovered_prompts_20260723/current_dealtech_nested_agents/agents/buyer-side-acquisition-loop-agent/06_examples/recorded_full_pipeline_case/run_output/stages/block_b/provider/B2/attempt_01/tool_calls.json
773	DealTech/recovered_prompts_20260723/current_dealtech_nested_agents/agents/buyer-side-acquisition-loop-agent/06_examples/recorded_full_pipeline_case/run_output/stages/block_b/provider/B2/attempt_01/validation_result.json
5869	DealTech/recovered_prompts_20260723/current_dealtech_nested_agents/agents/buyer-side-acquisition-loop-agent/06_examples/recorded_full_pipeline_case/run_output/stages/block_b/provider/B3/attempt_01/admitted_objects.json
11013	DealTech/recovered_prompts_20260723/current_dealtech_nested_agents/agents/buyer-side-acquisition-loop-agent/06_examples/recorded_full_pipeline_case/run_output/stages/block_b/provider/B3/attempt_01/provider_request.json
12305	DealTech/recovered_prompts_20260723/current_dealtech_nested_agents/agents/buyer-side-acquisition-loop-agent/06_examples/recorded_full_pipeline_case/run_output/stages/block_b/provider/B3/attempt_01/provider_response_raw.json
931	DealTech/recovered_prompts_20260723/current_dealtech_nested_agents/agents/buyer-side-acquisition-loop-agent/06_examples/recorded_full_pipeline_case/run_output/stages/block_b/provider/B3/attempt_01/provider_trace.json
3	DealTech/recovered_prompts_20260723/current_dealtech_nested_agents/agents/buyer-side-acquisition-loop-agent/06_examples/recorded_full_pipeline_case/run_output/stages/block_b/provider/B3/attempt_01/rejected_objects.json
3	DealTech/recovered_prompts_20260723/current_dealtech_nested_agents/agents/buyer-side-acquisition-loop-agent/06_examples/recorded_full_pipeline_case/run_output/stages/block_b/provider/B3/attempt_01/returned_citations.json
35	DealTech/recovered_prompts_20260723/current_dealtech_nested_agents/agents/buyer-side-acquisition-loop-agent/06_examples/recorded_full_pipeline_case/run_output/stages/block_b/provider/B3/attempt_01/search_queries.json
3	DealTech/recovered_prompts_20260723/current_dealtech_nested_agents/agents/buyer-side-acquisition-loop-agent/06_examples/recorded_full_pipeline_case/run_output/stages/block_b/provider/B3/attempt_01/tool_calls.json
826	DealTech/recovered_prompts_20260723/current_dealtech_nested_agents/agents/buyer-side-acquisition-loop-agent/06_examples/recorded_full_pipeline_case/run_output/stages/block_b/provider/B3/attempt_01/validation_result.json
4173	DealTech/recovered_prompts_20260723/current_dealtech_nested_agents/agents/buyer-side-acquisition-loop-agent/06_examples/recorded_full_pipeline_case/run_output/stages/block_b/provider/B3/attempt_02/admitted_objects.json
20416	DealTech/recovered_prompts_20260723/current_dealtech_nested_agents/agents/buyer-side-acquisition-loop-agent/06_examples/recorded_full_pipeline_case/run_output/stages/block_b/provider/B3/attempt_02/provider_request.json
7161	DealTech/recovered_prompts_20260723/current_dealtech_nested_agents/agents/buyer-side-acquisition-loop-agent/06_examples/recorded_full_pipeline_case/run_output/stages/block_b/provider/B3/attempt_02/provider_response_raw.json
893	DealTech/recovered_prompts_20260723/current_dealtech_nested_agents/agents/buyer-side-acquisition-loop-agent/06_examples/recorded_full_pipeline_case/run_output/stages/block_b/provider/B3/attempt_02/provider_trace.json
3	DealTech/recovered_prompts_20260723/current_dealtech_nested_agents/agents/buyer-side-acquisition-loop-agent/06_examples/recorded_full_pipeline_case/run_output/stages/block_b/provider/B3/attempt_02/rejected_objects.json
3	DealTech/recovered_prompts_20260723/current_dealtech_nested_agents/agents/buyer-side-acquisition-loop-agent/06_examples/recorded_full_pipeline_case/run_output/stages/block_b/provider/B3/attempt_02/returned_citations.json
41	DealTech/recovered_prompts_20260723/current_dealtech_nested_agents/agents/buyer-side-acquisition-loop-agent/06_examples/recorded_full_pipeline_case/run_output/stages/block_b/provider/B3/attempt_02/search_queries.json
3	DealTech/recovered_prompts_20260723/current_dealtech_nested_agents/agents/buyer-side-acquisition-loop-agent/06_examples/recorded_full_pipeline_case/run_output/stages/block_b/provider/B3/attempt_02/tool_calls.json
783	DealTech/recovered_prompts_20260723/current_dealtech_nested_agents/agents/buyer-side-acquisition-loop-agent/06_examples/recorded_full_pipeline_case/run_output/stages/block_b/provider/B3/attempt_02/validation_result.json
4690	DealTech/recovered_prompts_20260723/current_dealtech_nested_agents/agents/buyer-side-acquisition-loop-agent/06_examples/recorded_full_pipeline_case/run_output/stages/block_b/provider/B4/attempt_01/admitted_objects.json
10572	DealTech/recovered_prompts_20260723/current_dealtech_nested_agents/agents/buyer-side-acquisition-loop-agent/06_examples/recorded_full_pipeline_case/run_output/stages/block_b/provider/B4/attempt_01/provider_request.json
12704	DealTech/recovered_prompts_20260723/current_dealtech_nested_agents/agents/buyer-side-acquisition-loop-agent/06_examples/recorded_full_pipeline_case/run_output/stages/block_b/provider/B4/attempt_01/provider_response_raw.json
868	DealTech/recovered_prompts_20260723/current_dealtech_nested_agents/agents/buyer-side-acquisition-loop-agent/06_examples/recorded_full_pipeline_case/run_output/stages/block_b/provider/B4/attempt_01/provider_trace.json
3	DealTech/recovered_prompts_20260723/current_dealtech_nested_agents/agents/buyer-side-acquisition-loop-agent/06_examples/recorded_full_pipeline_case/run_output/stages/block_b/provider/B4/attempt_01/rejected_objects.json
3	DealTech/recovered_prompts_20260723/current_dealtech_nested_agents/agents/buyer-side-acquisition-loop-agent/06_examples/recorded_full_pipeline_case/run_output/stages/block_b/provider/B4/attempt_01/returned_citations.json
3	DealTech/recovered_prompts_20260723/current_dealtech_nested_agents/agents/buyer-side-acquisition-loop-agent/06_examples/recorded_full_pipeline_case/run_output/stages/block_b/provider/B4/attempt_01/search_queries.json
3	DealTech/recovered_prompts_20260723/current_dealtech_nested_agents/agents/buyer-side-acquisition-loop-agent/06_examples/recorded_full_pipeline_case/run_output/stages/block_b/provider/B4/attempt_01/tool_calls.json
799	DealTech/recovered_prompts_20260723/current_dealtech_nested_agents/agents/buyer-side-acquisition-loop-agent/06_examples/recorded_full_pipeline_case/run_output/stages/block_b/provider/B4/attempt_01/validation_result.json
4225	DealTech/recovered_prompts_20260723/current_dealtech_nested_agents/agents/buyer-side-acquisition-loop-agent/06_examples/recorded_full_pipeline_case/run_output/stages/block_b/provider/B5/attempt_01/admitted_objects.json
13295	DealTech/recovered_prompts_20260723/current_dealtech_nested_agents/agents/buyer-side-acquisition-loop-agent/06_examples/recorded_full_pipeline_case/run_output/stages/block_b/provider/B5/attempt_01/provider_request.json
12874	DealTech/recovered_prompts_20260723/current_dealtech_nested_agents/agents/buyer-side-acquisition-loop-agent/06_examples/recorded_full_pipeline_case/run_output/stages/block_b/provider/B5/attempt_01/provider_response_raw.json
837	DealTech/recovered_prompts_20260723/current_dealtech_nested_agents/agents/buyer-side-acquisition-loop-agent/06_examples/recorded_full_pipeline_case/run_output/stages/block_b/provider/B5/attempt_01/provider_trace.json
3	DealTech/recovered_prompts_20260723/current_dealtech_nested_agents/agents/buyer-side-acquisition-loop-agent/06_examples/recorded_full_pipeline_case/run_output/stages/block_b/provider/B5/attempt_01/rejected_objects.json
3	DealTech/recovered_prompts_20260723/current_dealtech_nested_agents/agents/buyer-side-acquisition-loop-agent/06_examples/recorded_full_pipeline_case/run_output/stages/block_b/provider/B5/attempt_01/returned_citations.json
3	DealTech/recovered_prompts_20260723/current_dealtech_nested_agents/agents/buyer-side-acquisition-loop-agent/06_examples/recorded_full_pipeline_case/run_output/stages/block_b/provider/B5/attempt_01/search_queries.json
3	DealTech/recovered_prompts_20260723/current_dealtech_nested_agents/agents/buyer-side-acquisition-loop-agent/06_examples/recorded_full_pipeline_case/run_output/stages/block_b/provider/B5/attempt_01/tool_calls.json
768	DealTech/recovered_prompts_20260723/current_dealtech_nested_agents/agents/buyer-side-acquisition-loop-agent/06_examples/recorded_full_pipeline_case/run_output/stages/block_b/provider/B5/attempt_01/validation_result.json
3730	DealTech/recovered_prompts_20260723/current_dealtech_nested_agents/agents/buyer-side-acquisition-loop-agent/06_examples/recorded_full_pipeline_case/run_output/stages/block_b/provider/B5/attempt_02/admitted_objects.json
17961	DealTech/recovered_prompts_20260723/current_dealtech_nested_agents/agents/buyer-side-acquisition-loop-agent/06_examples/recorded_full_pipeline_case/run_output/stages/block_b/provider/B5/attempt_02/provider_request.json
5736	DealTech/recovered_prompts_20260723/current_dealtech_nested_agents/agents/buyer-side-acquisition-loop-agent/06_examples/recorded_full_pipeline_case/run_output/stages/block_b/provider/B5/attempt_02/provider_response_raw.json
815	DealTech/recovered_prompts_20260723/current_dealtech_nested_agents/agents/buyer-side-acquisition-loop-agent/06_examples/recorded_full_pipeline_case/run_output/stages/block_b/provider/B5/attempt_02/provider_trace.json
3	DealTech/recovered_prompts_20260723/current_dealtech_nested_agents/agents/buyer-side-acquisition-loop-agent/06_examples/recorded_full_pipeline_case/run_output/stages/block_b/provider/B5/attempt_02/rejected_objects.json
3	DealTech/recovered_prompts_20260723/current_dealtech_nested_agents/agents/buyer-side-acquisition-loop-agent/06_examples/recorded_full_pipeline_case/run_output/stages/block_b/provider/B5/attempt_02/returned_citations.json
3	DealTech/recovered_prompts_20260723/current_dealtech_nested_agents/agents/buyer-side-acquisition-loop-agent/06_examples/recorded_full_pipeline_case/run_output/stages/block_b/provider/B5/attempt_02/search_queries.json
3	DealTech/recovered_prompts_20260723/current_dealtech_nested_agents/agents/buyer-side-acquisition-loop-agent/06_examples/recorded_full_pipeline_case/run_output/stages/block_b/provider/B5/attempt_02/tool_calls.json
748	DealTech/recovered_prompts_20260723/current_dealtech_nested_agents/agents/buyer-side-acquisition-loop-agent/06_examples/recorded_full_pipeline_case/run_output/stages/block_b/provider/B5/attempt_02/validation_result.json
1519	DealTech/recovered_prompts_20260723/current_dealtech_nested_agents/agents/buyer-side-acquisition-loop-agent/06_examples/recorded_full_pipeline_case/run_output/stages/block_b/run_summary.json
774	DealTech/recovered_prompts_20260723/current_dealtech_nested_agents/agents/buyer-side-acquisition-loop-agent/06_examples/recorded_full_pipeline_case/run_output/stages/block_c/00_input/attachment_manifest.json
226632	DealTech/recovered_prompts_20260723/current_dealtech_nested_agents/agents/buyer-side-acquisition-loop-agent/06_examples/recorded_full_pipeline_case/run_output/stages/block_c/00_input/block_c_input_bundle.json
578	DealTech/recovered_prompts_20260723/current_dealtech_nested_agents/agents/buyer-side-acquisition-loop-agent/06_examples/recorded_full_pipeline_case/run_output/stages/block_c/00_input/block_c_input_validation.json
4407	DealTech/recovered_prompts_20260723/current_dealtech_nested_agents/agents/buyer-side-acquisition-loop-agent/06_examples/recorded_full_pipeline_case/run_output/stages/block_c/00_input/block_c_research_plan.json
245262	DealTech/recovered_prompts_20260723/current_dealtech_nested_agents/agents/buyer-side-acquisition-loop-agent/06_examples/recorded_full_pipeline_case/run_output/stages/block_c/00_input/case.json
394	DealTech/recovered_prompts_20260723/current_dealtech_nested_agents/agents/buyer-side-acquisition-loop-agent/06_examples/recorded_full_pipeline_case/run_output/stages/block_c/00_input/upstream_integrity_after.json
5556	DealTech/recovered_prompts_20260723/current_dealtech_nested_agents/agents/buyer-side-acquisition-loop-agent/06_examples/recorded_full_pipeline_case/run_output/stages/block_c/01_research/assumptions.json
16568	DealTech/recovered_prompts_20260723/current_dealtech_nested_agents/agents/buyer-side-acquisition-loop-agent/06_examples/recorded_full_pipeline_case/run_output/stages/block_c/01_research/claims.json
5669	DealTech/recovered_prompts_20260723/current_dealtech_nested_agents/agents/buyer-side-acquisition-loop-agent/06_examples/recorded_full_pipeline_case/run_output/stages/block_c/01_research/counterevidence.json
14931	DealTech/recovered_prompts_20260723/current_dealtech_nested_agents/agents/buyer-side-acquisition-loop-agent/06_examples/recorded_full_pipeline_case/run_output/stages/block_c/01_research/evidence.json
11933	DealTech/recovered_prompts_20260723/current_dealtech_nested_agents/agents/buyer-side-acquisition-loop-agent/06_examples/recorded_full_pipeline_case/run_output/stages/block_c/01_research/source_registry.json
5309	DealTech/recovered_prompts_20260723/current_dealtech_nested_agents/agents/buyer-side-acquisition-loop-agent/06_examples/recorded_full_pipeline_case/run_output/stages/block_c/01_research/unknowns.json
2943	DealTech/recovered_prompts_20260723/current_dealtech_nested_agents/agents/buyer-side-acquisition-loop-agent/06_examples/recorded_full_pipeline_case/run_output/stages/block_c/02_modules/c1_executions.json
5682	DealTech/recovered_prompts_20260723/current_dealtech_nested_agents/agents/buyer-side-acquisition-loop-agent/06_examples/recorded_full_pipeline_case/run_output/stages/block_c/02_modules/c2_executions.json
2909	DealTech/recovered_prompts_20260723/current_dealtech_nested_agents/agents/buyer-side-acquisition-loop-agent/06_examples/recorded_full_pipeline_case/run_output/stages/block_c/02_modules/c3_executions.json
5841	DealTech/recovered_prompts_20260723/current_dealtech_nested_agents/agents/buyer-side-acquisition-loop-agent/06_examples/recorded_full_pipeline_case/run_output/stages/block_c/02_modules/c4_executions.json
5505	DealTech/recovered_prompts_20260723/current_dealtech_nested_agents/agents/buyer-side-acquisition-loop-agent/06_examples/recorded_full_pipeline_case/run_output/stages/block_c/02_modules/c5_executions.json
22868	DealTech/recovered_prompts_20260723/current_dealtech_nested_agents/agents/buyer-side-acquisition-loop-agent/06_examples/recorded_full_pipeline_case/run_output/stages/block_c/02_modules/module_executions.json
2987	DealTech/recovered_prompts_20260723/current_dealtech_nested_agents/agents/buyer-side-acquisition-loop-agent/06_examples/recorded_full_pipeline_case/run_output/stages/block_c/03_risk_records/diligence_finding_history.json
2690	DealTech/recovered_prompts_20260723/current_dealtech_nested_agents/agents/buyer-side-acquisition-loop-agent/06_examples/recorded_full_pipeline_case/run_output/stages/block_c/03_risk_records/downside_scenario_history.json
1397	DealTech/recovered_prompts_20260723/current_dealtech_nested_agents/agents/buyer-side-acquisition-loop-agent/06_examples/recorded_full_pipeline_case/run_output/stages/block_c/03_risk_records/integration_risk_history.json
2987	DealTech/recovered_prompts_20260723/current_dealtech_nested_agents/agents/buyer-side-acquisition-loop-agent/06_examples/recorded_full_pipeline_case/run_output/stages/block_c/03_risk_records/latest_diligence_findings.json
1358	DealTech/recovered_prompts_20260723/current_dealtech_nested_agents/agents/buyer-side-acquisition-loop-agent/06_examples/recorded_full_pipeline_case/run_output/stages/block_c/03_risk_records/latest_downside_scenarios.json
1397	DealTech/recovered_prompts_20260723/current_dealtech_nested_agents/agents/buyer-side-acquisition-loop-agent/06_examples/recorded_full_pipeline_case/run_output/stages/block_c/03_risk_records/latest_integration_risks.json
1073	DealTech/recovered_prompts_20260723/current_dealtech_nested_agents/agents/buyer-side-acquisition-loop-agent/06_examples/recorded_full_pipeline_case/run_output/stages/block_c/03_risk_records/latest_regulatory_risks.json
2047	DealTech/recovered_prompts_20260723/current_dealtech_nested_agents/agents/buyer-side-acquisition-loop-agent/06_examples/recorded_full_pipeline_case/run_output/stages/block_c/03_risk_records/regulatory_risk_history.json
365	DealTech/recovered_prompts_20260723/current_dealtech_nested_agents/agents/buyer-side-acquisition-loop-agent/06_examples/recorded_full_pipeline_case/run_output/stages/block_c/04_controls/certification_adapter_boundary.json
160	DealTech/recovered_prompts_20260723/current_dealtech_nested_agents/agents/buyer-side-acquisition-loop-agent/06_examples/recorded_full_pipeline_case/run_output/stages/block_c/04_controls/control_execution_order.json
5261	DealTech/recovered_prompts_20260723/current_dealtech_nested_agents/agents/buyer-side-acquisition-loop-agent/06_examples/recorded_full_pipeline_case/run_output/stages/block_c/04_controls/er_brb_results.json
2164	DealTech/recovered_prompts_20260723/current_dealtech_nested_agents/agents/buyer-side-acquisition-loop-agent/06_examples/recorded_full_pipeline_case/run_output/stages/block_c/04_controls/human_review_items.json
16307	DealTech/recovered_prompts_20260723/current_dealtech_nested_agents/agents/buyer-side-acquisition-loop-agent/06_examples/recorded_full_pipeline_case/run_output/stages/block_c/04_controls/pce_prechecks.json
9396	DealTech/recovered_prompts_20260723/current_dealtech_nested_agents/agents/buyer-side-acquisition-loop-agent/06_examples/recorded_full_pipeline_case/run_output/stages/block_c/04_controls/pce_results.json
4435	DealTech/recovered_prompts_20260723/current_dealtech_nested_agents/agents/buyer-side-acquisition-loop-agent/06_examples/recorded_full_pipeline_case/run_output/stages/block_c/05_gate_c/decision_state.json
42341	DealTech/recovered_prompts_20260723/current_dealtech_nested_agents/agents/buyer-side-acquisition-loop-agent/06_examples/recorded_full_pipeline_case/run_output/stages/block_c/05_gate_c/gate_c_history.json
20328	DealTech/recovered_prompts_20260723/current_dealtech_nested_agents/agents/buyer-side-acquisition-loop-agent/06_examples/recorded_full_pipeline_case/run_output/stages/block_c/05_gate_c/gate_c_result.json
727	DealTech/recovered_prompts_20260723/current_dealtech_nested_agents/agents/buyer-side-acquisition-loop-agent/06_examples/recorded_full_pipeline_case/run_output/stages/block_c/09_loop/iteration_records.json
356	DealTech/recovered_prompts_20260723/current_dealtech_nested_agents/agents/buyer-side-acquisition-loop-agent/06_examples/recorded_full_pipeline_case/run_output/stages/block_c/09_loop/memory_state.json
573	DealTech/recovered_prompts_20260723/current_dealtech_nested_agents/agents/buyer-side-acquisition-loop-agent/06_examples/recorded_full_pipeline_case/run_output/stages/block_c/09_loop/research_gap_history.json
1726	DealTech/recovered_prompts_20260723/current_dealtech_nested_agents/agents/buyer-side-acquisition-loop-agent/06_examples/recorded_full_pipeline_case/run_output/stages/block_c/09_loop/unified_loop_events.json
2164	DealTech/recovered_prompts_20260723/current_dealtech_nested_agents/agents/buyer-side-acquisition-loop-agent/06_examples/recorded_full_pipeline_case/run_output/stages/block_c/human_review/human_review_items.json
3	DealTech/recovered_prompts_20260723/current_dealtech_nested_agents/agents/buyer-side-acquisition-loop-agent/06_examples/recorded_full_pipeline_case/run_output/stages/block_c/human_review/human_review_responses.json
640	DealTech/recovered_prompts_20260723/current_dealtech_nested_agents/agents/buyer-side-acquisition-loop-agent/06_examples/recorded_full_pipeline_case/run_output/stages/block_c/human_review/response_template.json
3	DealTech/recovered_prompts_20260723/current_dealtech_nested_agents/agents/buyer-side-acquisition-loop-agent/06_examples/recorded_full_pipeline_case/run_output/stages/block_c/human_review/response_validation_results.json
4152	DealTech/recovered_prompts_20260723/current_dealtech_nested_agents/agents/buyer-side-acquisition-loop-agent/06_examples/recorded_full_pipeline_case/run_output/stages/block_c/human_review/review_item_history.json
5830	DealTech/recovered_prompts_20260723/current_dealtech_nested_agents/agents/buyer-side-acquisition-loop-agent/06_examples/recorded_full_pipeline_case/run_output/stages/block_c/provider/C1/attempt_01/admitted_objects.json
9206	DealTech/recovered_prompts_20260723/current_dealtech_nested_agents/agents/buyer-side-acquisition-loop-agent/06_examples/recorded_full_pipeline_case/run_output/stages/block_c/provider/C1/attempt_01/provider_request.json
11179	DealTech/recovered_prompts_20260723/current_dealtech_nested_agents/agents/buyer-side-acquisition-loop-agent/06_examples/recorded_full_pipeline_case/run_output/stages/block_c/provider/C1/attempt_01/provider_response_raw.json
1008	DealTech/recovered_prompts_20260723/current_dealtech_nested_agents/agents/buyer-side-acquisition-loop-agent/06_examples/recorded_full_pipeline_case/run_output/stages/block_c/provider/C1/attempt_01/provider_trace.json
3	DealTech/recovered_prompts_20260723/current_dealtech_nested_agents/agents/buyer-side-acquisition-loop-agent/06_examples/recorded_full_pipeline_case/run_output/stages/block_c/provider/C1/attempt_01/rejected_objects.json
3	DealTech/recovered_prompts_20260723/current_dealtech_nested_agents/agents/buyer-side-acquisition-loop-agent/06_examples/recorded_full_pipeline_case/run_output/stages/block_c/provider/C1/attempt_01/returned_citations.json
60	DealTech/recovered_prompts_20260723/current_dealtech_nested_agents/agents/buyer-side-acquisition-loop-agent/06_examples/recorded_full_pipeline_case/run_output/stages/block_c/provider/C1/attempt_01/search_queries.json
74	DealTech/recovered_prompts_20260723/current_dealtech_nested_agents/agents/buyer-side-acquisition-loop-agent/06_examples/recorded_full_pipeline_case/run_output/stages/block_c/provider/C1/attempt_01/tool_calls.json
839	DealTech/recovered_prompts_20260723/current_dealtech_nested_agents/agents/buyer-side-acquisition-loop-agent/06_examples/recorded_full_pipeline_case/run_output/stages/block_c/provider/C1/attempt_01/validation_result.json
3895	DealTech/recovered_prompts_20260723/current_dealtech_nested_agents/agents/buyer-side-acquisition-loop-agent/06_examples/recorded_full_pipeline_case/run_output/stages/block_c/provider/C2/attempt_01/admitted_objects.json
9334	DealTech/recovered_prompts_20260723/current_dealtech_nested_agents/agents/buyer-side-acquisition-loop-agent/06_examples/recorded_full_pipeline_case/run_output/stages/block_c/provider/C2/attempt_01/provider_request.json
6766	DealTech/recovered_prompts_20260723/current_dealtech_nested_agents/agents/buyer-side-acquisition-loop-agent/06_examples/recorded_full_pipeline_case/run_output/stages/block_c/provider/C2/attempt_01/provider_response_raw.json
944	DealTech/recovered_prompts_20260723/current_dealtech_nested_agents/agents/buyer-side-acquisition-loop-agent/06_examples/recorded_full_pipeline_case/run_output/stages/block_c/provider/C2/attempt_01/provider_trace.json
3	DealTech/recovered_prompts_20260723/current_dealtech_nested_agents/agents/buyer-side-acquisition-loop-agent/06_examples/recorded_full_pipeline_case/run_output/stages/block_c/provider/C2/attempt_01/rejected_objects.json
3	DealTech/recovered_prompts_20260723/current_dealtech_nested_agents/agents/buyer-side-acquisition-loop-agent/06_examples/recorded_full_pipeline_case/run_output/stages/block_c/provider/C2/attempt_01/returned_citations.json
50	DealTech/recovered_prompts_20260723/current_dealtech_nested_agents/agents/buyer-side-acquisition-loop-agent/06_examples/recorded_full_pipeline_case/run_output/stages/block_c/provider/C2/attempt_01/search_queries.json
74	DealTech/recovered_prompts_20260723/current_dealtech_nested_agents/agents/buyer-side-acquisition-loop-agent/06_examples/recorded_full_pipeline_case/run_output/stages/block_c/provider/C2/attempt_01/tool_calls.json
785	DealTech/recovered_prompts_20260723/current_dealtech_nested_agents/agents/buyer-side-acquisition-loop-agent/06_examples/recorded_full_pipeline_case/run_output/stages/block_c/provider/C2/attempt_01/validation_result.json
3980	DealTech/recovered_prompts_20260723/current_dealtech_nested_agents/agents/buyer-side-acquisition-loop-agent/06_examples/recorded_full_pipeline_case/run_output/stages/block_c/provider/C2/attempt_02/admitted_objects.json
14715	DealTech/recovered_prompts_20260723/current_dealtech_nested_agents/agents/buyer-side-acquisition-loop-agent/06_examples/recorded_full_pipeline_case/run_output/stages/block_c/provider/C2/attempt_02/provider_request.json
6988	DealTech/recovered_prompts_20260723/current_dealtech_nested_agents/agents/buyer-side-acquisition-loop-agent/06_examples/recorded_full_pipeline_case/run_output/stages/block_c/provider/C2/attempt_02/provider_response_raw.json
951	DealTech/recovered_prompts_20260723/current_dealtech_nested_agents/agents/buyer-side-acquisition-loop-agent/06_examples/recorded_full_pipeline_case/run_output/stages/block_c/provider/C2/attempt_02/provider_trace.json
3	DealTech/recovered_prompts_20260723/current_dealtech_nested_agents/agents/buyer-side-acquisition-loop-agent/06_examples/recorded_full_pipeline_case/run_output/stages/block_c/provider/C2/attempt_02/rejected_objects.json
3	DealTech/recovered_prompts_20260723/current_dealtech_nested_agents/agents/buyer-side-acquisition-loop-agent/06_examples/recorded_full_pipeline_case/run_output/stages/block_c/provider/C2/attempt_02/returned_citations.json
55	DealTech/recovered_prompts_20260723/current_dealtech_nested_agents/agents/buyer-side-acquisition-loop-agent/06_examples/recorded_full_pipeline_case/run_output/stages/block_c/provider/C2/attempt_02/search_queries.json
76	DealTech/recovered_prompts_20260723/current_dealtech_nested_agents/agents/buyer-side-acquisition-loop-agent/06_examples/recorded_full_pipeline_case/run_output/stages/block_c/provider/C2/attempt_02/tool_calls.json
785	DealTech/recovered_prompts_20260723/current_dealtech_nested_agents/agents/buyer-side-acquisition-loop-agent/06_examples/recorded_full_pipeline_case/run_output/stages/block_c/provider/C2/attempt_02/validation_result.json
4028	DealTech/recovered_prompts_20260723/current_dealtech_nested_agents/agents/buyer-side-acquisition-loop-agent/06_examples/recorded_full_pipeline_case/run_output/stages/block_c/provider/C3/attempt_01/admitted_objects.json
10147	DealTech/recovered_prompts_20260723/current_dealtech_nested_agents/agents/buyer-side-acquisition-loop-agent/06_examples/recorded_full_pipeline_case/run_output/stages/block_c/provider/C3/attempt_01/provider_request.json
7442	DealTech/recovered_prompts_20260723/current_dealtech_nested_agents/agents/buyer-side-acquisition-loop-agent/06_examples/recorded_full_pipeline_case/run_output/stages/block_c/provider/C3/attempt_01/provider_response_raw.json
966	DealTech/recovered_prompts_20260723/current_dealtech_nested_agents/agents/buyer-side-acquisition-loop-agent/06_examples/recorded_full_pipeline_case/run_output/stages/block_c/provider/C3/attempt_01/provider_trace.json
3	DealTech/recovered_prompts_20260723/current_dealtech_nested_agents/agents/buyer-side-acquisition-loop-agent/06_examples/recorded_full_pipeline_case/run_output/stages/block_c/provider/C3/attempt_01/rejected_objects.json
3	DealTech/recovered_prompts_20260723/current_dealtech_nested_agents/agents/buyer-side-acquisition-loop-agent/06_examples/recorded_full_pipeline_case/run_output/stages/block_c/provider/C3/attempt_01/returned_citations.json
72	DealTech/recovered_prompts_20260723/current_dealtech_nested_agents/agents/buyer-side-acquisition-loop-agent/06_examples/recorded_full_pipeline_case/run_output/stages/block_c/provider/C3/attempt_01/search_queries.json
74	DealTech/recovered_prompts_20260723/current_dealtech_nested_agents/agents/buyer-side-acquisition-loop-agent/06_examples/recorded_full_pipeline_case/run_output/stages/block_c/provider/C3/attempt_01/tool_calls.json
785	DealTech/recovered_prompts_20260723/current_dealtech_nested_agents/agents/buyer-side-acquisition-loop-agent/06_examples/recorded_full_pipeline_case/run_output/stages/block_c/provider/C3/attempt_01/validation_result.json
4062	DealTech/recovered_prompts_20260723/current_dealtech_nested_agents/agents/buyer-side-acquisition-loop-agent/06_examples/recorded_full_pipeline_case/run_output/stages/block_c/provider/C4/attempt_01/admitted_objects.json
12540	DealTech/recovered_prompts_20260723/current_dealtech_nested_agents/agents/buyer-side-acquisition-loop-agent/06_examples/recorded_full_pipeline_case/run_output/stages/block_c/provider/C4/attempt_01/provider_request.json
7419	DealTech/recovered_prompts_20260723/current_dealtech_nested_agents/agents/buyer-side-acquisition-loop-agent/06_examples/recorded_full_pipeline_case/run_output/stages/block_c/provider/C4/attempt_01/provider_response_raw.json
946	DealTech/recovered_prompts_20260723/current_dealtech_nested_agents/agents/buyer-side-acquisition-loop-agent/06_examples/recorded_full_pipeline_case/run_output/stages/block_c/provider/C4/attempt_01/provider_trace.json
3	DealTech/recovered_prompts_20260723/current_dealtech_nested_agents/agents/buyer-side-acquisition-loop-agent/06_examples/recorded_full_pipeline_case/run_output/stages/block_c/provider/C4/attempt_01/rejected_objects.json
3	DealTech/recovered_prompts_20260723/current_dealtech_nested_agents/agents/buyer-side-acquisition-loop-agent/06_examples/recorded_full_pipeline_case/run_output/stages/block_c/provider/C4/attempt_01/returned_citations.json
60	DealTech/recovered_prompts_20260723/current_dealtech_nested_agents/agents/buyer-side-acquisition-loop-agent/06_examples/recorded_full_pipeline_case/run_output/stages/block_c/provider/C4/attempt_01/search_queries.json
66	DealTech/recovered_prompts_20260723/current_dealtech_nested_agents/agents/buyer-side-acquisition-loop-agent/06_examples/recorded_full_pipeline_case/run_output/stages/block_c/provider/C4/attempt_01/tool_calls.json
785	DealTech/recovered_prompts_20260723/current_dealtech_nested_agents/agents/buyer-side-acquisition-loop-agent/06_examples/recorded_full_pipeline_case/run_output/stages/block_c/provider/C4/attempt_01/validation_result.json
3009	DealTech/recovered_prompts_20260723/current_dealtech_nested_agents/agents/buyer-side-acquisition-loop-agent/06_examples/recorded_full_pipeline_case/run_output/stages/block_c/provider/C4/attempt_02/admitted_objects.json
17253	DealTech/recovered_prompts_20260723/current_dealtech_nested_agents/agents/buyer-side-acquisition-loop-agent/06_examples/recorded_full_pipeline_case/run_output/stages/block_c/provider/C4/attempt_02/provider_request.json
7416	DealTech/recovered_prompts_20260723/current_dealtech_nested_agents/agents/buyer-side-acquisition-loop-agent/06_examples/recorded_full_pipeline_case/run_output/stages/block_c/provider/C4/attempt_02/provider_response_raw.json
1186	DealTech/recovered_prompts_20260723/current_dealtech_nested_agents/agents/buyer-side-acquisition-loop-agent/06_examples/recorded_full_pipeline_case/run_output/stages/block_c/provider/C4/attempt_02/provider_trace.json
245	DealTech/recovered_prompts_20260723/current_dealtech_nested_agents/agents/buyer-side-acquisition-loop-agent/06_examples/recorded_full_pipeline_case/run_output/stages/block_c/provider/C4/attempt_02/rejected_objects.json
3	DealTech/recovered_prompts_20260723/current_dealtech_nested_agents/agents/buyer-side-acquisition-loop-agent/06_examples/recorded_full_pipeline_case/run_output/stages/block_c/provider/C4/attempt_02/returned_citations.json
63	DealTech/recovered_prompts_20260723/current_dealtech_nested_agents/agents/buyer-side-acquisition-loop-agent/06_examples/recorded_full_pipeline_case/run_output/stages/block_c/provider/C4/attempt_02/search_queries.json
78	DealTech/recovered_prompts_20260723/current_dealtech_nested_agents/agents/buyer-side-acquisition-loop-agent/06_examples/recorded_full_pipeline_case/run_output/stages/block_c/provider/C4/attempt_02/tool_calls.json
754	DealTech/recovered_prompts_20260723/current_dealtech_nested_agents/agents/buyer-side-acquisition-loop-agent/06_examples/recorded_full_pipeline_case/run_output/stages/block_c/provider/C4/attempt_02/validation_result.json
3867	DealTech/recovered_prompts_20260723/current_dealtech_nested_agents/agents/buyer-side-acquisition-loop-agent/06_examples/recorded_full_pipeline_case/run_output/stages/block_c/provider/C5/attempt_01/admitted_objects.json
13923	DealTech/recovered_prompts_20260723/current_dealtech_nested_agents/agents/buyer-side-acquisition-loop-agent/06_examples/recorded_full_pipeline_case/run_output/stages/block_c/provider/C5/attempt_01/provider_request.json
6014	DealTech/recovered_prompts_20260723/current_dealtech_nested_agents/agents/buyer-side-acquisition-loop-agent/06_examples/recorded_full_pipeline_case/run_output/stages/block_c/provider/C5/attempt_01/provider_response_raw.json
895	DealTech/recovered_prompts_20260723/current_dealtech_nested_agents/agents/buyer-side-acquisition-loop-agent/06_examples/recorded_full_pipeline_case/run_output/stages/block_c/provider/C5/attempt_01/provider_trace.json
3	DealTech/recovered_prompts_20260723/current_dealtech_nested_agents/agents/buyer-side-acquisition-loop-agent/06_examples/recorded_full_pipeline_case/run_output/stages/block_c/provider/C5/attempt_01/rejected_objects.json
3	DealTech/recovered_prompts_20260723/current_dealtech_nested_agents/agents/buyer-side-acquisition-loop-agent/06_examples/recorded_full_pipeline_case/run_output/stages/block_c/provider/C5/attempt_01/returned_citations.json
3	DealTech/recovered_prompts_20260723/current_dealtech_nested_agents/agents/buyer-side-acquisition-loop-agent/06_examples/recorded_full_pipeline_case/run_output/stages/block_c/provider/C5/attempt_01/search_queries.json
76	DealTech/recovered_prompts_20260723/current_dealtech_nested_agents/agents/buyer-side-acquisition-loop-agent/06_examples/recorded_full_pipeline_case/run_output/stages/block_c/provider/C5/attempt_01/tool_calls.json
785	DealTech/recovered_prompts_20260723/current_dealtech_nested_agents/agents/buyer-side-acquisition-loop-agent/06_examples/recorded_full_pipeline_case/run_output/stages/block_c/provider/C5/attempt_01/validation_result.json
3017	DealTech/recovered_prompts_20260723/current_dealtech_nested_agents/agents/buyer-side-acquisition-loop-agent/06_examples/recorded_full_pipeline_case/run_output/stages/block_c/provider/C5/attempt_02/admitted_objects.json
18552	DealTech/recovered_prompts_20260723/current_dealtech_nested_agents/agents/buyer-side-acquisition-loop-agent/06_examples/recorded_full_pipeline_case/run_output/stages/block_c/provider/C5/attempt_02/provider_request.json
6028	DealTech/recovered_prompts_20260723/current_dealtech_nested_agents/agents/buyer-side-acquisition-loop-agent/06_examples/recorded_full_pipeline_case/run_output/stages/block_c/provider/C5/attempt_02/provider_response_raw.json
1126	DealTech/recovered_prompts_20260723/current_dealtech_nested_agents/agents/buyer-side-acquisition-loop-agent/06_examples/recorded_full_pipeline_case/run_output/stages/block_c/provider/C5/attempt_02/provider_trace.json
245	DealTech/recovered_prompts_20260723/current_dealtech_nested_agents/agents/buyer-side-acquisition-loop-agent/06_examples/recorded_full_pipeline_case/run_output/stages/block_c/provider/C5/attempt_02/rejected_objects.json
3	DealTech/recovered_prompts_20260723/current_dealtech_nested_agents/agents/buyer-side-acquisition-loop-agent/06_examples/recorded_full_pipeline_case/run_output/stages/block_c/provider/C5/attempt_02/returned_citations.json
3	DealTech/recovered_prompts_20260723/current_dealtech_nested_agents/agents/buyer-side-acquisition-loop-agent/06_examples/recorded_full_pipeline_case/run_output/stages/block_c/provider/C5/attempt_02/search_queries.json
82	DealTech/recovered_prompts_20260723/current_dealtech_nested_agents/agents/buyer-side-acquisition-loop-agent/06_examples/recorded_full_pipeline_case/run_output/stages/block_c/provider/C5/attempt_02/tool_calls.json
754	DealTech/recovered_prompts_20260723/current_dealtech_nested_agents/agents/buyer-side-acquisition-loop-agent/06_examples/recorded_full_pipeline_case/run_output/stages/block_c/provider/C5/attempt_02/validation_result.json
10338	DealTech/recovered_prompts_20260723/current_dealtech_nested_agents/agents/buyer-side-acquisition-loop-agent/06_examples/recorded_full_pipeline_case/run_output/stages/block_c/reporting/calculation_appendix.md
10259	DealTech/recovered_prompts_20260723/current_dealtech_nested_agents/agents/buyer-side-acquisition-loop-agent/06_examples/recorded_full_pipeline_case/run_output/stages/block_c/reporting/evidence_appendix.md
4186	DealTech/recovered_prompts_20260723/current_dealtech_nested_agents/agents/buyer-side-acquisition-loop-agent/06_examples/recorded_full_pipeline_case/run_output/stages/block_c/reporting/executive_decision_summary.md
63246	DealTech/recovered_prompts_20260723/current_dealtech_nested_agents/agents/buyer-side-acquisition-loop-agent/06_examples/recorded_full_pipeline_case/run_output/stages/block_c/reporting/final_acquisition_strategy_report.md
719	DealTech/recovered_prompts_20260723/current_dealtech_nested_agents/agents/buyer-side-acquisition-loop-agent/06_examples/recorded_full_pipeline_case/run_output/stages/block_c/reporting/final_delivery_certificate.json
1758	DealTech/recovered_prompts_20260723/current_dealtech_nested_agents/agents/buyer-side-acquisition-loop-agent/06_examples/recorded_full_pipeline_case/run_output/stages/block_c/reporting/final_delivery_verification.json
7037	DealTech/recovered_prompts_20260723/current_dealtech_nested_agents/agents/buyer-side-acquisition-loop-agent/06_examples/recorded_full_pipeline_case/run_output/stages/block_c/reporting/human_review_pack.md
45096	DealTech/recovered_prompts_20260723/current_dealtech_nested_agents/agents/buyer-side-acquisition-loop-agent/06_examples/recorded_full_pipeline_case/run_output/stages/block_c/reporting/report_manifest.json
958	DealTech/recovered_prompts_20260723/current_dealtech_nested_agents/agents/buyer-side-acquisition-loop-agent/06_examples/recorded_full_pipeline_case/run_output/stages/block_c/run_summary.json
4295	DealTech/recovered_prompts_20260723/current_dealtech_nested_agents/agents/buyer-side-acquisition-loop-agent/06_examples/recorded_full_pipeline_case/run_output/stages/block_c/state/final_terminal_state.json
4437	DealTech/recovered_prompts_20260723/current_dealtech_nested_agents/agents/buyer-side-acquisition-loop-agent/06_examples/recorded_full_pipeline_case/run_output/stages/block_c/state/terminal_state_history.json
420	DealTech/recovered_prompts_20260723/current_dealtech_nested_agents/agents/buyer-side-acquisition-loop-agent/06_examples/recorded_full_pipeline_case/sample_output/cross_block_consistency_result.json
4435	DealTech/recovered_prompts_20260723/current_dealtech_nested_agents/agents/buyer-side-acquisition-loop-agent/06_examples/recorded_full_pipeline_case/sample_output/decision_state.json
63246	DealTech/recovered_prompts_20260723/current_dealtech_nested_agents/agents/buyer-side-acquisition-loop-agent/06_examples/recorded_full_pipeline_case/sample_output/final_acquisition_strategy_report.md
1758	DealTech/recovered_prompts_20260723/current_dealtech_nested_agents/agents/buyer-side-acquisition-loop-agent/06_examples/recorded_full_pipeline_case/sample_output/final_delivery_verification.json
38277	DealTech/recovered_prompts_20260723/current_dealtech_nested_agents/agents/buyer-side-acquisition-loop-agent/06_examples/recorded_full_pipeline_case/sample_output/gate_a_result.json
14735	DealTech/recovered_prompts_20260723/current_dealtech_nested_agents/agents/buyer-side-acquisition-loop-agent/06_examples/recorded_full_pipeline_case/sample_output/gate_b_result.json
20328	DealTech/recovered_prompts_20260723/current_dealtech_nested_agents/agents/buyer-side-acquisition-loop-agent/06_examples/recorded_full_pipeline_case/sample_output/gate_c_result.json
1821	DealTech/recovered_prompts_20260723/current_dealtech_nested_agents/agents/buyer-side-acquisition-loop-agent/06_examples/recorded_full_pipeline_case/sample_output/run_manifest.json
869	DealTech/recovered_prompts_20260723/current_dealtech_nested_agents/agents/buyer-side-acquisition-loop-agent/06_examples/recorded_full_pipeline_case/sample_output/run_summary.json
35288	DealTech/recovered_prompts_20260723/current_dealtech_nested_agents/agents/buyer-side-acquisition-loop-agent/06_examples/synthetic_complete_acquisition_case/case.yaml
4631	DealTech/recovered_prompts_20260723/current_dealtech_nested_agents/agents/buyer-side-acquisition-loop-agent/06_examples/synthetic_human_only_information_case/case.yaml
1861	DealTech/recovered_prompts_20260723/current_dealtech_nested_agents/agents/buyer-side-acquisition-loop-agent/06_examples/synthetic_human_only_information_case/invalid_unauthorized_response.json
2882	DealTech/recovered_prompts_20260723/current_dealtech_nested_agents/agents/buyer-side-acquisition-loop-agent/06_examples/synthetic_human_only_information_case/valid_human_review_response.json
4291	DealTech/recovered_prompts_20260723/current_dealtech_nested_agents/agents/buyer-side-acquisition-loop-agent/06_examples/synthetic_iteration_budget_case/case.yaml
4722	DealTech/recovered_prompts_20260723/current_dealtech_nested_agents/agents/buyer-side-acquisition-loop-agent/06_examples/synthetic_minimal_loop_case/case.yaml
1042	DealTech/recovered_prompts_20260723/current_dealtech_nested_agents/agents/buyer-side-acquisition-loop-agent/06_examples/synthetic_minimal_loop_case/expected_behavior.md
3551	DealTech/recovered_prompts_20260723/current_dealtech_nested_agents/agents/buyer-side-acquisition-loop-agent/06_examples/synthetic_no_progress_case/case.yaml
5926	DealTech/recovered_prompts_20260723/current_dealtech_nested_agents/agents/buyer-side-acquisition-loop-agent/06_examples/synthetic_repeated_evidence_failure_case/case.yaml
366	DealTech/recovered_prompts_20260723/current_dealtech_nested_agents/agents/buyer-side-acquisition-loop-agent/06_examples/teacher_case_template/attachment_manifest.json
1598	DealTech/recovered_prompts_20260723/current_dealtech_nested_agents/agents/buyer-side-acquisition-loop-agent/06_examples/teacher_case_template/case.yaml
1426	DealTech/recovered_prompts_20260723/current_dealtech_nested_agents/agents/buyer-side-acquisition-loop-agent/CASE_INPUT_GUIDE.md
1365	DealTech/recovered_prompts_20260723/current_dealtech_nested_agents/agents/merger-strategy-agent/03_prompts/merger_case_prompt.md
666	DealTech/recovered_prompts_20260723/current_dealtech_nested_agents/agents/merger-strategy-agent/04_schemas/merger_case_schema.md
282	DealTech/recovered_prompts_20260723/current_dealtech_nested_agents/agents/merger-strategy-agent/05_ER_BRB/ER_BRB_case_result.md
388	DealTech/recovered_prompts_20260723/current_dealtech_nested_agents/agents/merger-strategy-agent/06_PCE/PCE_case_result.md
329	DealTech/recovered_prompts_20260723/current_dealtech_nested_agents/agents/merger-strategy-agent/07_case_studies/README.md
268	DealTech/recovered_prompts_20260723/current_dealtech_nested_agents/agents/merger-strategy-agent/07_case_studies/_framework_only_run/final_output.md
321	DealTech/recovered_prompts_20260723/current_dealtech_nested_agents/agents/merger-strategy-agent/07_case_studies/_framework_only_run/framework_status.json
268	DealTech/recovered_prompts_20260723/current_dealtech_nested_agents/agents/merger-strategy-agent/07_case_studies/_framework_only_run/framework_status.md
2496	DealTech/recovered_prompts_20260723/current_dealtech_nested_agents/agents/shell-company-screening-agent/03_prompts/case_study_generation_prompt.md
1719	DealTech/recovered_prompts_20260723/current_dealtech_nested_agents/agents/shell-company-screening-agent/05_ER_BRB/ER_BRB_case_result.md
1747	DealTech/recovered_prompts_20260723/current_dealtech_nested_agents/agents/shell-company-screening-agent/06_PCE/PCE_case_result.md
5571	DealTech/recovered_prompts_20260723/current_dealtech_nested_agents/agents/shell-company-screening-agent/07_case_studies/case_001_tonton_shell_company_screening/ER_BRB_case_result.md
5571	DealTech/recovered_prompts_20260723/current_dealtech_nested_agents/agents/shell-company-screening-agent/07_case_studies/case_001_tonton_shell_company_screening/ER_BRB_result.md
7141	DealTech/recovered_prompts_20260723/current_dealtech_nested_agents/agents/shell-company-screening-agent/07_case_studies/case_001_tonton_shell_company_screening/PCE_case_result.md
7141	DealTech/recovered_prompts_20260723/current_dealtech_nested_agents/agents/shell-company-screening-agent/07_case_studies/case_001_tonton_shell_company_screening/PCE_result.md
541	DealTech/recovered_prompts_20260723/current_dealtech_nested_agents/agents/shell-company-screening-agent/07_case_studies/case_001_tonton_shell_company_screening/case_brief.md
19332	DealTech/recovered_prompts_20260723/current_dealtech_nested_agents/agents/shell-company-screening-agent/07_case_studies/case_001_tonton_shell_company_screening/certification_result.json
839	DealTech/recovered_prompts_20260723/current_dealtech_nested_agents/agents/shell-company-screening-agent/07_case_studies/case_001_tonton_shell_company_screening/claim_to_evidence_map.csv
1187	DealTech/recovered_prompts_20260723/current_dealtech_nested_agents/agents/shell-company-screening-agent/07_case_studies/case_001_tonton_shell_company_screening/evidence_table.md
594	DealTech/recovered_prompts_20260723/current_dealtech_nested_agents/agents/shell-company-screening-agent/07_case_studies/case_001_tonton_shell_company_screening/final_delivery_certificate.md
1164	DealTech/recovered_prompts_20260723/current_dealtech_nested_agents/agents/shell-company-screening-agent/07_case_studies/case_001_tonton_shell_company_screening/final_output.md
2052	DealTech/recovered_prompts_20260723/current_dealtech_nested_agents/agents/shell-company-screening-agent/07_case_studies/case_001_tonton_shell_company_screening/input_setting.md
340	DealTech/recovered_prompts_20260723/current_dealtech_nested_agents/agents/shell-company-screening-agent/07_case_studies/case_001_tonton_shell_company_screening/limitations.md
16737	DealTech/recovered_prompts_20260723/current_dealtech_nested_agents/agents/shell-company-screening-agent/07_case_studies/case_001_tonton_shell_company_screening/research_trace.md
3804	DealTech/recovered_prompts_20260723/current_dealtech_nested_agents/agents/shell-company-screening-agent/07_case_studies/case_001_tonton_shell_company_screening/scoped_claim_audit_result.md
3364	DealTech/recovered_prompts_20260723/current_dealtech_nested_agents/agents/shell-company-screening-agent/07_case_studies/case_001_tonton_shell_company_screening/scoped_claim_audit_sample.csv
1326	DealTech/recovered_prompts_20260723/current_dealtech_nested_agents/agents/shell-company-screening-agent/07_case_studies/case_001_tonton_shell_company_screening/source_registry.md
11500	DealTech/recovered_prompts_20260723/current_dealtech_nested_agents/agents/shell-company-screening-agent/07_case_studies/case_001_tonton_shell_company_screening/supporting_files/delivery/delivery_manifest.json
10849	DealTech/recovered_prompts_20260723/current_dealtech_nested_agents/agents/shell-company-screening-agent/07_case_studies/case_001_tonton_shell_company_screening/supporting_files/delivery/final_delivery_certificate.md
1281	DealTech/recovered_prompts_20260723/current_dealtech_nested_agents/agents/shell-company-screening-agent/07_case_studies/case_001_tonton_shell_company_screening/supporting_files/delivery/final_delivery_gate.md
1535	DealTech/recovered_prompts_20260723/current_dealtech_nested_agents/agents/shell-company-screening-agent/07_case_studies/case_001_tonton_shell_company_screening/supporting_files/delivery/readiness_result.json
6243	DealTech/recovered_prompts_20260723/current_dealtech_nested_agents/agents/shell-company-screening-agent/07_case_studies/case_001_tonton_shell_company_screening/supporting_files/delivery/top_candidate_dd_review_pack.md
7939	DealTech/recovered_prompts_20260723/current_dealtech_nested_agents/agents/shell-company-screening-agent/07_case_studies/case_001_tonton_shell_company_screening/supporting_files/delivery/tuntun_hk_case_study.md
904	DealTech/recovered_prompts_20260723/current_dealtech_nested_agents/agents/shell-company-screening-agent/07_case_studies/case_001_tonton_shell_company_screening/supporting_files/pce_audit/certification_decision.md
2901	DealTech/recovered_prompts_20260723/current_dealtech_nested_agents/agents/shell-company-screening-agent/07_case_studies/case_001_tonton_shell_company_screening/supporting_files/pce_audit/certification_result.json
196	DealTech/recovered_prompts_20260723/current_dealtech_nested_agents/agents/shell-company-screening-agent/07_case_studies/case_001_tonton_shell_company_screening/supporting_files/pce_audit/final_delivery_gate.md
10825245	DealTech/recovered_prompts_20260723/current_dealtech_nested_agents/agents/shell-company-screening-agent/07_case_studies/case_001_tonton_shell_company_screening/supporting_files/pce_audit/pce_audit_current_run.csv
84443	DealTech/recovered_prompts_20260723/current_dealtech_nested_agents/agents/shell-company-screening-agent/07_case_studies/case_001_tonton_shell_company_screening/supporting_files/pce_audit/pce_audit_current_run.xlsx
3443	DealTech/recovered_prompts_20260723/current_dealtech_nested_agents/agents/shell-company-screening-agent/07_case_studies/case_001_tonton_shell_company_screening/supporting_files/pce_audit/trajectory_certification_report.md
419200	DealTech/recovered_prompts_20260723/current_dealtech_nested_agents/agents/shell-company-screening-agent/07_case_studies/case_001_tonton_shell_company_screening/supporting_files/trace/candidate_universe_table.csv
8293	DealTech/recovered_prompts_20260723/current_dealtech_nested_agents/agents/shell-company-screening-agent/07_case_studies/case_001_tonton_shell_company_screening/supporting_files/trace/certified_research_trace_definition.md
165473	DealTech/recovered_prompts_20260723/current_dealtech_nested_agents/agents/shell-company-screening-agent/07_case_studies/case_001_tonton_shell_company_screening/supporting_files/trace/claim_to_evidence_map.csv
252917	DealTech/recovered_prompts_20260723/current_dealtech_nested_agents/agents/shell-company-screening-agent/07_case_studies/case_001_tonton_shell_company_screening/supporting_files/trace/dd_evidence_table.csv
2202183	DealTech/recovered_prompts_20260723/current_dealtech_nested_agents/agents/shell-company-screening-agent/07_case_studies/case_001_tonton_shell_company_screening/supporting_files/trace/er_brb_scoring_table.csv
516544	DealTech/recovered_prompts_20260723/current_dealtech_nested_agents/agents/shell-company-screening-agent/07_case_studies/case_001_tonton_shell_company_screening/supporting_files/trace/exclusion_reason_table.csv
374753	DealTech/recovered_prompts_20260723/current_dealtech_nested_agents/agents/shell-company-screening-agent/07_case_studies/case_001_tonton_shell_company_screening/supporting_files/trace/financial_calculation_sheet.csv
663377	DealTech/recovered_prompts_20260723/current_dealtech_nested_agents/agents/shell-company-screening-agent/07_case_studies/case_001_tonton_shell_company_screening/supporting_files/trace/hard_filter_table.csv
212	DealTech/recovered_prompts_20260723/current_dealtech_nested_agents/agents/shell-company-screening-agent/07_case_studies/case_001_tonton_shell_company_screening/supporting_files/trace/human_review_checklist.csv
853	DealTech/recovered_prompts_20260723/current_dealtech_nested_agents/agents/shell-company-screening-agent/07_case_studies/case_001_tonton_shell_company_screening/supporting_files/trace/mandate_record.md
549	DealTech/recovered_prompts_20260723/current_dealtech_nested_agents/agents/shell-company-screening-agent/07_case_studies/case_001_tonton_shell_company_screening/supporting_files/trace/retrieval_log.csv
2831399	DealTech/recovered_prompts_20260723/current_dealtech_nested_agents/agents/shell-company-screening-agent/07_case_studies/case_001_tonton_shell_company_screening/supporting_files/trace/risk_matrix.csv
1322	DealTech/recovered_prompts_20260723/current_dealtech_nested_agents/agents/shell-company-screening-agent/07_case_studies/case_001_tonton_shell_company_screening/supporting_files/trace/source_inventory.csv
1765	DealTech/recovered_prompts_20260723/current_dealtech_nested_agents/agents/shell-company-screening-agent/07_case_studies/case_001_tonton_shell_company_screening/supporting_files/trace/workflow_pce_er_brb_map.csv
206	DealTech/recovered_prompts_20260723/current_dealtech_nested_agents/agents/shell-company-screening-agent/src/shell_company_screening_agent/mandate/case_profile.py
1365	DealTech/recovered_prompts_20260723/current_dealtech_nested_agents/agents/spac-target-acquisition-agent/05_ER_BRB/ER_BRB_case_result.md
1655	DealTech/recovered_prompts_20260723/current_dealtech_nested_agents/agents/spac-target-acquisition-agent/06_PCE/PCE_case_result.md
4008	DealTech/recovered_prompts_20260723/current_dealtech_nested_agents/agents/spac-target-acquisition-agent/07_case_studies/case_001_soren_spac_target_acquisition/ER_BRB_case_result.md
4008	DealTech/recovered_prompts_20260723/current_dealtech_nested_agents/agents/spac-target-acquisition-agent/07_case_studies/case_001_soren_spac_target_acquisition/ER_BRB_result.md
3436	DealTech/recovered_prompts_20260723/current_dealtech_nested_agents/agents/spac-target-acquisition-agent/07_case_studies/case_001_soren_spac_target_acquisition/PCE_case_result.md
3436	DealTech/recovered_prompts_20260723/current_dealtech_nested_agents/agents/spac-target-acquisition-agent/07_case_studies/case_001_soren_spac_target_acquisition/PCE_result.md
616	DealTech/recovered_prompts_20260723/current_dealtech_nested_agents/agents/spac-target-acquisition-agent/07_case_studies/case_001_soren_spac_target_acquisition/case_brief.md
15852	DealTech/recovered_prompts_20260723/current_dealtech_nested_agents/agents/spac-target-acquisition-agent/07_case_studies/case_001_soren_spac_target_acquisition/certification_result.json
2086	DealTech/recovered_prompts_20260723/current_dealtech_nested_agents/agents/spac-target-acquisition-agent/07_case_studies/case_001_soren_spac_target_acquisition/claim_to_evidence_map.csv
4315	DealTech/recovered_prompts_20260723/current_dealtech_nested_agents/agents/spac-target-acquisition-agent/07_case_studies/case_001_soren_spac_target_acquisition/evidence_table.md
1734	DealTech/recovered_prompts_20260723/current_dealtech_nested_agents/agents/spac-target-acquisition-agent/07_case_studies/case_001_soren_spac_target_acquisition/final_delivery_certificate.md
2633	DealTech/recovered_prompts_20260723/current_dealtech_nested_agents/agents/spac-target-acquisition-agent/07_case_studies/case_001_soren_spac_target_acquisition/final_output.md
535	DealTech/recovered_prompts_20260723/current_dealtech_nested_agents/agents/spac-target-acquisition-agent/07_case_studies/case_001_soren_spac_target_acquisition/input_setting.md
761	DealTech/recovered_prompts_20260723/current_dealtech_nested_agents/agents/spac-target-acquisition-agent/07_case_studies/case_001_soren_spac_target_acquisition/limitations.md
1928	DealTech/recovered_prompts_20260723/current_dealtech_nested_agents/agents/spac-target-acquisition-agent/07_case_studies/case_001_soren_spac_target_acquisition/research_trace.md
818	DealTech/recovered_prompts_20260723/current_dealtech_nested_agents/agents/spac-target-acquisition-agent/07_case_studies/case_001_soren_spac_target_acquisition/scoped_claim_audit_result.md
2539	DealTech/recovered_prompts_20260723/current_dealtech_nested_agents/agents/spac-target-acquisition-agent/07_case_studies/case_001_soren_spac_target_acquisition/scoped_claim_audit_sample.csv
3396	DealTech/recovered_prompts_20260723/current_dealtech_nested_agents/agents/spac-target-acquisition-agent/07_case_studies/case_001_soren_spac_target_acquisition/source_registry.md
4741	DealTech/recovered_prompts_20260723/current_dealtech_nested_agents/agents/spac-target-acquisition-agent/07_case_studies/case_001_soren_spac_target_acquisition/supporting_files/DD_evidence_table.csv
3008	DealTech/recovered_prompts_20260723/current_dealtech_nested_agents/agents/spac-target-acquisition-agent/07_case_studies/case_001_soren_spac_target_acquisition/supporting_files/ER_BRB_scoring.csv
3989	DealTech/recovered_prompts_20260723/current_dealtech_nested_agents/agents/spac-target-acquisition-agent/07_case_studies/case_001_soren_spac_target_acquisition/supporting_files/PCE_audit.csv
379	DealTech/recovered_prompts_20260723/current_dealtech_nested_agents/agents/spac-target-acquisition-agent/07_case_studies/case_001_soren_spac_target_acquisition/supporting_files/calculation_sheet.csv
5094	DealTech/recovered_prompts_20260723/current_dealtech_nested_agents/agents/spac-target-acquisition-agent/07_case_studies/case_001_soren_spac_target_acquisition/supporting_files/candidate_universe.csv
984	DealTech/recovered_prompts_20260723/current_dealtech_nested_agents/agents/spac-target-acquisition-agent/07_case_studies/case_001_soren_spac_target_acquisition/supporting_files/excluded_candidates.csv
2653	DealTech/recovered_prompts_20260723/current_dealtech_nested_agents/agents/spac-target-acquisition-agent/07_case_studies/case_001_soren_spac_target_acquisition/supporting_files/hard_filter_table.csv
3262	DealTech/recovered_prompts_20260723/current_dealtech_nested_agents/agents/spac-target-acquisition-agent/07_case_studies/case_001_soren_spac_target_acquisition/supporting_files/retained_candidates.csv
2250	DealTech/recovered_prompts_20260723/current_dealtech_nested_agents/agents/spac-target-acquisition-agent/07_case_studies/case_001_soren_spac_target_acquisition/supporting_files/risk_matrix.csv
5421	DealTech/recovered_prompts_20260723/fronthera_case/block_a/case.yaml
8709	DealTech/recovered_prompts_20260723/fronthera_case/block_b/case.yaml
35690	DealTech/recovered_prompts_20260723/fronthera_case/block_c/case.yaml
3870	DealTech/recovered_prompts_20260723/fronthera_case/full_pipeline/case.yaml
487	DealTech/recovered_prompts_20260723/fronthera_case/prompt_manifests/run_output_fronthera_001/stages/block_a/planning/prompt_manifest.json
487	DealTech/recovered_prompts_20260723/fronthera_case/prompt_manifests/run_output_fronthera_002/stages/block_a/planning/prompt_manifest.json
487	DealTech/recovered_prompts_20260723/fronthera_case/prompt_manifests/run_output_fronthera_003/stages/block_a/planning/prompt_manifest.json
487	DealTech/recovered_prompts_20260723/fronthera_case/prompt_manifests/run_output_fronthera_004/stages/block_a/planning/prompt_manifest.json
487	DealTech/recovered_prompts_20260723/fronthera_case/prompt_manifests/run_output_fronthera_005/stages/block_a/planning/prompt_manifest.json
487	DealTech/recovered_prompts_20260723/fronthera_case/prompt_manifests/run_output_fronthera_006/stages/block_a/planning/prompt_manifest.json
487	DealTech/recovered_prompts_20260723/fronthera_case/prompt_manifests/run_output_fronthera_007/stages/block_a/planning/prompt_manifest.json
487	DealTech/recovered_prompts_20260723/fronthera_case/prompt_manifests/run_output_fronthera_008/stages/block_a/planning/prompt_manifest.json
487	DealTech/recovered_prompts_20260723/fronthera_case/prompt_manifests/run_output_fronthera_009/stages/block_a/planning/prompt_manifest.json
2496	DealTech/recovered_prompts_20260723/legacy_sources/certified-shell-company-screening-agent/prompts/case_study_generation_prompt.md
1725	DealTech/recovered_prompts_20260723/previous_unified_repo/agents/acquisition-strategy-agent/05_ER_BRB/ER_BRB_case_result.md
472	DealTech/recovered_prompts_20260723/previous_unified_repo/agents/acquisition-strategy-agent/06_PCE/PCE_case_result.md
4662	DealTech/recovered_prompts_20260723/previous_unified_repo/agents/acquisition-strategy-agent/07_case_studies/case_001_acquisition_strategy/buyer_side/ER_BRB_case_result.md
4662	DealTech/recovered_prompts_20260723/previous_unified_repo/agents/acquisition-strategy-agent/07_case_studies/case_001_acquisition_strategy/buyer_side/ER_BRB_result.md
5027	DealTech/recovered_prompts_20260723/previous_unified_repo/agents/acquisition-strategy-agent/07_case_studies/case_001_acquisition_strategy/buyer_side/PCE_case_result.md
5027	DealTech/recovered_prompts_20260723/previous_unified_repo/agents/acquisition-strategy-agent/07_case_studies/case_001_acquisition_strategy/buyer_side/PCE_result.md
2557	DealTech/recovered_prompts_20260723/previous_unified_repo/agents/acquisition-strategy-agent/07_case_studies/case_001_acquisition_strategy/buyer_side/buyer_side_final_delivery_certificate.md
449	DealTech/recovered_prompts_20260723/previous_unified_repo/agents/acquisition-strategy-agent/07_case_studies/case_001_acquisition_strategy/buyer_side/buyer_side_scoped_claim_audit_result.md
2297	DealTech/recovered_prompts_20260723/previous_unified_repo/agents/acquisition-strategy-agent/07_case_studies/case_001_acquisition_strategy/buyer_side/buyer_side_scoped_claim_audit_sample.csv
20782	DealTech/recovered_prompts_20260723/previous_unified_repo/agents/acquisition-strategy-agent/07_case_studies/case_001_acquisition_strategy/buyer_side/certification_result.json
2699	DealTech/recovered_prompts_20260723/previous_unified_repo/agents/acquisition-strategy-agent/07_case_studies/case_001_acquisition_strategy/buyer_side/claim_to_evidence_map.csv
5855	DealTech/recovered_prompts_20260723/previous_unified_repo/agents/acquisition-strategy-agent/07_case_studies/case_001_acquisition_strategy/buyer_side/evidence_table.md
1522	DealTech/recovered_prompts_20260723/previous_unified_repo/agents/acquisition-strategy-agent/07_case_studies/case_001_acquisition_strategy/buyer_side/final_output.md
358	DealTech/recovered_prompts_20260723/previous_unified_repo/agents/acquisition-strategy-agent/07_case_studies/case_001_acquisition_strategy/buyer_side/input_setting.md
728	DealTech/recovered_prompts_20260723/previous_unified_repo/agents/acquisition-strategy-agent/07_case_studies/case_001_acquisition_strategy/buyer_side/limitations.md
1389	DealTech/recovered_prompts_20260723/previous_unified_repo/agents/acquisition-strategy-agent/07_case_studies/case_001_acquisition_strategy/buyer_side/research_trace.md
4004	DealTech/recovered_prompts_20260723/previous_unified_repo/agents/acquisition-strategy-agent/07_case_studies/case_001_acquisition_strategy/buyer_side/source_registry.md
435	DealTech/recovered_prompts_20260723/previous_unified_repo/agents/acquisition-strategy-agent/07_case_studies/case_001_acquisition_strategy/buyer_side/supporting_files/buyer_profile.md
1433	DealTech/recovered_prompts_20260723/previous_unified_repo/agents/acquisition-strategy-agent/07_case_studies/case_001_acquisition_strategy/buyer_side/supporting_files/buyer_side_ER_BRB_scoring.csv
5150	DealTech/recovered_prompts_20260723/previous_unified_repo/agents/acquisition-strategy-agent/07_case_studies/case_001_acquisition_strategy/buyer_side/supporting_files/buyer_side_PCE_audit.csv
722	DealTech/recovered_prompts_20260723/previous_unified_repo/agents/acquisition-strategy-agent/07_case_studies/case_001_acquisition_strategy/buyer_side/supporting_files/buyer_side_calculation_sheet.csv
1056	DealTech/recovered_prompts_20260723/previous_unified_repo/agents/acquisition-strategy-agent/07_case_studies/case_001_acquisition_strategy/buyer_side/supporting_files/integration_risk_matrix.csv
2498	DealTech/recovered_prompts_20260723/previous_unified_repo/agents/acquisition-strategy-agent/07_case_studies/case_001_acquisition_strategy/buyer_side/supporting_files/strategic_rationale_table.csv
4227	DealTech/recovered_prompts_20260723/previous_unified_repo/agents/acquisition-strategy-agent/07_case_studies/case_001_acquisition_strategy/buyer_side/supporting_files/target_profile.md
3630	DealTech/recovered_prompts_20260723/previous_unified_repo/agents/acquisition-strategy-agent/07_case_studies/case_001_acquisition_strategy/buyer_side/supporting_files/transaction_context.md
531	DealTech/recovered_prompts_20260723/previous_unified_repo/agents/acquisition-strategy-agent/07_case_studies/case_001_acquisition_strategy/case_brief.md
1294	DealTech/recovered_prompts_20260723/previous_unified_repo/agents/acquisition-strategy-agent/07_case_studies/case_001_acquisition_strategy/shared_deal_context.md
2068	DealTech/recovered_prompts_20260723/previous_unified_repo/agents/acquisition-strategy-agent/07_case_studies/case_001_acquisition_strategy/source_replay_plan.md
2118	DealTech/recovered_prompts_20260723/previous_unified_repo/agents/acquisition-strategy-agent/07_case_studies/case_001_acquisition_strategy/target_side/ER_BRB_case_result.md
2118	DealTech/recovered_prompts_20260723/previous_unified_repo/agents/acquisition-strategy-agent/07_case_studies/case_001_acquisition_strategy/target_side/ER_BRB_result.md
2159	DealTech/recovered_prompts_20260723/previous_unified_repo/agents/acquisition-strategy-agent/07_case_studies/case_001_acquisition_strategy/target_side/PCE_case_result.md
2159	DealTech/recovered_prompts_20260723/previous_unified_repo/agents/acquisition-strategy-agent/07_case_studies/case_001_acquisition_strategy/target_side/PCE_result.md
9520	DealTech/recovered_prompts_20260723/previous_unified_repo/agents/acquisition-strategy-agent/07_case_studies/case_001_acquisition_strategy/target_side/certification_result.json
1173	DealTech/recovered_prompts_20260723/previous_unified_repo/agents/acquisition-strategy-agent/07_case_studies/case_001_acquisition_strategy/target_side/claim_to_evidence_map.csv
2283	DealTech/recovered_prompts_20260723/previous_unified_repo/agents/acquisition-strategy-agent/07_case_studies/case_001_acquisition_strategy/target_side/evidence_table.md
1703	DealTech/recovered_prompts_20260723/previous_unified_repo/agents/acquisition-strategy-agent/07_case_studies/case_001_acquisition_strategy/target_side/final_output.md
371	DealTech/recovered_prompts_20260723/previous_unified_repo/agents/acquisition-strategy-agent/07_case_studies/case_001_acquisition_strategy/target_side/input_setting.md
738	DealTech/recovered_prompts_20260723/previous_unified_repo/agents/acquisition-strategy-agent/07_case_studies/case_001_acquisition_strategy/target_side/limitations.md
1329	DealTech/recovered_prompts_20260723/previous_unified_repo/agents/acquisition-strategy-agent/07_case_studies/case_001_acquisition_strategy/target_side/research_trace.md
2371	DealTech/recovered_prompts_20260723/previous_unified_repo/agents/acquisition-strategy-agent/07_case_studies/case_001_acquisition_strategy/target_side/source_registry.md
437	DealTech/recovered_prompts_20260723/previous_unified_repo/agents/acquisition-strategy-agent/07_case_studies/case_001_acquisition_strategy/target_side/supporting_files/offer_attractiveness_matrix.csv
1426	DealTech/recovered_prompts_20260723/previous_unified_repo/agents/acquisition-strategy-agent/07_case_studies/case_001_acquisition_strategy/target_side/supporting_files/strategic_alternatives_table.csv
627	DealTech/recovered_prompts_20260723/previous_unified_repo/agents/acquisition-strategy-agent/07_case_studies/case_001_acquisition_strategy/target_side/supporting_files/target_side_ER_BRB_scoring.csv
2256	DealTech/recovered_prompts_20260723/previous_unified_repo/agents/acquisition-strategy-agent/07_case_studies/case_001_acquisition_strategy/target_side/supporting_files/target_side_PCE_audit.csv
695	DealTech/recovered_prompts_20260723/previous_unified_repo/agents/acquisition-strategy-agent/07_case_studies/case_001_acquisition_strategy/target_side/supporting_files/target_side_calculation_sheet.csv
1008	DealTech/recovered_prompts_20260723/previous_unified_repo/agents/acquisition-strategy-agent/07_case_studies/case_001_acquisition_strategy/target_side/supporting_files/target_side_risk_matrix.csv
339	DealTech/recovered_prompts_20260723/previous_unified_repo/agents/acquisition-strategy-agent/07_case_studies/case_001_acquisition_strategy/target_side/supporting_files/target_standalone_case.md
775	DealTech/recovered_prompts_20260723/previous_unified_repo/agents/acquisition-strategy-agent/07_case_studies/case_001_acquisition_strategy/target_side/supporting_files/target_transaction_context.md
1054	DealTech/recovered_prompts_20260723/previous_unified_repo/agents/acquisition-strategy-agent/07_case_studies/case_001_acquisition_strategy/target_side/target_side_final_delivery_certificate.md
466	DealTech/recovered_prompts_20260723/previous_unified_repo/agents/acquisition-strategy-agent/07_case_studies/case_001_acquisition_strategy/target_side/target_side_scoped_claim_audit_result.md
2170	DealTech/recovered_prompts_20260723/previous_unified_repo/agents/acquisition-strategy-agent/07_case_studies/case_001_acquisition_strategy/target_side/target_side_scoped_claim_audit_sample.csv
1365	DealTech/recovered_prompts_20260723/previous_unified_repo/agents/merger-strategy-agent/03_prompts/merger_case_prompt.md
666	DealTech/recovered_prompts_20260723/previous_unified_repo/agents/merger-strategy-agent/04_schemas/merger_case_schema.md
282	DealTech/recovered_prompts_20260723/previous_unified_repo/agents/merger-strategy-agent/05_ER_BRB/ER_BRB_case_result.md
388	DealTech/recovered_prompts_20260723/previous_unified_repo/agents/merger-strategy-agent/06_PCE/PCE_case_result.md
329	DealTech/recovered_prompts_20260723/previous_unified_repo/agents/merger-strategy-agent/07_case_studies/README.md
268	DealTech/recovered_prompts_20260723/previous_unified_repo/agents/merger-strategy-agent/07_case_studies/_framework_only_run/final_output.md
321	DealTech/recovered_prompts_20260723/previous_unified_repo/agents/merger-strategy-agent/07_case_studies/_framework_only_run/framework_status.json
268	DealTech/recovered_prompts_20260723/previous_unified_repo/agents/merger-strategy-agent/07_case_studies/_framework_only_run/framework_status.md
2496	DealTech/recovered_prompts_20260723/previous_unified_repo/agents/shell-company-screening-agent/03_prompts/case_study_generation_prompt.md
1719	DealTech/recovered_prompts_20260723/previous_unified_repo/agents/shell-company-screening-agent/05_ER_BRB/ER_BRB_case_result.md
1747	DealTech/recovered_prompts_20260723/previous_unified_repo/agents/shell-company-screening-agent/06_PCE/PCE_case_result.md
5571	DealTech/recovered_prompts_20260723/previous_unified_repo/agents/shell-company-screening-agent/07_case_studies/case_001_tonton_shell_company_screening/ER_BRB_case_result.md
5571	DealTech/recovered_prompts_20260723/previous_unified_repo/agents/shell-company-screening-agent/07_case_studies/case_001_tonton_shell_company_screening/ER_BRB_result.md
7141	DealTech/recovered_prompts_20260723/previous_unified_repo/agents/shell-company-screening-agent/07_case_studies/case_001_tonton_shell_company_screening/PCE_case_result.md
7141	DealTech/recovered_prompts_20260723/previous_unified_repo/agents/shell-company-screening-agent/07_case_studies/case_001_tonton_shell_company_screening/PCE_result.md
541	DealTech/recovered_prompts_20260723/previous_unified_repo/agents/shell-company-screening-agent/07_case_studies/case_001_tonton_shell_company_screening/case_brief.md
19332	DealTech/recovered_prompts_20260723/previous_unified_repo/agents/shell-company-screening-agent/07_case_studies/case_001_tonton_shell_company_screening/certification_result.json
839	DealTech/recovered_prompts_20260723/previous_unified_repo/agents/shell-company-screening-agent/07_case_studies/case_001_tonton_shell_company_screening/claim_to_evidence_map.csv
1187	DealTech/recovered_prompts_20260723/previous_unified_repo/agents/shell-company-screening-agent/07_case_studies/case_001_tonton_shell_company_screening/evidence_table.md
594	DealTech/recovered_prompts_20260723/previous_unified_repo/agents/shell-company-screening-agent/07_case_studies/case_001_tonton_shell_company_screening/final_delivery_certificate.md
1164	DealTech/recovered_prompts_20260723/previous_unified_repo/agents/shell-company-screening-agent/07_case_studies/case_001_tonton_shell_company_screening/final_output.md
2052	DealTech/recovered_prompts_20260723/previous_unified_repo/agents/shell-company-screening-agent/07_case_studies/case_001_tonton_shell_company_screening/input_setting.md
340	DealTech/recovered_prompts_20260723/previous_unified_repo/agents/shell-company-screening-agent/07_case_studies/case_001_tonton_shell_company_screening/limitations.md
16737	DealTech/recovered_prompts_20260723/previous_unified_repo/agents/shell-company-screening-agent/07_case_studies/case_001_tonton_shell_company_screening/research_trace.md
3804	DealTech/recovered_prompts_20260723/previous_unified_repo/agents/shell-company-screening-agent/07_case_studies/case_001_tonton_shell_company_screening/scoped_claim_audit_result.md
3364	DealTech/recovered_prompts_20260723/previous_unified_repo/agents/shell-company-screening-agent/07_case_studies/case_001_tonton_shell_company_screening/scoped_claim_audit_sample.csv
1326	DealTech/recovered_prompts_20260723/previous_unified_repo/agents/shell-company-screening-agent/07_case_studies/case_001_tonton_shell_company_screening/source_registry.md
11500	DealTech/recovered_prompts_20260723/previous_unified_repo/agents/shell-company-screening-agent/07_case_studies/case_001_tonton_shell_company_screening/supporting_files/delivery/delivery_manifest.json
10849	DealTech/recovered_prompts_20260723/previous_unified_repo/agents/shell-company-screening-agent/07_case_studies/case_001_tonton_shell_company_screening/supporting_files/delivery/final_delivery_certificate.md
1281	DealTech/recovered_prompts_20260723/previous_unified_repo/agents/shell-company-screening-agent/07_case_studies/case_001_tonton_shell_company_screening/supporting_files/delivery/final_delivery_gate.md
1535	DealTech/recovered_prompts_20260723/previous_unified_repo/agents/shell-company-screening-agent/07_case_studies/case_001_tonton_shell_company_screening/supporting_files/delivery/readiness_result.json
6243	DealTech/recovered_prompts_20260723/previous_unified_repo/agents/shell-company-screening-agent/07_case_studies/case_001_tonton_shell_company_screening/supporting_files/delivery/top_candidate_dd_review_pack.md
7939	DealTech/recovered_prompts_20260723/previous_unified_repo/agents/shell-company-screening-agent/07_case_studies/case_001_tonton_shell_company_screening/supporting_files/delivery/tuntun_hk_case_study.md
904	DealTech/recovered_prompts_20260723/previous_unified_repo/agents/shell-company-screening-agent/07_case_studies/case_001_tonton_shell_company_screening/supporting_files/pce_audit/certification_decision.md
2901	DealTech/recovered_prompts_20260723/previous_unified_repo/agents/shell-company-screening-agent/07_case_studies/case_001_tonton_shell_company_screening/supporting_files/pce_audit/certification_result.json
196	DealTech/recovered_prompts_20260723/previous_unified_repo/agents/shell-company-screening-agent/07_case_studies/case_001_tonton_shell_company_screening/supporting_files/pce_audit/final_delivery_gate.md
10825245	DealTech/recovered_prompts_20260723/previous_unified_repo/agents/shell-company-screening-agent/07_case_studies/case_001_tonton_shell_company_screening/supporting_files/pce_audit/pce_audit_current_run.csv
84443	DealTech/recovered_prompts_20260723/previous_unified_repo/agents/shell-company-screening-agent/07_case_studies/case_001_tonton_shell_company_screening/supporting_files/pce_audit/pce_audit_current_run.xlsx
3443	DealTech/recovered_prompts_20260723/previous_unified_repo/agents/shell-company-screening-agent/07_case_studies/case_001_tonton_shell_company_screening/supporting_files/pce_audit/trajectory_certification_report.md
419200	DealTech/recovered_prompts_20260723/previous_unified_repo/agents/shell-company-screening-agent/07_case_studies/case_001_tonton_shell_company_screening/supporting_files/trace/candidate_universe_table.csv
8293	DealTech/recovered_prompts_20260723/previous_unified_repo/agents/shell-company-screening-agent/07_case_studies/case_001_tonton_shell_company_screening/supporting_files/trace/certified_research_trace_definition.md
165473	DealTech/recovered_prompts_20260723/previous_unified_repo/agents/shell-company-screening-agent/07_case_studies/case_001_tonton_shell_company_screening/supporting_files/trace/claim_to_evidence_map.csv
252917	DealTech/recovered_prompts_20260723/previous_unified_repo/agents/shell-company-screening-agent/07_case_studies/case_001_tonton_shell_company_screening/supporting_files/trace/dd_evidence_table.csv
2202183	DealTech/recovered_prompts_20260723/previous_unified_repo/agents/shell-company-screening-agent/07_case_studies/case_001_tonton_shell_company_screening/supporting_files/trace/er_brb_scoring_table.csv
516544	DealTech/recovered_prompts_20260723/previous_unified_repo/agents/shell-company-screening-agent/07_case_studies/case_001_tonton_shell_company_screening/supporting_files/trace/exclusion_reason_table.csv
374753	DealTech/recovered_prompts_20260723/previous_unified_repo/agents/shell-company-screening-agent/07_case_studies/case_001_tonton_shell_company_screening/supporting_files/trace/financial_calculation_sheet.csv
663377	DealTech/recovered_prompts_20260723/previous_unified_repo/agents/shell-company-screening-agent/07_case_studies/case_001_tonton_shell_company_screening/supporting_files/trace/hard_filter_table.csv
212	DealTech/recovered_prompts_20260723/previous_unified_repo/agents/shell-company-screening-agent/07_case_studies/case_001_tonton_shell_company_screening/supporting_files/trace/human_review_checklist.csv
853	DealTech/recovered_prompts_20260723/previous_unified_repo/agents/shell-company-screening-agent/07_case_studies/case_001_tonton_shell_company_screening/supporting_files/trace/mandate_record.md
549	DealTech/recovered_prompts_20260723/previous_unified_repo/agents/shell-company-screening-agent/07_case_studies/case_001_tonton_shell_company_screening/supporting_files/trace/retrieval_log.csv
2831399	DealTech/recovered_prompts_20260723/previous_unified_repo/agents/shell-company-screening-agent/07_case_studies/case_001_tonton_shell_company_screening/supporting_files/trace/risk_matrix.csv
1322	DealTech/recovered_prompts_20260723/previous_unified_repo/agents/shell-company-screening-agent/07_case_studies/case_001_tonton_shell_company_screening/supporting_files/trace/source_inventory.csv
1765	DealTech/recovered_prompts_20260723/previous_unified_repo/agents/shell-company-screening-agent/07_case_studies/case_001_tonton_shell_company_screening/supporting_files/trace/workflow_pce_er_brb_map.csv
206	DealTech/recovered_prompts_20260723/previous_unified_repo/agents/shell-company-screening-agent/src/shell_company_screening_agent/mandate/case_profile.py
1365	DealTech/recovered_prompts_20260723/previous_unified_repo/agents/spac-target-acquisition-agent/05_ER_BRB/ER_BRB_case_result.md
1655	DealTech/recovered_prompts_20260723/previous_unified_repo/agents/spac-target-acquisition-agent/06_PCE/PCE_case_result.md
4008	DealTech/recovered_prompts_20260723/previous_unified_repo/agents/spac-target-acquisition-agent/07_case_studies/case_001_soren_spac_target_acquisition/ER_BRB_case_result.md
4008	DealTech/recovered_prompts_20260723/previous_unified_repo/agents/spac-target-acquisition-agent/07_case_studies/case_001_soren_spac_target_acquisition/ER_BRB_result.md
3436	DealTech/recovered_prompts_20260723/previous_unified_repo/agents/spac-target-acquisition-agent/07_case_studies/case_001_soren_spac_target_acquisition/PCE_case_result.md
3436	DealTech/recovered_prompts_20260723/previous_unified_repo/agents/spac-target-acquisition-agent/07_case_studies/case_001_soren_spac_target_acquisition/PCE_result.md
616	DealTech/recovered_prompts_20260723/previous_unified_repo/agents/spac-target-acquisition-agent/07_case_studies/case_001_soren_spac_target_acquisition/case_brief.md
15852	DealTech/recovered_prompts_20260723/previous_unified_repo/agents/spac-target-acquisition-agent/07_case_studies/case_001_soren_spac_target_acquisition/certification_result.json
2086	DealTech/recovered_prompts_20260723/previous_unified_repo/agents/spac-target-acquisition-agent/07_case_studies/case_001_soren_spac_target_acquisition/claim_to_evidence_map.csv
4315	DealTech/recovered_prompts_20260723/previous_unified_repo/agents/spac-target-acquisition-agent/07_case_studies/case_001_soren_spac_target_acquisition/evidence_table.md
1734	DealTech/recovered_prompts_20260723/previous_unified_repo/agents/spac-target-acquisition-agent/07_case_studies/case_001_soren_spac_target_acquisition/final_delivery_certificate.md
2633	DealTech/recovered_prompts_20260723/previous_unified_repo/agents/spac-target-acquisition-agent/07_case_studies/case_001_soren_spac_target_acquisition/final_output.md
535	DealTech/recovered_prompts_20260723/previous_unified_repo/agents/spac-target-acquisition-agent/07_case_studies/case_001_soren_spac_target_acquisition/input_setting.md
761	DealTech/recovered_prompts_20260723/previous_unified_repo/agents/spac-target-acquisition-agent/07_case_studies/case_001_soren_spac_target_acquisition/limitations.md
1928	DealTech/recovered_prompts_20260723/previous_unified_repo/agents/spac-target-acquisition-agent/07_case_studies/case_001_soren_spac_target_acquisition/research_trace.md
818	DealTech/recovered_prompts_20260723/previous_unified_repo/agents/spac-target-acquisition-agent/07_case_studies/case_001_soren_spac_target_acquisition/scoped_claim_audit_result.md
2539	DealTech/recovered_prompts_20260723/previous_unified_repo/agents/spac-target-acquisition-agent/07_case_studies/case_001_soren_spac_target_acquisition/scoped_claim_audit_sample.csv
3396	DealTech/recovered_prompts_20260723/previous_unified_repo/agents/spac-target-acquisition-agent/07_case_studies/case_001_soren_spac_target_acquisition/source_registry.md
4741	DealTech/recovered_prompts_20260723/previous_unified_repo/agents/spac-target-acquisition-agent/07_case_studies/case_001_soren_spac_target_acquisition/supporting_files/DD_evidence_table.csv
3008	DealTech/recovered_prompts_20260723/previous_unified_repo/agents/spac-target-acquisition-agent/07_case_studies/case_001_soren_spac_target_acquisition/supporting_files/ER_BRB_scoring.csv
3989	DealTech/recovered_prompts_20260723/previous_unified_repo/agents/spac-target-acquisition-agent/07_case_studies/case_001_soren_spac_target_acquisition/supporting_files/PCE_audit.csv
379	DealTech/recovered_prompts_20260723/previous_unified_repo/agents/spac-target-acquisition-agent/07_case_studies/case_001_soren_spac_target_acquisition/supporting_files/calculation_sheet.csv
5094	DealTech/recovered_prompts_20260723/previous_unified_repo/agents/spac-target-acquisition-agent/07_case_studies/case_001_soren_spac_target_acquisition/supporting_files/candidate_universe.csv
984	DealTech/recovered_prompts_20260723/previous_unified_repo/agents/spac-target-acquisition-agent/07_case_studies/case_001_soren_spac_target_acquisition/supporting_files/excluded_candidates.csv
2653	DealTech/recovered_prompts_20260723/previous_unified_repo/agents/spac-target-acquisition-agent/07_case_studies/case_001_soren_spac_target_acquisition/supporting_files/hard_filter_table.csv
3262	DealTech/recovered_prompts_20260723/previous_unified_repo/agents/spac-target-acquisition-agent/07_case_studies/case_001_soren_spac_target_acquisition/supporting_files/retained_candidates.csv
2250	DealTech/recovered_prompts_20260723/previous_unified_repo/agents/spac-target-acquisition-agent/07_case_studies/case_001_soren_spac_target_acquisition/supporting_files/risk_matrix.csv
13166	DealTech/runs/fronthera_2021_live_sourced/claim_evidence_graph.json
30727	DealTech/runs/fronthera_2021_live_sourced/final_report.md
529	DealTech/runs/fronthera_2021_live_sourced/run_summary.json
18562	DealTech/runs/fronthera_2021_recorded/claim_evidence_graph.json
20247	DealTech/runs/fronthera_2021_recorded/final_report.md
516	DealTech/runs/fronthera_2021_recorded/run_summary.json
17990	DealTech/scripts/build_live_sourced_fronthera.py
2052	HK_Shell_Screening_Agent_v0.1/00_input/legacy_case_input/case_input.md
43391	HK_Shell_Screening_Agent_v0.1/05_final/delivery_pack_2026-05-01/00_Tuntun_HK_Final_Report_Compliant.docx
58775	HK_Shell_Screening_Agent_v0.1/05_final/delivery_pack_2026-05-01/00_Tuntun_HK_Final_Report_Compliant.md
17721	HK_Shell_Screening_Agent_v0.1/05_final/delivery_pack_2026-05-01/01_Tuntun_HK_Stage_Two_Advancement_Report.docx
9763	HK_Shell_Screening_Agent_v0.1/05_final/delivery_pack_2026-05-01/01_Tuntun_HK_Stage_Two_Advancement_Report.md
22791	HK_Shell_Screening_Agent_v0.1/05_final/delivery_pack_2026-05-01/02_Tuntun_HK_Restructuring_Screening_Report_v2.docx
18654	HK_Shell_Screening_Agent_v0.1/05_final/delivery_pack_2026-05-01/02_Tuntun_HK_Restructuring_Screening_Report_v2.md
20119	HK_Shell_Screening_Agent_v0.1/05_final/manuals/shell_company_screening_lab_manual_tuntun_2026.docx
25132	HK_Shell_Screening_Agent_v0.1/05_final/manuals/shell_company_screening_lab_manual_tuntun_2026.html
19308	HK_Shell_Screening_Agent_v0.1/05_final/manuals/shell_company_screening_lab_manual_tuntun_2026.md
432037	HK_Shell_Screening_Agent_v0.1/05_final/manuals/shell_company_screening_lab_manual_tuntun_2026.pdf
16556	HK_Shell_Screening_Agent_v0.1/05_final/manuals/shell_company_screening_manual_tuntun_2026.docx
20024	HK_Shell_Screening_Agent_v0.1/05_final/manuals/shell_company_screening_manual_tuntun_2026.html
11249	HK_Shell_Screening_Agent_v0.1/05_final/manuals/shell_company_screening_manual_tuntun_2026.md
312268	HK_Shell_Screening_Agent_v0.1/05_final/manuals/shell_company_screening_manual_tuntun_2026.pdf
178946	HK_Shell_Screening_Agent_v0.1/05_final/outputs_remaining/tuntun_hk_delivery_pack_2026-05-01.zip
3859	HK_Shell_Screening_Agent_v0.1/05_final/reports/tuntun_hk_delivery_report.md
61513	HK_Shell_Screening_Agent_v0.1/05_final/reports/tuntun_hk_restructuring_screening_report.md
360778	HK_Shell_Screening_Agent_v0.1/05_final/reports/tuntun_hk_restructuring_screening_report.pdf
18654	HK_Shell_Screening_Agent_v0.1/05_final/reports/tuntun_hk_restructuring_screening_report_v2.md
9763	HK_Shell_Screening_Agent_v0.1/05_final/reports/tuntun_hk_stage_two_advancement_report.md
21224	HK_Shell_Screening_Agent_v0.1/05_final/reports/tuntun_hk_top3_dd_assessment.md
2052	HK_Shell_Screening_Agent_v0.1/06_logs/deliverables/clean_workspace/01_case_input/case_input.md
3859	HK_Shell_Screening_Agent_v0.1/06_logs/deliverables/dundun_hk_optimized_2026-05-06/actual_run_result_version/outputs/reports/tuntun_hk_delivery_report.md
61513	HK_Shell_Screening_Agent_v0.1/06_logs/deliverables/dundun_hk_optimized_2026-05-06/actual_run_result_version/outputs/reports/tuntun_hk_restructuring_screening_report.md
21224	HK_Shell_Screening_Agent_v0.1/06_logs/deliverables/dundun_hk_optimized_2026-05-06/actual_run_result_version/outputs/reports/tuntun_hk_top3_dd_assessment.md
2052	HK_Shell_Screening_Agent_v0.1/06_logs/deliverables/dundun_hk_optimized_2026-05-06/clean_template_version/01_case_input/case_input.md
2052	HK_Shell_Screening_Agent_v0.1/06_logs/deliverables/run_result/01_case_input/case_input.md
58775	HK_Shell_Screening_Agent_v0.1/06_logs/deliverables/run_result/outputs/reports/tuntun_hk_restructuring_screening_report.md
966654	HK_Shell_Screening_Agent_v0.1/06_logs/deliverables/run_result/outputs/reports/tuntun_hk_restructuring_screening_report.pdf
18654	HK_Shell_Screening_Agent_v0.1/06_logs/deliverables/run_result/outputs/reports/tuntun_hk_restructuring_screening_report_v2.md
9763	HK_Shell_Screening_Agent_v0.1/06_logs/deliverables/run_result/outputs/reports/tuntun_hk_stage_two_advancement_report.md
228	US_SPAC_Target_Acquisition_Agent_v1/00_input/sec_links/soren_sec_links.csv
1042620	US_SPAC_Target_Acquisition_Agent_v1/02_sources/document_cache/text/soren_424b4.txt
3918922	US_SPAC_Target_Acquisition_Agent_v1/02_sources/raw_documents/sec_filings/spac/soren_424b4.html
39058	US_SPAC_Target_Acquisition_Agent_v1/05_final/preview/soren_initial_target_screening_report_preview.md
22123	US_SPAC_Target_Acquisition_Agent_v1/05_final/reports/soren_initial_target_screening_report.docx
45285	US_SPAC_Target_Acquisition_Agent_v1/05_final/reports/soren_initial_target_screening_report.html
39058	US_SPAC_Target_Acquisition_Agent_v1/05_final/reports/soren_initial_target_screening_report.md
300981	US_SPAC_Target_Acquisition_Agent_v1/05_final/reports/soren_initial_target_screening_report.pdf
11434	acquisition-reports-public/apple_darwinai_buyer_report.md
11113	acquisition-reports-public/apple_darwinai_target_report.md
13525	acquisition-strategy-agent-portable-demo/reports/apple_darwinai_buyer_report.html
11434	acquisition-strategy-agent-portable-demo/reports/apple_darwinai_buyer_report.md
147759	acquisition-strategy-agent-portable-demo/reports/apple_darwinai_buyer_report.pdf
13209	acquisition-strategy-agent-portable-demo/reports/apple_darwinai_target_report.html
11113	acquisition-strategy-agent-portable-demo/reports/apple_darwinai_target_report.md
150344	acquisition-strategy-agent-portable-demo/reports/apple_darwinai_target_report.pdf
13525	acquisition_strategy_agents/reports/apple_darwinai_buyer_report.html
11434	acquisition_strategy_agents/reports/apple_darwinai_buyer_report.md
147759	acquisition_strategy_agents/reports/apple_darwinai_buyer_report.pdf
13209	acquisition_strategy_agents/reports/apple_darwinai_target_report.html
11113	acquisition_strategy_agents/reports/apple_darwinai_target_report.md
150344	acquisition_strategy_agents/reports/apple_darwinai_target_report.pdf
3528	certified-shell-company-screening-agent/examples/tuntun_hk/README.md
323	certified-shell-company-screening-agent/examples/tuntun_hk/case_config.yaml
11500	certified-shell-company-screening-agent/examples/tuntun_hk/delivery/delivery_manifest.json
10849	certified-shell-company-screening-agent/examples/tuntun_hk/delivery/final_delivery_certificate.md
1281	certified-shell-company-screening-agent/examples/tuntun_hk/delivery/final_delivery_gate.md
1535	certified-shell-company-screening-agent/examples/tuntun_hk/delivery/readiness_result.json
6243	certified-shell-company-screening-agent/examples/tuntun_hk/delivery/top_candidate_dd_review_pack.md
7939	certified-shell-company-screening-agent/examples/tuntun_hk/delivery/tuntun_hk_case_study.md
2052	certified-shell-company-screening-agent/examples/tuntun_hk/input/case_input.md
10597	certified-shell-company-screening-agent/examples/tuntun_hk/input/source_map.md
214	certified-shell-company-screening-agent/examples/tuntun_hk/input/transaction_boundary.md
267	certified-shell-company-screening-agent/examples/tuntun_hk/mandate.md
904	certified-shell-company-screening-agent/examples/tuntun_hk/pce_audit/certification_decision.md
2901	certified-shell-company-screening-agent/examples/tuntun_hk/pce_audit/certification_result.json
196	certified-shell-company-screening-agent/examples/tuntun_hk/pce_audit/final_delivery_gate.md
10825245	certified-shell-company-screening-agent/examples/tuntun_hk/pce_audit/pce_audit_current_run.csv
84443	certified-shell-company-screening-agent/examples/tuntun_hk/pce_audit/pce_audit_current_run.xlsx
3443	certified-shell-company-screening-agent/examples/tuntun_hk/pce_audit/trajectory_certification_report.md
1554	certified-shell-company-screening-agent/examples/tuntun_hk/run_records/latest_demo_run/delivery_gate_summary.json
847	certified-shell-company-screening-agent/examples/tuntun_hk/run_records/latest_demo_run/pce_summary.json
14322	certified-shell-company-screening-agent/examples/tuntun_hk/run_records/latest_demo_run/run_record.json
1880	certified-shell-company-screening-agent/examples/tuntun_hk/run_records/latest_demo_run/run_summary.json
1081	certified-shell-company-screening-agent/examples/tuntun_hk/run_records/latest_demo_run/run_summary.md
7128	certified-shell-company-screening-agent/examples/tuntun_hk/run_records/latest_demo_run/trace_manifest.json
1215	certified-shell-company-screening-agent/examples/tuntun_hk/run_records/latest_demo_run/warnings.md
311643	certified-shell-company-screening-agent/examples/tuntun_hk/sample_sources/source_evidence_table.csv
419200	certified-shell-company-screening-agent/examples/tuntun_hk/trace/candidate_universe_table.csv
8293	certified-shell-company-screening-agent/examples/tuntun_hk/trace/certified_research_trace_definition.md
165473	certified-shell-company-screening-agent/examples/tuntun_hk/trace/claim_to_evidence_map.csv
252917	certified-shell-company-screening-agent/examples/tuntun_hk/trace/dd_evidence_table.csv
2202183	certified-shell-company-screening-agent/examples/tuntun_hk/trace/er_brb_scoring_table.csv
516544	certified-shell-company-screening-agent/examples/tuntun_hk/trace/exclusion_reason_table.csv
374753	certified-shell-company-screening-agent/examples/tuntun_hk/trace/financial_calculation_sheet.csv
663377	certified-shell-company-screening-agent/examples/tuntun_hk/trace/hard_filter_table.csv
212	certified-shell-company-screening-agent/examples/tuntun_hk/trace/human_review_checklist.csv
853	certified-shell-company-screening-agent/examples/tuntun_hk/trace/mandate_record.md
549	certified-shell-company-screening-agent/examples/tuntun_hk/trace/retrieval_log.csv
2831399	certified-shell-company-screening-agent/examples/tuntun_hk/trace/risk_matrix.csv
1322	certified-shell-company-screening-agent/examples/tuntun_hk/trace/source_inventory.csv
1765	certified-shell-company-screening-agent/examples/tuntun_hk/trace/workflow_pce_er_brb_map.csv
2496	certified-shell-company-screening-agent/prompts/case_study_generation_prompt.md
76	certified-shell-company-screening-agent/scripts/run_case.py
302	certified-shell-company-screening-agent/scripts/run_tuntun_hk_demo.py
206	certified-shell-company-screening-agent/src/shell_company_screening_agent/mandate/case_profile.py
13550	create_soren_project.py
2052	deliverables/HK_Shell_Screening_Agent_FULL_WORKFLOW_v0.4/01_agent_core/01_case_input/case_input.md
2496	deliverables/HK_Shell_Screening_Agent_FULL_WORKFLOW_v0.4/01_agent_core/02_prompts/case_study_generation_prompt.md
1717	deliverables/HK_Shell_Screening_Agent_FULL_WORKFLOW_v0.4/01_agent_core/06_output_format/case_study_output_format.md
11852	deliverables/HK_Shell_Screening_Agent_FULL_WORKFLOW_v0.4/01_agent_core/scripts/generate_case_study_from_trace.py
0	deliverables/HK_Shell_Screening_Agent_FULL_WORKFLOW_v0.4/02_data_and_run_outputs/outputs/case_studies/.gitkeep
15898	deliverables/HK_Shell_Screening_Agent_FULL_WORKFLOW_v0.4/02_data_and_run_outputs/outputs/case_studies/tuntun_hk_case_study.md
15410	deliverables/HK_Shell_Screening_Agent_FULL_WORKFLOW_v0.4/02_data_and_run_outputs/outputs/reports/tuntun_hk_restructuring_screening_report.md
51	deliverables/HK_Shell_Screening_Agent_FULL_WORKFLOW_v0.4/03_certified_research_trace/run_records/run_case_study_generation/error_log.md
283	deliverables/HK_Shell_Screening_Agent_FULL_WORKFLOW_v0.4/03_certified_research_trace/run_records/run_case_study_generation/next_steps.md
187	deliverables/HK_Shell_Screening_Agent_FULL_WORKFLOW_v0.4/03_certified_research_trace/run_records/run_case_study_generation/run_summary.md
1305	deliverables/HK_Shell_Screening_Agent_FULL_WORKFLOW_v0.4/04_governance_pce_certification/pce_audit_spreadsheet/pce_audit_example_tuntun.csv
15898	deliverables/HK_Shell_Screening_Agent_FULL_WORKFLOW_v0.4/05_execution_delivery/05_tuntun_hk_case_study.md
15898	deliverables/HK_Shell_Screening_Agent_PCE_v0.3.1/03_execution/certified_case_study.md
15898	deliverables/HK_Shell_Screening_Agent_PCE_v0.3/03_execution/certified_case_study.md
13525	deliverables/acquisition-strategy-agent-portable/reports/apple_darwinai_buyer_report.html
11434	deliverables/acquisition-strategy-agent-portable/reports/apple_darwinai_buyer_report.md
147759	deliverables/acquisition-strategy-agent-portable/reports/apple_darwinai_buyer_report.pdf
13209	deliverables/acquisition-strategy-agent-portable/reports/apple_darwinai_target_report.html
11113	deliverables/acquisition-strategy-agent-portable/reports/apple_darwinai_target_report.md
150344	deliverables/acquisition-strategy-agent-portable/reports/apple_darwinai_target_report.pdf
1952	deliverables/certified-shell-company-screening-agent-final-claim-mapped/examples/tuntun_hk/README.md
323	deliverables/certified-shell-company-screening-agent-final-claim-mapped/examples/tuntun_hk/case_config.yaml
11500	deliverables/certified-shell-company-screening-agent-final-claim-mapped/examples/tuntun_hk/delivery/delivery_manifest.json
10849	deliverables/certified-shell-company-screening-agent-final-claim-mapped/examples/tuntun_hk/delivery/final_delivery_certificate.md
1281	deliverables/certified-shell-company-screening-agent-final-claim-mapped/examples/tuntun_hk/delivery/final_delivery_gate.md
1535	deliverables/certified-shell-company-screening-agent-final-claim-mapped/examples/tuntun_hk/delivery/readiness_result.json
6243	deliverables/certified-shell-company-screening-agent-final-claim-mapped/examples/tuntun_hk/delivery/top_candidate_dd_review_pack.md
7939	deliverables/certified-shell-company-screening-agent-final-claim-mapped/examples/tuntun_hk/delivery/tuntun_hk_case_study.md
2052	deliverables/certified-shell-company-screening-agent-final-claim-mapped/examples/tuntun_hk/input/case_input.md
10597	deliverables/certified-shell-company-screening-agent-final-claim-mapped/examples/tuntun_hk/input/source_map.md
214	deliverables/certified-shell-company-screening-agent-final-claim-mapped/examples/tuntun_hk/input/transaction_boundary.md
2052	deliverables/certified-shell-company-screening-agent-final-claim-mapped/examples/tuntun_hk/mandate.md
904	deliverables/certified-shell-company-screening-agent-final-claim-mapped/examples/tuntun_hk/pce_audit/certification_decision.md
2344	deliverables/certified-shell-company-screening-agent-final-claim-mapped/examples/tuntun_hk/pce_audit/certification_result.json
196	deliverables/certified-shell-company-screening-agent-final-claim-mapped/examples/tuntun_hk/pce_audit/final_delivery_gate.md
10825245	deliverables/certified-shell-company-screening-agent-final-claim-mapped/examples/tuntun_hk/pce_audit/pce_audit_current_run.csv
84443	deliverables/certified-shell-company-screening-agent-final-claim-mapped/examples/tuntun_hk/pce_audit/pce_audit_current_run.xlsx
3443	deliverables/certified-shell-company-screening-agent-final-claim-mapped/examples/tuntun_hk/pce_audit/trajectory_certification_report.md
1554	deliverables/certified-shell-company-screening-agent-final-claim-mapped/examples/tuntun_hk/run_records/run_current_demo_20260606_161840/delivery_gate_summary.json
847	deliverables/certified-shell-company-screening-agent-final-claim-mapped/examples/tuntun_hk/run_records/run_current_demo_20260606_161840/pce_summary.json
13725	deliverables/certified-shell-company-screening-agent-final-claim-mapped/examples/tuntun_hk/run_records/run_current_demo_20260606_161840/run_record.json
1880	deliverables/certified-shell-company-screening-agent-final-claim-mapped/examples/tuntun_hk/run_records/run_current_demo_20260606_161840/run_summary.json
1081	deliverables/certified-shell-company-screening-agent-final-claim-mapped/examples/tuntun_hk/run_records/run_current_demo_20260606_161840/run_summary.md
7128	deliverables/certified-shell-company-screening-agent-final-claim-mapped/examples/tuntun_hk/run_records/run_current_demo_20260606_161840/trace_manifest.json
1215	deliverables/certified-shell-company-screening-agent-final-claim-mapped/examples/tuntun_hk/run_records/run_current_demo_20260606_161840/warnings.md
549	deliverables/certified-shell-company-screening-agent-final-claim-mapped/examples/tuntun_hk/sample_sources/retrieval_log.csv
311643	deliverables/certified-shell-company-screening-agent-final-claim-mapped/examples/tuntun_hk/sample_sources/source_evidence_table.csv
1322	deliverables/certified-shell-company-screening-agent-final-claim-mapped/examples/tuntun_hk/sample_sources/source_inventory.csv
419200	deliverables/certified-shell-company-screening-agent-final-claim-mapped/examples/tuntun_hk/trace/candidate_universe_table.csv
8293	deliverables/certified-shell-company-screening-agent-final-claim-mapped/examples/tuntun_hk/trace/certified_research_trace_definition.md
165473	deliverables/certified-shell-company-screening-agent-final-claim-mapped/examples/tuntun_hk/trace/claim_to_evidence_map.csv
252917	deliverables/certified-shell-company-screening-agent-final-claim-mapped/examples/tuntun_hk/trace/dd_evidence_table.csv
2202183	deliverables/certified-shell-company-screening-agent-final-claim-mapped/examples/tuntun_hk/trace/er_brb_scoring_table.csv
516544	deliverables/certified-shell-company-screening-agent-final-claim-mapped/examples/tuntun_hk/trace/exclusion_reason_table.csv
374753	deliverables/certified-shell-company-screening-agent-final-claim-mapped/examples/tuntun_hk/trace/financial_calculation_sheet.csv
663377	deliverables/certified-shell-company-screening-agent-final-claim-mapped/examples/tuntun_hk/trace/hard_filter_table.csv
212	deliverables/certified-shell-company-screening-agent-final-claim-mapped/examples/tuntun_hk/trace/human_review_checklist.csv
853	deliverables/certified-shell-company-screening-agent-final-claim-mapped/examples/tuntun_hk/trace/mandate_record.md
549	deliverables/certified-shell-company-screening-agent-final-claim-mapped/examples/tuntun_hk/trace/retrieval_log.csv
2831399	deliverables/certified-shell-company-screening-agent-final-claim-mapped/examples/tuntun_hk/trace/risk_matrix.csv
1322	deliverables/certified-shell-company-screening-agent-final-claim-mapped/examples/tuntun_hk/trace/source_inventory.csv
1765	deliverables/certified-shell-company-screening-agent-final-claim-mapped/examples/tuntun_hk/trace/workflow_pce_er_brb_map.csv
147	deliverables/certified-shell-company-screening-agent-final-claim-mapped/notebooks/01_tuntun_hk_walkthrough.ipynb
2496	deliverables/certified-shell-company-screening-agent-final-claim-mapped/prompts/case_study_generation_prompt.md
76	deliverables/certified-shell-company-screening-agent-final-claim-mapped/scripts/run_case.py
302	deliverables/certified-shell-company-screening-agent-final-claim-mapped/scripts/run_tuntun_hk_demo.py
206	deliverables/certified-shell-company-screening-agent-final-claim-mapped/src/shell_company_screening_agent/mandate/case_profile.py
2672	deliverables/certified-shell-company-screening-agent-final-doc-synced/examples/tuntun_hk/README.md
323	deliverables/certified-shell-company-screening-agent-final-doc-synced/examples/tuntun_hk/case_config.yaml
11500	deliverables/certified-shell-company-screening-agent-final-doc-synced/examples/tuntun_hk/delivery/delivery_manifest.json
10849	deliverables/certified-shell-company-screening-agent-final-doc-synced/examples/tuntun_hk/delivery/final_delivery_certificate.md
1497	deliverables/certified-shell-company-screening-agent-final-doc-synced/examples/tuntun_hk/delivery/final_delivery_gate.md
1535	deliverables/certified-shell-company-screening-agent-final-doc-synced/examples/tuntun_hk/delivery/readiness_result.json
6243	deliverables/certified-shell-company-screening-agent-final-doc-synced/examples/tuntun_hk/delivery/top_candidate_dd_review_pack.md
7939	deliverables/certified-shell-company-screening-agent-final-doc-synced/examples/tuntun_hk/delivery/tuntun_hk_case_study.md
2052	deliverables/certified-shell-company-screening-agent-final-doc-synced/examples/tuntun_hk/input/case_input.md
10597	deliverables/certified-shell-company-screening-agent-final-doc-synced/examples/tuntun_hk/input/source_map.md
214	deliverables/certified-shell-company-screening-agent-final-doc-synced/examples/tuntun_hk/input/transaction_boundary.md
2052	deliverables/certified-shell-company-screening-agent-final-doc-synced/examples/tuntun_hk/mandate.md
904	deliverables/certified-shell-company-screening-agent-final-doc-synced/examples/tuntun_hk/pce_audit/certification_decision.md
2344	deliverables/certified-shell-company-screening-agent-final-doc-synced/examples/tuntun_hk/pce_audit/certification_result.json
196	deliverables/certified-shell-company-screening-agent-final-doc-synced/examples/tuntun_hk/pce_audit/final_delivery_gate.md
10825245	deliverables/certified-shell-company-screening-agent-final-doc-synced/examples/tuntun_hk/pce_audit/pce_audit_current_run.csv
84443	deliverables/certified-shell-company-screening-agent-final-doc-synced/examples/tuntun_hk/pce_audit/pce_audit_current_run.xlsx
3443	deliverables/certified-shell-company-screening-agent-final-doc-synced/examples/tuntun_hk/pce_audit/trajectory_certification_report.md
1554	deliverables/certified-shell-company-screening-agent-final-doc-synced/examples/tuntun_hk/run_records/run_current_demo_20260606_161840/delivery_gate_summary.json
847	deliverables/certified-shell-company-screening-agent-final-doc-synced/examples/tuntun_hk/run_records/run_current_demo_20260606_161840/pce_summary.json
13725	deliverables/certified-shell-company-screening-agent-final-doc-synced/examples/tuntun_hk/run_records/run_current_demo_20260606_161840/run_record.json
1880	deliverables/certified-shell-company-screening-agent-final-doc-synced/examples/tuntun_hk/run_records/run_current_demo_20260606_161840/run_summary.json
1081	deliverables/certified-shell-company-screening-agent-final-doc-synced/examples/tuntun_hk/run_records/run_current_demo_20260606_161840/run_summary.md
7128	deliverables/certified-shell-company-screening-agent-final-doc-synced/examples/tuntun_hk/run_records/run_current_demo_20260606_161840/trace_manifest.json
1215	deliverables/certified-shell-company-screening-agent-final-doc-synced/examples/tuntun_hk/run_records/run_current_demo_20260606_161840/warnings.md
1554	deliverables/certified-shell-company-screening-agent-final-doc-synced/examples/tuntun_hk/run_records/run_current_demo_20260607_175146/delivery_gate_summary.json
847	deliverables/certified-shell-company-screening-agent-final-doc-synced/examples/tuntun_hk/run_records/run_current_demo_20260607_175146/pce_summary.json
14069	deliverables/certified-shell-company-screening-agent-final-doc-synced/examples/tuntun_hk/run_records/run_current_demo_20260607_175146/run_record.json
1880	deliverables/certified-shell-company-screening-agent-final-doc-synced/examples/tuntun_hk/run_records/run_current_demo_20260607_175146/run_summary.json
1081	deliverables/certified-shell-company-screening-agent-final-doc-synced/examples/tuntun_hk/run_records/run_current_demo_20260607_175146/run_summary.md
7128	deliverables/certified-shell-company-screening-agent-final-doc-synced/examples/tuntun_hk/run_records/run_current_demo_20260607_175146/trace_manifest.json
1215	deliverables/certified-shell-company-screening-agent-final-doc-synced/examples/tuntun_hk/run_records/run_current_demo_20260607_175146/warnings.md
119	deliverables/certified-shell-company-screening-agent-final-doc-synced/examples/tuntun_hk/run_records/run_replay_trace_calculations/replay_result.json
549	deliverables/certified-shell-company-screening-agent-final-doc-synced/examples/tuntun_hk/sample_sources/retrieval_log.csv
311643	deliverables/certified-shell-company-screening-agent-final-doc-synced/examples/tuntun_hk/sample_sources/source_evidence_table.csv
1322	deliverables/certified-shell-company-screening-agent-final-doc-synced/examples/tuntun_hk/sample_sources/source_inventory.csv
419200	deliverables/certified-shell-company-screening-agent-final-doc-synced/examples/tuntun_hk/trace/candidate_universe_table.csv
8293	deliverables/certified-shell-company-screening-agent-final-doc-synced/examples/tuntun_hk/trace/certified_research_trace_definition.md
165473	deliverables/certified-shell-company-screening-agent-final-doc-synced/examples/tuntun_hk/trace/claim_to_evidence_map.csv
252917	deliverables/certified-shell-company-screening-agent-final-doc-synced/examples/tuntun_hk/trace/dd_evidence_table.csv
2202183	deliverables/certified-shell-company-screening-agent-final-doc-synced/examples/tuntun_hk/trace/er_brb_scoring_table.csv
516544	deliverables/certified-shell-company-screening-agent-final-doc-synced/examples/tuntun_hk/trace/exclusion_reason_table.csv
374753	deliverables/certified-shell-company-screening-agent-final-doc-synced/examples/tuntun_hk/trace/financial_calculation_sheet.csv
663377	deliverables/certified-shell-company-screening-agent-final-doc-synced/examples/tuntun_hk/trace/hard_filter_table.csv
212	deliverables/certified-shell-company-screening-agent-final-doc-synced/examples/tuntun_hk/trace/human_review_checklist.csv
853	deliverables/certified-shell-company-screening-agent-final-doc-synced/examples/tuntun_hk/trace/mandate_record.md
549	deliverables/certified-shell-company-screening-agent-final-doc-synced/examples/tuntun_hk/trace/retrieval_log.csv
2831399	deliverables/certified-shell-company-screening-agent-final-doc-synced/examples/tuntun_hk/trace/risk_matrix.csv
1322	deliverables/certified-shell-company-screening-agent-final-doc-synced/examples/tuntun_hk/trace/source_inventory.csv
1765	deliverables/certified-shell-company-screening-agent-final-doc-synced/examples/tuntun_hk/trace/workflow_pce_er_brb_map.csv
147	deliverables/certified-shell-company-screening-agent-final-doc-synced/notebooks/01_tuntun_hk_walkthrough.ipynb
2496	deliverables/certified-shell-company-screening-agent-final-doc-synced/prompts/case_study_generation_prompt.md
76	deliverables/certified-shell-company-screening-agent-final-doc-synced/scripts/run_case.py
302	deliverables/certified-shell-company-screening-agent-final-doc-synced/scripts/run_tuntun_hk_demo.py
206	deliverables/certified-shell-company-screening-agent-final-doc-synced/src/shell_company_screening_agent/mandate/case_profile.py
1418	deliverables/certified-shell-company-screening-agent-v1.1-clean-repo/examples/tuntun_hk/README.md
323	deliverables/certified-shell-company-screening-agent-v1.1-clean-repo/examples/tuntun_hk/case_config.yaml
5834	deliverables/certified-shell-company-screening-agent-v1.1-clean-repo/examples/tuntun_hk/delivery/delivery_manifest.json
832	deliverables/certified-shell-company-screening-agent-v1.1-clean-repo/examples/tuntun_hk/delivery/final_delivery_certificate.md
759	deliverables/certified-shell-company-screening-agent-v1.1-clean-repo/examples/tuntun_hk/delivery/readiness_result.json
9303	deliverables/certified-shell-company-screening-agent-v1.1-clean-repo/examples/tuntun_hk/delivery/top_candidate_dd_review_pack.md
16138	deliverables/certified-shell-company-screening-agent-v1.1-clean-repo/examples/tuntun_hk/delivery/tuntun_hk_case_study.md
2052	deliverables/certified-shell-company-screening-agent-v1.1-clean-repo/examples/tuntun_hk/input/case_input.md
10597	deliverables/certified-shell-company-screening-agent-v1.1-clean-repo/examples/tuntun_hk/input/source_map.md
214	deliverables/certified-shell-company-screening-agent-v1.1-clean-repo/examples/tuntun_hk/input/transaction_boundary.md
2052	deliverables/certified-shell-company-screening-agent-v1.1-clean-repo/examples/tuntun_hk/mandate.md
904	deliverables/certified-shell-company-screening-agent-v1.1-clean-repo/examples/tuntun_hk/pce_audit/certification_decision.md
1568	deliverables/certified-shell-company-screening-agent-v1.1-clean-repo/examples/tuntun_hk/pce_audit/certification_result.json
196	deliverables/certified-shell-company-screening-agent-v1.1-clean-repo/examples/tuntun_hk/pce_audit/final_delivery_gate.md
10825245	deliverables/certified-shell-company-screening-agent-v1.1-clean-repo/examples/tuntun_hk/pce_audit/pce_audit_current_run.csv
84443	deliverables/certified-shell-company-screening-agent-v1.1-clean-repo/examples/tuntun_hk/pce_audit/pce_audit_current_run.xlsx
3443	deliverables/certified-shell-company-screening-agent-v1.1-clean-repo/examples/tuntun_hk/pce_audit/trajectory_certification_report.md
7844	deliverables/certified-shell-company-screening-agent-v1.1-clean-repo/examples/tuntun_hk/run_records/run_current_demo_20260606_141242/run_record.json
624	deliverables/certified-shell-company-screening-agent-v1.1-clean-repo/examples/tuntun_hk/run_records/run_current_demo_20260606_141242/run_summary.md
549	deliverables/certified-shell-company-screening-agent-v1.1-clean-repo/examples/tuntun_hk/sample_sources/retrieval_log.csv
311643	deliverables/certified-shell-company-screening-agent-v1.1-clean-repo/examples/tuntun_hk/sample_sources/source_evidence_table.csv
1322	deliverables/certified-shell-company-screening-agent-v1.1-clean-repo/examples/tuntun_hk/sample_sources/source_inventory.csv
419200	deliverables/certified-shell-company-screening-agent-v1.1-clean-repo/examples/tuntun_hk/trace/candidate_universe_table.csv
8293	deliverables/certified-shell-company-screening-agent-v1.1-clean-repo/examples/tuntun_hk/trace/certified_research_trace_definition.md
165473	deliverables/certified-shell-company-screening-agent-v1.1-clean-repo/examples/tuntun_hk/trace/claim_to_evidence_map.csv
252917	deliverables/certified-shell-company-screening-agent-v1.1-clean-repo/examples/tuntun_hk/trace/dd_evidence_table.csv
2202183	deliverables/certified-shell-company-screening-agent-v1.1-clean-repo/examples/tuntun_hk/trace/er_brb_scoring_table.csv
516544	deliverables/certified-shell-company-screening-agent-v1.1-clean-repo/examples/tuntun_hk/trace/exclusion_reason_table.csv
374753	deliverables/certified-shell-company-screening-agent-v1.1-clean-repo/examples/tuntun_hk/trace/financial_calculation_sheet.csv
663377	deliverables/certified-shell-company-screening-agent-v1.1-clean-repo/examples/tuntun_hk/trace/hard_filter_table.csv
212	deliverables/certified-shell-company-screening-agent-v1.1-clean-repo/examples/tuntun_hk/trace/human_review_checklist.csv
853	deliverables/certified-shell-company-screening-agent-v1.1-clean-repo/examples/tuntun_hk/trace/mandate_record.md
549	deliverables/certified-shell-company-screening-agent-v1.1-clean-repo/examples/tuntun_hk/trace/retrieval_log.csv
2831399	deliverables/certified-shell-company-screening-agent-v1.1-clean-repo/examples/tuntun_hk/trace/risk_matrix.csv
1322	deliverables/certified-shell-company-screening-agent-v1.1-clean-repo/examples/tuntun_hk/trace/source_inventory.csv
1765	deliverables/certified-shell-company-screening-agent-v1.1-clean-repo/examples/tuntun_hk/trace/workflow_pce_er_brb_map.csv
147	deliverables/certified-shell-company-screening-agent-v1.1-clean-repo/notebooks/01_tuntun_hk_walkthrough.ipynb
2496	deliverables/certified-shell-company-screening-agent-v1.1-clean-repo/prompts/case_study_generation_prompt.md
76	deliverables/certified-shell-company-screening-agent-v1.1-clean-repo/scripts/run_case.py
302	deliverables/certified-shell-company-screening-agent-v1.1-clean-repo/scripts/run_tuntun_hk_demo.py
206	deliverables/certified-shell-company-screening-agent-v1.1-clean-repo/src/shell_company_screening_agent/mandate/case_profile.py
1952	deliverables/certified-shell-company-screening-agent-v1.2-clean-repo/examples/tuntun_hk/README.md
323	deliverables/certified-shell-company-screening-agent-v1.2-clean-repo/examples/tuntun_hk/case_config.yaml
10630	deliverables/certified-shell-company-screening-agent-v1.2-clean-repo/examples/tuntun_hk/delivery/delivery_manifest.json
832	deliverables/certified-shell-company-screening-agent-v1.2-clean-repo/examples/tuntun_hk/delivery/final_delivery_certificate.md
670	deliverables/certified-shell-company-screening-agent-v1.2-clean-repo/examples/tuntun_hk/delivery/final_delivery_gate.md
759	deliverables/certified-shell-company-screening-agent-v1.2-clean-repo/examples/tuntun_hk/delivery/readiness_result.json
9303	deliverables/certified-shell-company-screening-agent-v1.2-clean-repo/examples/tuntun_hk/delivery/top_candidate_dd_review_pack.md
16138	deliverables/certified-shell-company-screening-agent-v1.2-clean-repo/examples/tuntun_hk/delivery/tuntun_hk_case_study.md
2052	deliverables/certified-shell-company-screening-agent-v1.2-clean-repo/examples/tuntun_hk/input/case_input.md
10597	deliverables/certified-shell-company-screening-agent-v1.2-clean-repo/examples/tuntun_hk/input/source_map.md
214	deliverables/certified-shell-company-screening-agent-v1.2-clean-repo/examples/tuntun_hk/input/transaction_boundary.md
2052	deliverables/certified-shell-company-screening-agent-v1.2-clean-repo/examples/tuntun_hk/mandate.md
904	deliverables/certified-shell-company-screening-agent-v1.2-clean-repo/examples/tuntun_hk/pce_audit/certification_decision.md
1568	deliverables/certified-shell-company-screening-agent-v1.2-clean-repo/examples/tuntun_hk/pce_audit/certification_result.json
196	deliverables/certified-shell-company-screening-agent-v1.2-clean-repo/examples/tuntun_hk/pce_audit/final_delivery_gate.md
10825245	deliverables/certified-shell-company-screening-agent-v1.2-clean-repo/examples/tuntun_hk/pce_audit/pce_audit_current_run.csv
84443	deliverables/certified-shell-company-screening-agent-v1.2-clean-repo/examples/tuntun_hk/pce_audit/pce_audit_current_run.xlsx
3443	deliverables/certified-shell-company-screening-agent-v1.2-clean-repo/examples/tuntun_hk/pce_audit/trajectory_certification_report.md
778	deliverables/certified-shell-company-screening-agent-v1.2-clean-repo/examples/tuntun_hk/run_records/run_current_demo_20260606_155837/delivery_gate_summary.json
1029	deliverables/certified-shell-company-screening-agent-v1.2-clean-repo/examples/tuntun_hk/run_records/run_current_demo_20260606_155837/pce_summary.json
12853	deliverables/certified-shell-company-screening-agent-v1.2-clean-repo/examples/tuntun_hk/run_records/run_current_demo_20260606_155837/run_record.json
1878	deliverables/certified-shell-company-screening-agent-v1.2-clean-repo/examples/tuntun_hk/run_records/run_current_demo_20260606_155837/run_summary.json
1079	deliverables/certified-shell-company-screening-agent-v1.2-clean-repo/examples/tuntun_hk/run_records/run_current_demo_20260606_155837/run_summary.md
7128	deliverables/certified-shell-company-screening-agent-v1.2-clean-repo/examples/tuntun_hk/run_records/run_current_demo_20260606_155837/trace_manifest.json
1383	deliverables/certified-shell-company-screening-agent-v1.2-clean-repo/examples/tuntun_hk/run_records/run_current_demo_20260606_155837/warnings.md
549	deliverables/certified-shell-company-screening-agent-v1.2-clean-repo/examples/tuntun_hk/sample_sources/retrieval_log.csv
311643	deliverables/certified-shell-company-screening-agent-v1.2-clean-repo/examples/tuntun_hk/sample_sources/source_evidence_table.csv
1322	deliverables/certified-shell-company-screening-agent-v1.2-clean-repo/examples/tuntun_hk/sample_sources/source_inventory.csv
419200	deliverables/certified-shell-company-screening-agent-v1.2-clean-repo/examples/tuntun_hk/trace/candidate_universe_table.csv
8293	deliverables/certified-shell-company-screening-agent-v1.2-clean-repo/examples/tuntun_hk/trace/certified_research_trace_definition.md
165473	deliverables/certified-shell-company-screening-agent-v1.2-clean-repo/examples/tuntun_hk/trace/claim_to_evidence_map.csv
252917	deliverables/certified-shell-company-screening-agent-v1.2-clean-repo/examples/tuntun_hk/trace/dd_evidence_table.csv
2202183	deliverables/certified-shell-company-screening-agent-v1.2-clean-repo/examples/tuntun_hk/trace/er_brb_scoring_table.csv
516544	deliverables/certified-shell-company-screening-agent-v1.2-clean-repo/examples/tuntun_hk/trace/exclusion_reason_table.csv
374753	deliverables/certified-shell-company-screening-agent-v1.2-clean-repo/examples/tuntun_hk/trace/financial_calculation_sheet.csv
663377	deliverables/certified-shell-company-screening-agent-v1.2-clean-repo/examples/tuntun_hk/trace/hard_filter_table.csv
212	deliverables/certified-shell-company-screening-agent-v1.2-clean-repo/examples/tuntun_hk/trace/human_review_checklist.csv
853	deliverables/certified-shell-company-screening-agent-v1.2-clean-repo/examples/tuntun_hk/trace/mandate_record.md
549	deliverables/certified-shell-company-screening-agent-v1.2-clean-repo/examples/tuntun_hk/trace/retrieval_log.csv
2831399	deliverables/certified-shell-company-screening-agent-v1.2-clean-repo/examples/tuntun_hk/trace/risk_matrix.csv
1322	deliverables/certified-shell-company-screening-agent-v1.2-clean-repo/examples/tuntun_hk/trace/source_inventory.csv
1765	deliverables/certified-shell-company-screening-agent-v1.2-clean-repo/examples/tuntun_hk/trace/workflow_pce_er_brb_map.csv
147	deliverables/certified-shell-company-screening-agent-v1.2-clean-repo/notebooks/01_tuntun_hk_walkthrough.ipynb
2496	deliverables/certified-shell-company-screening-agent-v1.2-clean-repo/prompts/case_study_generation_prompt.md
76	deliverables/certified-shell-company-screening-agent-v1.2-clean-repo/scripts/run_case.py
302	deliverables/certified-shell-company-screening-agent-v1.2-clean-repo/scripts/run_tuntun_hk_demo.py
206	deliverables/certified-shell-company-screening-agent-v1.2-clean-repo/src/shell_company_screening_agent/mandate/case_profile.py
2797026	deliverables/soren-spac-target-screening-demo.zip
922	deliverables/soren-spac-target-screening-demo/README.md
4068	deliverables/soren-spac-target-screening-demo/app.js
3126	deliverables/soren-spac-target-screening-demo/assets/soren-flowchart-placeholder.svg
914304	deliverables/soren-spac-target-screening-demo/assets/soren-flowchart-source.jpg
1639708	deliverables/soren-spac-target-screening-demo/assets/soren-flowchart.png
28548	deliverables/soren-spac-target-screening-demo/index.html
1743	deliverables/soren-spac-target-screening-demo/reports/report.css
22123	deliverables/soren-spac-target-screening-demo/reports/soren_initial_target_screening_report.docx
45285	deliverables/soren-spac-target-screening-demo/reports/soren_initial_target_screening_report.html
39058	deliverables/soren-spac-target-screening-demo/reports/soren_initial_target_screening_report.md
300981	deliverables/soren-spac-target-screening-demo/reports/soren_initial_target_screening_report.pdf
153	deliverables/soren-spac-target-screening-demo/run-linux.sh
268	deliverables/soren-spac-target-screening-demo/run-mac.command
142	deliverables/soren-spac-target-screening-demo/run-windows.bat
1380	deliverables/soren-spac-target-screening-demo/server.py
5587	deliverables/soren-spac-target-screening-demo/styles.css
36168	generate_soren_outputs.py
2052	inbound/clean_template_version_20260525/clean_template_version/01_case_input/case_input.md
2496	inbound/clean_template_version_20260525/clean_template_version/02_prompts/case_study_generation_prompt.md
1717	inbound/clean_template_version_20260525/clean_template_version/06_output_format/case_study_output_format.md
51	inbound/clean_template_version_20260525/clean_template_version/certified_research_trace/run_records/run_case_study_generation/error_log.md
283	inbound/clean_template_version_20260525/clean_template_version/certified_research_trace/run_records/run_case_study_generation/next_steps.md
187	inbound/clean_template_version_20260525/clean_template_version/certified_research_trace/run_records/run_case_study_generation/run_summary.md
15898	inbound/clean_template_version_20260525/clean_template_version/deliverables/HK_Shell_Screening_Agent_v0.2_CERTIFIED_DELIVERY_PACKAGE/05_tuntun_hk_case_study.md
0	inbound/clean_template_version_20260525/clean_template_version/outputs/case_studies/.gitkeep
15898	inbound/clean_template_version_20260525/clean_template_version/outputs/case_studies/tuntun_hk_case_study.md
15410	inbound/clean_template_version_20260525/clean_template_version/outputs/reports/tuntun_hk_restructuring_screening_report.md
1305	inbound/clean_template_version_20260525/clean_template_version/pce_audit_spreadsheet/pce_audit_example_tuntun.csv
11852	inbound/clean_template_version_20260525/clean_template_version/scripts/generate_case_study_from_trace.py
0	soren-spac-target-screening-demo/.nojekyll
922	soren-spac-target-screening-demo/README.md
4068	soren-spac-target-screening-demo/app.js
3126	soren-spac-target-screening-demo/assets/soren-flowchart-placeholder.svg
914304	soren-spac-target-screening-demo/assets/soren-flowchart-source.jpg
1639708	soren-spac-target-screening-demo/assets/soren-flowchart.png
28548	soren-spac-target-screening-demo/index.html
1743	soren-spac-target-screening-demo/reports/report.css
22123	soren-spac-target-screening-demo/reports/soren_initial_target_screening_report.docx
45285	soren-spac-target-screening-demo/reports/soren_initial_target_screening_report.html
39058	soren-spac-target-screening-demo/reports/soren_initial_target_screening_report.md
300981	soren-spac-target-screening-demo/reports/soren_initial_target_screening_report.pdf
153	soren-spac-target-screening-demo/run-linux.sh
268	soren-spac-target-screening-demo/run-mac.command
142	soren-spac-target-screening-demo/run-windows.bat
1380	soren-spac-target-screening-demo/server.py
5587	soren-spac-target-screening-demo/styles.css
